phase,case,label,cycle,capacity_Ah,capacity_retention,resistance_Ohm,expansion_um,expansion_SEI_um,expansion_plating_um,expansion_LAMn_um,nLi_mol,Cp_Ah,Cn_Ah,delta_SEI_m,delta_pl_m,eps_n,eps_p
second_life,nominal,Nominal,0.0,4.451173304721828,1.0,0.011965064837431925,48.51272570718261,14.457394060807907,21.12576703109742,12.92956461527729,0.17301961107654837,5.526933335243084,5.233807663519556,2.6546325004696767e-08,4.381526340964325e-08,0.5344855785911435,0.4243643949691191
second_life,nominal,Nominal,1.0,4.44515234973554,0.9986473330571288,0.012014720255824046,49.57864357698551,14.572352808600305,21.91285331728394,13.093437451101266,0.17279206199529912,5.52520455059431,5.229930217353394,2.675740953820221e-08,4.4624015692124344e-08,0.534089607017327,0.4242316568651817
second_life,nominal,Nominal,2.0,4.439104126151453,0.997288539954719,0.012064732995514901,50.665977252865005,14.687140172839396,22.72149435009033,13.257342729935276,0.1725635058705151,5.523476207780539,5.226052003543076,2.6968179381280907e-08,4.54399274384287e-08,0.5336935570503486,0.4240989526858517
second_life,nominal,Nominal,3.0,4.4330254992632465,0.9959229164500671,0.012115103036347535,51.77515774849126,14.80175281825245,23.552124786039133,13.42128014419968,0.1723338249043197,5.52174831092122,5.222173029366338,2.7178628409783974e-08,4.6263046742224125e-08,0.5332974294334236,0.4239662827474252
second_life,nominal,Nominal,4.0,4.4269236617077885,0.9945520784400115,0.012165844636192134,52.906730247117316,14.916192734595988,24.40528801402723,13.5852494984941,0.17210328904828384,5.520020863013344,5.218293299446611,2.7388760277255262e-08,4.7093519947642575e-08,0.5329012246387047,0.42383364728001477
second_life,nominal,Nominal,5.0,4.4207981582516584,0.9931759236518723,0.012216961854857402,54.06118098254212,15.030459068180175,25.281471142201262,13.749250772160684,0.17187188106756704,5.518293865122049,5.214412814272685,2.7598573416169688e-08,4.7931426564443034e-08,0.5325049427161082,0.4237010463654028
second_life,nominal,Nominal,6.0,4.4146524607317,0.9917952320680513,0.012268420013370047,55.23802910777259,15.144502180101968,26.18024411584177,13.913282811828854,0.17163973113782985,5.51656733024107,5.2105316011348215,2.7807976680747633e-08,4.87759828965683e-08,0.532108586452563,0.4235684810012636
second_life,nominal,Nominal,7.0,4.408483876452608,0.9904093987479806,0.012320249124555857,56.43839598880649,15.258348644834754,27.102704579440914,14.077342764530826,0.1714067380752106,5.514841289292734,5.206649727537978,2.8017018866408536e-08,4.9627854408411056e-08,0.5317121627417934,0.42343595356184943
second_life,nominal,Nominal,8.0,4.402290293825594,0.9890179493024055,0.012372472427539378,57.66326950225769,15.372022327753193,28.049812674628928,14.241434499875563,0.171172822497239,5.513115702388219,5.2027671019221335,2.8225743794188856e-08,5.0487534908379936e-08,0.5313156622335302,0.42330346098445
second_life,nominal,Nominal,9.0,4.396068535871426,0.987620169991596,0.012425094150333677,58.91324284425448,15.485525268063977,29.022158778618387,14.405558797572118,0.1709378651267988,5.511390562188172,5.198883705838349,2.843415520843168e-08,5.1355154572201264e-08,0.5309190830437355,0.42317100270554125
second_life,nominal,Nominal,10.0,4.389817543705363,0.9862158229266477,0.012478120101751103,60.188916531705075,15.59885708128762,30.02034369247431,14.569715757943147,0.17070182620723412,5.50966586849268,5.194999536912859,2.864225240316487e-08,5.2230840412990456e-08,0.5305224249299961,0.4230385787097735
second_life,nominal,Nominal,11.0,4.383540235346528,0.9848055636693466,0.012531559770204695,61.490908274721775,15.712016787563268,31.04498704756644,14.733904439592067,0.17046481517443263,5.507941632023721,5.191114617420341,2.88500335791911e-08,5.311472353950615e-08,0.5301256901670411,0.4229061898203929
second_life,nominal,Nominal,12.0,4.377236193079003,0.9833892983756908,0.012585420055440437,62.81985909002143,15.82500443884514,32.09672933930147,14.89812531187482,0.170226816305833,5.506217848670218,5.187228936255218,2.9057498831907493e-08,5.400694033766201e-08,0.5297288776207496,0.4227738357217461
second_life,nominal,Nominal,13.0,4.370904960732817,0.9819669245625953,0.012639707757488168,64.17642402508234,15.937819487059588,33.17622647222927,15.062378065793485,0.1699878124546827,5.5044945224819966,5.183342500728787,2.9264647154954167e-08,5.490762732640073e-08,0.5293319880377638,0.4226415167247834
second_life,nominal,Nominal,14.0,4.364546064429149,0.9805383357685075,0.012694429883020036,65.56127870922215,16.050461452519546,34.28415460956214,15.226662647140474,0.16974778581799008,5.5027716548218155,5.179455312123669,2.947147766754107e-08,5.58169248892359e-08,0.5289350215490675,0.42250923293413906
second_life,nominal,Nominal,15.0,4.358159027204565,0.9791034248388862,0.012749593506604668,66.97511597741882,16.162929818757032,35.421207051889155,15.39097910677263,0.16950671848567048,5.5010492459366125,5.175567369236525,2.9677989421341937e-08,5.6734974256408404e-08,0.5285379780317734,0.4223769843687732
second_life,nominal,Nominal,16.0,4.3517433097808205,0.9776620706195529,0.012805206395259887,68.41866518403224,16.27522434795939,36.58811342648843,15.555327409584423,0.16926459022136758,5.499327296958396,5.171678672897998,2.9884181979690774e-08,5.766193234642213e-08,0.5281408575707083,0.42224477111560277
second_life,nominal,Nominal,17.0,4.3452984415338545,0.976214167380169,0.012861275699790582,69.89265783577561,16.38734249164967,37.78560947350858,15.719705870617362,0.1690213833875017,5.497605826283692,5.167789262976415,3.009005066313448e-08,5.859794687263684e-08,0.5277436642372954,0.42211259458713457
second_life,nominal,Nominal,18.0,4.3388239293644535,0.974759604341131,0.012917808815694515,71.39784597594834,16.499283489132925,39.01444818012241,15.884114306693002,0.16877707949687898,5.495884836543879,5.1638991438060176,3.0295594074903e-08,5.954316533344077e-08,0.527346398474155,0.42198045498540876
second_life,nominal,Nominal,19.0,4.332312049556196,0.9732966462933396,0.012974808260297266,72.93504308008947,16.61104591279068,40.27544363493605,16.04855353236274,0.16853138909772275,5.494164319979133,5.160008296113453,3.0500809593637064e-08,6.049776774315794e-08,0.5269490583130586,0.42184835171461715
second_life,nominal,Nominal,20.0,4.325767165337288,0.9718262734790603,0.013032284804045276,74.50500754248816,16.722629759599467,41.56935452385781,16.21302325903087,0.16828447576781894,5.492444280299436,5.156116726727274,3.070569721378503e-08,6.146187773122224e-08,0.5265516444513499,0.42171628505961645
second_life,nominal,Nominal,21.0,4.319190910163372,0.97034885287022,0.013090250472598229,76.10862389171784,16.834036506764512,42.89706381816907,16.377523566784255,0.16803640073871273,5.490724718929003,5.15222443375252,3.0910259647756214e-08,6.243569743223517e-08,0.5261541566955124,0.42158425512975956
second_life,nominal,Nominal,22.0,4.312582729772798,0.9688642599464701,0.01314871341526299,77.7467418232297,16.945265666138773,44.25942187068133,16.542054286409595,0.1677871432578197,5.489005638675388,5.1483314211929985,3.1114495999226556e-08,6.341938879747224e-08,0.5257565954544218,0.42145226214061365
second_life,nominal,Nominal,23.0,4.305941777367698,0.9673723044663151,0.013207685014006643,79.42033708812906,17.056318765505253,45.657403020186145,16.706615302437662,0.16753667161921126,5.48728704154927,5.144437691780864,3.131840907347506e-08,6.441318685515156e-08,0.5253589610070905,0.42132030624656114
second_life,nominal,Nominal,24.0,4.2992675169285555,0.9658728660076816,0.013267173481874011,81.13030433111952,17.167195292085516,47.09190254623325,16.871206492800752,0.1672849657667227,5.485568929494516,5.140543248404398,3.1521997928950104e-08,6.541725282690596e-08,0.5249612536484748,0.42118838759685434
second_life,nominal,Nominal,25.0,4.29255747543583,0.9643653889823302,0.013327186282915734,82.87759207095012,17.277894040219,48.56387239370227,17.035825637028854,0.1670319331253057,5.4838513263722355,5.136648143602833,3.1725260351846274e-08,6.643177223270162e-08,0.5245634787439729,0.4210565080235771
second_life,nominal,Nominal,26.0,4.285808484573067,0.9628491615967096,0.013387730442156283,84.66318080738942,17.388411401230876,50.07429944194757,17.200469964210964,0.16677745511874897,5.482134261734827,5.132752442939556,3.192818971600021e-08,6.745693815999967e-08,0.5241656429890325,0.42092466979579707
second_life,nominal,Nominal,27.0,4.2790242580679925,0.9613250181763943,0.013448820225475088,86.48809615009638,17.49875072655912,51.62420149896674,17.365143924570518,0.1665216708356684,5.4804176897960515,5.128856041116445,3.213079217524305e-08,6.84929477483977e-08,0.5237677356304253,0.42079286939799343
second_life,nominal,Nominal,28.0,4.272204006085865,0.959792781277217,0.013510465787270363,88.35340450932821,17.608905153419716,53.214651200620104,17.5298481552884,0.16626455072580043,5.478701604569854,5.124958923056966,3.233305512829312e-08,6.954001720182579e-08,0.5233697551285095,0.42066110637054976
second_life,nominal,Nominal,29.0,4.265347104340398,0.958252310647104,0.013572676899947851,90.26015943814156,17.718879654194893,54.846697060504326,17.694582723442334,0.16600607144877688,5.476986005968753,5.121061087173972,3.253498770532104e-08,7.059832924200736e-08,0.5229717013212026,0.4205293807067492
second_life,nominal,Nominal,30.0,4.258452719843385,0.9567034191470362,0.013635465306656158,92.20952129808278,17.828675138887842,56.521498644905044,17.85934751428989,0.16574620185679612,5.4752708958570695,5.117162536182418,3.2736591577253155e-08,7.166812097006196e-08,0.5225735744857609,0.4203976925497366
second_life,nominal,Nominal,31.0,4.251520155911547,0.9551459502602409,0.01369884136290196,94.20262950540172,17.93829094587267,58.24019625535607,18.024142304172987,0.1654849159110964,5.473556277125228,5.113263275374349,3.293786552922765e-08,7.274959814828377e-08,0.522175375162617,0.420266042121442
second_life,nominal,Nominal,32.0,4.244548524007237,0.9535797043679691,0.013762817533932008,96.2407298390348,18.047727520852145,60.004035475345226,18.188966842837427,0.16522218039600728,5.471842153067725,5.109363310671106,3.313881037963339e-08,7.384301378367421e-08,0.5217771039564688,0.4201344296748207
second_life,nominal,Nominal,33.0,4.237537085619451,0.9520045155564375,0.013827404802784856,98.32504374722639,18.156984227110005,61.81423893282127,18.353820587295115,0.1649579677193571,5.470128529823315,5.1054626549205,3.333942495934707e-08,7.494858657708161e-08,0.5213787621793571,0.42000285568121337
second_life,nominal,Nominal,34.0,4.2304838411431644,0.9504199345946484,0.013892613170142738,100.45682507544963,18.266060201353724,63.6720617879494,18.518703086146502,0.16469220309701274,5.468415412429048,5.1015613188032365,3.353970768321133e-08,7.606653618750759e-08,0.5209803509220141,0.4198713205273707
second_life,nominal,Nominal,35.0,4.223378977440696,0.9488237568644009,0.013958447573091916,102.637400754688,18.374960182303063,65.57882667481023,18.6836138975747,0.16442451937894734,5.466702805992736,5.097659312773282,3.373966725235134e-08,7.719710338051031e-08,0.5205818712520173,0.41973982460547654
second_life,nominal,Nominal,36.0,4.216232291239775,0.9472181832972385,0.014024929077908296,104.86813618504057,18.48367959890497,67.53590387776308,18.848552708372523,0.164155283270597,5.464990714318913,5.09375664424153,3.393929527350759e-08,7.834053664026285e-08,0.5201833239261798,0.41960836820764724
second_life,nominal,Nominal,37.0,4.209043513812246,0.9456031535207292,0.014092071117757428,107.15045525208926,18.592217805843212,69.54471812588115,19.01351932036489,0.16388448476033113,5.463279139767929,5.089853317897061,3.413859056176569e-08,7.949709510569535e-08,0.5197847094233591,0.4194769515151133
second_life,nominal,Nominal,38.0,4.201810592243377,0.9439782063273237,0.014159887415500663,109.4858840866191,18.70057530090723,71.60679527357259,19.178513512139272,0.16361204708443747,5.461568085049771,5.0859493389787875,3.433755403115482e-08,8.066707369122634e-08,0.5193860282785617,0.41934557473595085
second_life,nominal,Nominal,39.0,4.194532457526756,0.9423431015541843,0.014228392386129655,111.87598340244828,18.80875245180983,73.72369591071681,19.343535039921637,0.16333793030280438,5.459857553133273,5.082044713254723,3.4536186356860565e-08,8.185076322611372e-08,0.5189872810808274,0.41921423809811026
second_life,nominal,Nominal,40.0,4.187203615797213,0.940696604950296,0.014297596135657073,114.32233618719474,18.916747517942163,75.89700728451552,19.508581384737056,0.16306192898934874,5.45814757045052,5.078139500327114,3.473448434281809e-08,8.304844584757008e-08,0.5185884739168418,0.41908294363107784
second_life,nominal,Nominal,41.0,4.1798263753977976,0.9390392351076997,0.014367511624696334,116.82641186338071,19.02455823452605,78.12819922178211,19.673654407072547,0.1627841295493347,5.456438117993669,5.074233656174402,3.493244383049531e-08,8.426031745461884e-08,0.5181896022910463,0.41895168987540937
second_life,nominal,Nominal,42.0,4.172403349983112,0.9373715792096894,0.014438134621546937,119.3890229228146,19.132171022237202,80.41809673084808,19.838755169729332,0.16250462978220614,5.454729184999611,5.070327155649315,3.513003988585814e-08,8.548621310979371e-08,0.5177906636353575,0.4188204760047007
second_life,nominal,Nominal,43.0,4.16493181077643,0.9356930242096502,0.014509497413142043,122.01263135463009,19.23959769547943,82.76915199789933,20.00388166125133,0.16222332769059258,5.4530207925483865,5.066420046345541,3.532729420223541e-08,8.672682283993056e-08,0.5173916628101262,0.4186893036375019
second_life,nominal,Nominal,44.0,4.157409895935042,0.9340031518262476,0.014581624074895104,124.69941753325729,19.346843053351193,85.18354043539377,20.169034044512326,0.16194015369277334,5.451312939127083,5.062512324409273,3.552421559161821e-08,8.798264766174293e-08,0.5169925994217947,0.4185581726576499
second_life,nominal,Nominal,45.0,4.1498364036486945,0.9323016920609508,0.014654531527958455,127.45131067633348,19.4539059217735,87.66319139153325,20.334213363026734,0.16165506288831263,5.449605614086015,5.058603965149591,3.5720801898190454e-08,8.925402751647161e-08,0.5165934709488832,0.41842708224744923
second_life,nominal,Nominal,46.0,4.142209616523952,0.9305882590843799,0.014728242597322493,130.27055949490347,19.56078882382079,90.21035169477274,20.499418976309936,0.1613679911216145,5.447898824152497,5.054694983721203,3.5917057754761736e-08,9.054143467285739e-08,0.5161942789390168,0.4182960329234311
second_life,nominal,Nominal,47.0,4.13452584463952,0.9288620239193098,0.014802801751634008,133.16047100659776,19.66750624377937,92.82831432269184,20.66465044012655,0.16107880049413034,5.446192573988598,5.050785390635298,3.6113009757035994e-08,9.184582423202301e-08,0.5157950244656168,0.41816502504355463
second_life,nominal,Nominal,48.0,4.126786101438406,0.9271232142457113,0.014878194095829968,136.12175231784806,19.774033921793283,95.5178109022395,20.829907493815288,0.1607875289697553,5.444486866218416,5.046875192059465,3.6308613359639526e-08,9.316683971405279e-08,0.5153957081585279,0.418034058809301
second_life,nominal,Nominal,49.0,4.118979206799226,0.9253693183390077,0.014954430455906617,139.1566306530048,19.880371221080356,98.28107032796733,20.995189103957117,0.16049375866628032,5.442781711415364,5.0429644124457536,3.650386739332799e-08,9.4504855541502e-08,0.5149963325148361,0.41790313503250937
second_life,nominal,Nominal,50.0,4.1111134085434475,0.9236021891536681,0.015031537855153944,142.26742000151455,19.986519194213262,101.12040595618785,21.160494851113427,0.16019779802417522,5.4410771137787854,5.039053061718631,3.6698773790810414e-08,9.586025635283623e-08,0.5145968985480455,0.4177722540356101
second_life,nominal,Nominal,51.0,4.103188027228444,0.9218216740462026,0.01510953701905251,145.45654113689505,20.092476783948946,104.03824001164384,21.32582434130227,0.15989962170703637,5.439373077147449,5.035141149200228,3.6893330610802126e-08,9.723344702437494e-08,0.5141974072101481,0.4176414161133484
second_life,nominal,Nominal,52.0,4.0952005665501,0.9200272121972627,0.015188444756863505,148.72638098408584,20.198239413951207,107.03696759981403,21.49117397032059,0.1595991365046832,5.43766963874723,5.031228760170712,3.708752945034283e-08,9.862478790713178e-08,0.5137978672101038,0.41751062412397033
second_life,nominal,Nominal,53.0,4.087147676506743,0.9182180509959195,0.015268287963327083,152.07987023561063,20.303809644457726,110.11951662429433,21.656543966858585,0.15929621726692644,5.435966795583211,5.027315889218975,3.728137501048039e-08,1.0003485155691899e-07,0.5133982779953207,0.4173798778375228
second_life,nominal,Nominal,54.0,4.079031031270475,0.916394566561454,0.015349087582783057,155.51955526957195,20.409185862440005,113.28843244073917,21.82193696639277,0.15899092659852868,5.434264520148089,5.023402473986186,3.747486432941005e-08,1.0146399723584583e-07,0.5129986331976061,0.41724917514196286
second_life,nominal,Nominal,55.0,4.07084899302476,0.9145563909422224,0.015430865961911167,159.0482485289269,20.51436656649513,116.54652841711949,21.987353545312285,0.15868320333352887,5.432562806078757,5.019488500834224,3.7667994650291276e-08,1.0291267209706797e-07,0.5125989314242111,0.41711851554872376
second_life,nominal,Nominal,56.0,4.062599916615458,0.9127031545381148,0.015513646419724978,162.6689028997847,20.619346804691258,119.89676333196628,22.15279276312717,0.15837298605257202,5.430861662542252,5.015573992016312,3.786075688050395e-08,1.0438135097091369e-07,0.512199174947674,0.4169878997616613
second_life,nominal,Nominal,57.0,4.054282102272212,0.9108344754789502,0.015597453403882185,166.38459200189797,20.724127590142373,123.34221053811353,22.318253873642085,0.15806021129579187,5.429161096615665,5.011658965188412,3.805315288030402e-08,1.0587052035001599e-07,0.5117993655710522,0.4168573283241628
second_life,nominal,Nominal,58.0,4.045893793979212,0.9089499592584513,0.015682312114530247,170.19851603333862,20.82870940152581,126.8860701806743,22.483736451138537,0.15774481350043706,5.42746111198918,5.007743430423582,3.824518352862747e-08,1.0738068184408547e-07,0.5113995043230241,0.41672680151956476
second_life,nominal,Nominal,59.0,4.037433169373979,0.907049196464907,0.015768248601044803,174.1140168353234,20.933091168253554,130.5316858492344,22.64923981783546,0.15742672463027893,5.425761714845163,5.003827403759009,3.843684685968593e-08,1.0891235713789432e-07,0.5109995928413352,0.41659631982255674
second_life,nominal,Nominal,60.0,4.028898334653711,0.9051317616368327,0.015855289902812757,178.13458308381,21.037272098659514,134.2825474305737,22.814763554576817,0.15710587397939793,5.424062908648503,4.9999108951124756,3.862814141984083e-08,1.1046608678828249e-07,0.5105996321388069,0.41646588349917674
second_life,nominal,Nominal,61.0,4.020282195594866,0.9031960609869155,0.015943461522904982,182.26392429540817,21.14125169739188,138.14236516284112,22.980307435175174,0.15678199656089709,5.42236469483333,4.995993909835873,3.88190662995389e-08,1.120424579141457e-07,0.5101996227619835,0.41633549265953906
second_life,nominal,Nominal,62.0,4.011579184968441,0.9012408437822308,0.01603278221993335,186.50544819881037,21.245025260190584,142.11455365405476,23.145869284565023,0.15645488449330883,5.420667094351765,4.992076499394103,3.900961286092908e-08,1.1364189355554153e-07,0.5097995699665507,0.4162051489123719
second_life,nominal,Nominal,63.0,4.002791982865029,0.8992667121315735,0.016123290356439526,190.8633565724002,21.348597423194356,146.20331287465513,23.31144627455072,0.15612463800958515,5.418970135055954,4.988158730705983,3.9199789616779636e-08,1.1526508917987942e-07,0.5093994805863751,0.41607485439619557
second_life,nominal,Nominal,64.0,3.9939223206014747,0.8972740549923547,0.01621502097749911,195.34183366522555,21.45196880755908,150.4128238271713,23.47704103049517,0.15579132180474017,5.4172737886957325,4.9842405416519835,3.938959770764231e-08,1.169126800523331e-07,0.5089993482777018,0.4159446069419296
second_life,nominal,Nominal,65.0,3.984968214832729,0.8952624267865404,0.016308006165590284,199.94518724564404,21.555137995952947,154.74739463815067,23.642654611540408,0.15545486181804674,5.415578042869416,4.980321907171416,3.9579034531045974e-08,1.1858530004410566e-07,0.5085991704812894,0.41581440559735794
second_life,nominal,Nominal,66.0,3.975927922172378,0.8932314358451721,0.01640227915185804,204.67791421317207,21.65810360465432,159.21152497702198,23.80828563149577,0.15511519298095647,5.413882909957491,4.97640286006337,3.9768097546233664e-08,1.202836047597379e-07,0.5081989505466383,0.41568425131306896
second_life,nominal,Nominal,67.0,3.9667982080736888,0.8911803554954125,0.01649787461535425,209.54480978714875,21.760858859705326,163.81001822510862,23.97393270233479,0.154772194531148,5.412188402749804,4.97248343317037,3.995677431502419e-08,1.2200831045690612e-07,0.5077986918276846,0.415554145071082
second_life,nominal,Nominal,68.0,3.9575765843525055,0.8891086267421417,0.01659482869546153,214.5508063104538,21.863410867281203,168.54779981500218,24.139595628170422,0.15442577357315732,5.410494521356983,4.968563631127361,4.0145077885608424e-08,1.2376012168162846e-07,0.5073983947977567,0.41542408687989124
second_life,nominal,Nominal,69.0,3.9482604429229435,0.8870156636531334,0.016693178700455464,219.70109064004913,21.96575906589833,173.43005829445147,24.30527327969933,0.15407583274679268,5.408801275265544,4.964643480655141,4.0333007227003414e-08,1.2553978162720574e-07,0.5069980621856294,0.4152940774678823
second_life,nominal,Nominal,70.0,3.938847065295442,0.884900855492886,0.016792963432609016,225.00109820885652,22.067902640664684,178.46223047805736,24.470965090134467,0.15372227056393775,5.407108668018198,4.960722995164634,4.0520560842923714e-08,1.2734806257360565e-07,0.5065976953608495,0.41516411710706885
second_life,nominal,Nominal,71.0,3.929332685776866,0.8827633562612827,0.01689422236515,230.45652067714846,22.169839980843758,183.65001116512377,24.63666953118094,0.15336494644442739,5.405416712773648,4.956802210817302,4.0707735775773046e-08,1.2918576561314724e-07,0.5061972980162888,0.41503420680779135
second_life,nominal,Nominal,72.0,3.9197098648709296,0.8806014946020818,0.016996993522965624,236.07330090187193,22.2715679983665,188.99934935196993,24.80238355153552,0.15300358264819464,5.403725438022089,4.952881199810979,4.089452635531206e-08,1.310537155746465e-07,0.5057968775249161,0.41490434875756027
second_life,nominal,Nominal,73.0,3.909971602088115,0.8784136977862436,0.017101317561063922,241.85767076806854,22.37308545687166,194.51647539475175,24.968109916445155,0.15263791778195207,5.402034812676084,4.948959896716298,4.108093031136347e-08,1.329527668142612e-07,0.5053964272049701,0.4147745405694459
second_life,nominal,Nominal,74.0,3.9001219141511188,0.8762008682101523,0.017207244766186278,247.81619141041912,22.47439252003451,200.20795069234146,25.133848198043157,0.15226810188316486,5.40034483803294,4.945038311657144,4.1266947944463946e-08,1.3488381596323414e-07,0.5049959480903199,0.41464478234305696
second_life,nominal,Nominal,75.0,3.890159822021727,0.8739627859232137,0.017314823414815238,253.95573591550212,22.57548759646743,206.08065120882114,25.299597110213544,0.15189409843324506,5.398655523871518,4.941116475064709,4.145257633254518e-08,1.3684779145514825e-07,0.5045954432886517,0.4145150748292259
second_life,nominal,Nominal,76.0,3.880081924847054,0.871698686890273,0.017424102182886543,260.2835319669724,22.676368247975756,212.14180864955708,25.465355069439596,0.15151578048500783,5.396966882664583,4.937194424407076,4.1637810998651796e-08,1.3884566261742785e-07,0.5041949166262715,0.41438541898562603
second_life,nominal,Nominal,77.0,3.8698841133064503,0.8694076479119015,0.017535142226470554,266.8078745418288,22.77703530422241,218.39971832313088,25.631120914475545,0.15113299463681504,5.395278922457113,4.9332721871608385,4.182265346619123e-08,1.4087866282379827e-07,0.5037943709091374,0.41425581542996026
second_life,nominal,Nominal,78.0,3.859567233660887,0.8670898591089764,0.017647941515143088,273.53298881775265,22.877467673185073,224.858628605633,25.796892538934575,0.15074577251561566,5.393591660810256,4.929349813165874,4.2007065006491016e-08,1.4294664363318152e-07,0.5033938112269843,0.4141262655105941
second_life,nominal,Nominal,79.0,3.8491242321532133,0.8647437357853585,0.017762584667612488,280.4692641551096,22.97767065607385,231.528924449665,25.96266904937073,0.15035385078185418,5.391905102143265,4.9254273235622845,4.219105535350774e-08,1.4505136196530925e-07,0.5029932397386766,0.41399676956684284
second_life,nominal,Nominal,80.0,3.838545483288413,0.8623671154786231,0.017879137176553997,287.62626386723343,23.077649729855064,238.42016480480652,26.12844933257186,0.14995687010602599,5.3902192528174435,4.921504744690129,4.2374634563917415e-08,1.4719419262474034e-07,0.502592659134107,0.41386732808713483
second_life,nominal,Nominal,81.0,3.827831799653045,0.8599601807443581,0.017997661637413388,295.0132209638456,23.17740396147933,245.54158217271754,26.294234829648715,0.14955486081592415,5.3885340929410575,4.917582042450836,4.255780092447684e-08,1.4937630374746329e-07,0.50219206593107,0.41373793954415955
second_life,nominal,Nominal,82.0,3.8169785689922002,0.8575218953939918,0.018118219718685113,302.63987638789825,23.276931118900738,252.90292118717397,26.46002408182353,0.14914765074582637,5.386849631723898,4.913659251361003,4.2740550336756094e-08,1.5159891977073108e-07,0.5017914636544606,0.41360860464505544
second_life,nominal,Nominal,83.0,3.8059729369623256,0.8550493715724188,0.01824086889984699,310.5163627571655,23.376228594920793,260.5143185701983,26.625815592046365,0.1487347600624002,5.385165878281706,4.909736406842792,4.292287801347899e-08,1.5386327881405555e-07,0.501390855921652,0.4134793240897397
second_life,nominal,Nominal,84.0,3.79481635224714,0.8525429347407297,0.01836567978380799,318.65345263954714,23.475293681820045,268.38655291591857,26.791606041808535,0.14831624289272685,5.383482859734188,4.905813587416472,4.310477898279511e-08,1.561707011177657e-07,0.500990250751271,0.4133500999604952
second_life,nominal,Nominal,85.0,3.7835068632755164,0.8500021464592161,0.018492723801470986,327.06246206931024,23.57412995959483,276.5309382659369,26.957393843778522,0.14789202639735796,5.381800585071642,4.901890830640386,4.328625981820905e-08,1.5852254913876996e-07,0.5005896519788414,0.4132209329476075
second_life,nominal,Nominal,86.0,3.7720388713921595,0.8474257489347271,0.01862206577467134,335.7548160982811,23.67273234773932,284.9589074305261,27.123176320015652,0.14746190160760528,5.380119073698691,4.897968199878123,4.346731119101617e-08,1.6092010316636946e-07,0.5001890660751634,0.41309182454098603
second_life,nominal,Nominal,87.0,3.7604084892302647,0.8448128688319557,0.01875372182597019,344.7386228548663,23.771081609788695,293.6785929826212,27.28894826245642,0.14702572346324652,5.378438369780689,4.894045818359293,4.36478977796748e-08,1.6336361277144264e-07,0.4997885056246602,0.4129627781316984
second_life,nominal,Nominal,88.0,3.7486102356698767,0.842162274763225,0.018887828144592334,354.03126165247903,23.869192622728914,302.7073550186349,27.45471401111521,0.1465832872953601,5.376758420642619,4.890123583393467,4.382804690095465e-08,1.658558026907848e-07,0.49938796014040554,0.4128337896752953
second_life,nominal,Nominal,89.0,3.7366395842062694,0.8394729498045881,0.01902445323083029,363.6456228037327,23.967059298348374,312.0580920670515,27.62047143833278,0.1461344241459468,5.375079238466583,4.886201545323851,4.400774737582559e-08,1.6839799187016925e-07,0.49898743476353574,0.4127048601071327
second_life,nominal,Nominal,90.0,3.7244904451740917,0.8367435258526403,0.019163684005033873,373.59655301116186,24.06467779730175,321.74565815658457,27.78621705727557,0.14567890672779402,5.373400848035022,4.882279786653499,4.418699215457254e-08,1.7099189734568362e-07,0.4985869379194067,0.4125759913300353
second_life,nominal,Nominal,91.0,3.712150685086579,0.8339712769998665,0.019305664564479626,383.9042500286629,24.16205411983545,331.79024813090484,27.95194777792261,0.1452162821767539,5.3717232688655985,4.878358380496359,4.436579225470603e-08,1.736404858981487e-07,0.49818647707454256,0.4124471848425922
second_life,nominal,Nominal,92.0,3.699602220056148,0.8311521405224979,0.01945050475217542,394.58726543721764,24.259182279655327,342.21042294224526,28.1176602153171,0.14474587556638946,5.370046522612633,4.874437406944948,4.4544136684334345e-08,1.763460760099975e-07,0.49778606040813084,0.4123184423074472
second_life,nominal,Nominal,93.0,3.6868467409844223,0.8282864962982672,0.019598322191792333,405.6645569198739,24.356058156892313,353.02514830719736,28.283350455784294,0.14426775002962625,5.368370635084294,4.870516958601941,4.472201787865135e-08,1.7911089577932983e-07,0.49738569737691857,0.41218976570618177
second_life,nominal,Nominal,94.0,3.673871052020983,0.8253713797491824,0.01974925220343991,417.15800740496667,24.452676418825583,364.2563170635699,28.449013922571183,0.1437814130970542,5.366695637573233,4.866597143759316,4.489942604584121e-08,1.8193771245975398e-07,0.4969853990398716,0.41206115744148214
second_life,nominal,Nominal,95.0,3.66066827376566,0.8224052453501202,0.01990344544161104,429.09135595319145,24.5490319543461,375.92767541823656,28.614648580608787,0.1432866080116056,5.365021534267444,4.862678010569474,4.50763518010064e-08,1.8482951905803343e-07,0.49658517031439714,0.41193261783490737
second_life,nominal,Nominal,96.0,3.6472273070707906,0.8193855995680493,0.02006105722923877,441.4899168224411,24.645117989458043,388.0645466522544,28.78025218072861,0.14278292053440708,5.363348329968968,4.858759612250688,4.525278270589604e-08,1.8778944035370298e-07,0.49618501663523845,0.41180414725516384
second_life,nominal,Nominal,97.0,3.633535063246552,0.816309501899663,0.02022226404292425,454.38208834562033,24.74091994726749,400.69535248657735,28.94581591177545,0.14226986226407506,5.361676094091511,4.8548421572864475,4.542869199476229e-08,1.9082107426162838e-07,0.49578495929309313,0.4116757510319169
second_life,nominal,Nominal,98.0,3.6195775059768263,0.813173798948057,0.02038725022606613,467.7981632930962,24.836427326767698,413.8504030776618,29.111332888666702,0.1417469094174319,5.360004875103654,4.8509258085868305,4.560406038590496e-08,1.939281592092717e-07,0.4953850149246233,0.4115474328866409
second_life,nominal,Nominal,99.0,3.6053368062744084,0.8099744852553479,0.02055623078473829,481.7726507099178,24.931633511134425,427.56422134206423,29.276795856719136,0.1412133966842023,5.358334722206442,4.847010737807158,4.577887572966788e-08,1.9711508514178878e-07,0.49498520105956967,0.41141919659704934
second_life,nominal,Nominal,100.0,3.5907867532226896,0.8067056722805118,0.020729447959408277,496.3444680178186,25.026530107388375,441.87573956468935,29.442198345740877,0.14066834595805705,5.356665674275898,4.843097098040651,4.5953122615061004e-08,2.0038687051024652e-07,0.49458553333207966,0.41129104514808873
second_life,nominal,Nominal,101.0,3.5759125729187553,0.8033640409204936,0.020907165068528143,511.5557965832633,25.121104753585907,456.82716458299905,29.607527246678362,0.14011120603809227,5.354997834816274,4.839185199464707,4.612677834337582e-08,2.0374883968865203e-07,0.4941860434180106,0.4111629864869365
second_life,nominal,Nominal,102.0,3.5606980732539855,0.7999459534583339,0.021089667890330618,527.4528095773585,25.215354402969265,472.46467511111206,29.77278006327718,0.1395413726656764,5.353331197264325,4.835275101143977,4.62998373202278e-08,2.0720672920377393e-07,0.4937867373491479,0.411035020109659
second_life,nominal,Nominal,103.0,3.5451204544805437,0.7964462877057294,0.02127726626083586,544.0865869441161,25.309267896580774,488.83937096143177,29.937948086103617,0.13895799508292822,5.351665814405275,4.831367009155084,4.647227905580282e-08,2.1076683411331406e-07,0.4933876361703961,0.4109071500691673
second_life,nominal,Nominal,104.0,3.529153813923143,0.7928592243711109,0.02147030623177315,561.5143831124612,25.40283189977657,506.00853111425454,30.103020098430175,0.13836010677901847,5.3500017604733205,4.827461188900507,4.664407906534322e-08,2.1443620038064942e-07,0.4929887669851199,0.4107793820652496
second_life,nominal,Nominal,105.0,3.5127684358574243,0.7891780875238134,0.021669183416248645,579.8013558945722,25.496036533770948,524.0373348488384,30.2679845119628,0.13774659896618674,5.348339109066925,4.823557914574479,4.681521920965635e-08,2.18222887723432e-07,0.4925901577945131,0.410651721748882
second_life,nominal,Nominal,106.0,3.4959257226182596,0.7853942058175455,0.021874339703730785,599.0210710856409,25.588869637650703,542.9993727044415,30.432828743548768,0.1371160314399169,5.346677938777085,4.819657483910891,4.698567715916105e-08,2.221359491103108e-07,0.49219183900368074,0.410524175154373
second_life,nominal,Nominal,107.0,3.4785837587237505,0.7814981625257437,0.022086245491465633,619.2539475494259,25.681319119321078,562.9750865210391,30.597541909065797,0.13646684018093347,5.345018304730689,4.81576015444235,4.715543071063894e-08,2.2618498528044277e-07,0.49179383691230216,0.4103967465144294
second_life,nominal,Nominal,108.0,3.4607140767419198,0.7774835621589427,0.022305424095725782,640.5895900061153,25.773372039449658,584.0541040120845,30.762113954581064,0.13579796303359953,5.343360283929651,4.811866164058086,4.7324456105193916e-08,2.303805038816456e-07,0.49139617581404127,0.41026944174134805
second_life,nominal,Nominal,109.0,3.442278510334423,0.773341830272669,0.02253241096984439,663.1243182625253,25.865006745272257,606.3327825146922,30.926529002560848,0.13510797597308394,5.341703988954991,4.8079758884413675,4.749271358453252e-08,2.347333023782139e-07,0.49099889407432934,0.41014226947923116
second_life,nominal,Nominal,110.0,3.4232321862580894,0.7690628856501064,0.022767809846761224,686.9675141311087,25.956200903777987,629.9205463644315,31.090766862899184,0.13439520471152205,5.3400495285619005,4.804089805316575,4.766016214130843e-08,2.392555775609127e-07,0.49060204047921435,0.4100152380784294
second_life,nominal,Nominal,111.0,3.403520376984305,0.7646344332119877,0.023012316015863236,712.2453318135802,26.046937006194074,654.9435929238374,31.25480188354865,0.13365760728872028,5.338397031360633,4.800208521644785,4.7826769626327235e-08,2.439614089154911e-07,0.49020567701262147,0.40988835741378804
second_life,nominal,Nominal,112.0,3.383078436950528,0.7600419496948683,0.023266675570221766,739.0974128603502,26.137191275787814,681.5416088690366,31.41861271552574,0.1328927716290676,5.336746589097847,4.796332542570941,4.7992492381314726e-08,2.4886588764460244e-07,0.48980985526083437,0.4097616345297227
second_life,nominal,Nominal,113.0,3.3618524758766113,0.7552733281156095,0.023531728227566474,767.6820834303863,26.22694084695533,709.8729696290399,31.58217295439108,0.13209868703964017,5.335098326254261,4.792462492858698,4.815728842098994e-08,2.539858392504035e-07,0.4894146390258088,0.4096350789840084
second_life,nominal,Nominal,114.0,3.3397778937581415,0.7503140554458501,0.023808390641195984,798.1768881743525,26.316166576659025,740.1152674234407,31.745454174252682,0.13127294322848285,5.333452381856672,4.788599045101935,4.832112259536003e-08,2.593396171581269e-07,0.48902009699400595,0.4095087014512848
second_life,nominal,Nominal,115.0,3.316775609761229,0.7451463653960128,0.02409768039622378,830.7834459402434,26.404840432523887,772.4701864961735,31.90841901154606,0.13041258966266692,5.331808963168239,4.784743083371578,4.848394343204107e-08,2.6494763500963415e-07,0.4886263194482928,0.40938251784545937
second_life,nominal,Nominal,116.0,3.2927645815433118,0.7397520510042441,0.024400731732836363,865.7308735361097,26.492931807448997,807.1669151137397,32.071026614920974,0.12951460263118347,5.330168277133788,4.780895574264138,4.864569473099832e-08,2.7083255074203764e-07,0.4882334050991931,0.4092565440559975
second_life,nominal,Nominal,117.0,3.267642673108746,0.7341081664114074,0.02471880694416342,903.2806047709051,26.580405014940133,844.4669735518588,32.23322620410628,0.12857517142263167,5.328530585690902,4.777057719307413,4.880631096553521e-08,2.770196131758411e-07,0.4878414766488239,0.4091308001947725
second_life,nominal,Nominal,118.0,3.241313834283464,0.728193132998228,0.02505329061671489,943.7276902111934,26.667217378523766,884.6655179996953,32.394954832974285,0.1275907125506628,5.326896252372986,4.77323100788932,4.89657137741205e-08,2.8353634311992407e-07,0.4874506861960801,0.4090053141743038
second_life,nominal,Nominal,119.0,3.213672918799834,0.7219833286182663,0.025405701491788904,987.4060845380359,26.75332042683605,928.0966157106162,32.55614840058369,0.1265573030991191,5.325265615275311,4.76941695672218,4.912381415478242e-08,2.9041281624082424e-07,0.4870611886302727,0.4088801119539411
second_life,nominal,Nominal,120.0,3.1845940418310024,0.7154504720031386,0.025777694846946985,1034.6937604814302,26.838642796705134,975.1384029145189,32.7167147702061,0.12547024659494027,5.323639219933781,4.765617745881796,4.9280481072152794e-08,2.9768182113814016e-07,0.4866732065845498,0.40875523542056813
second_life,nominal,Nominal,121.0,3.1539416144299466,0.7085641017581205,0.02617103876252628,1086.013048204869,26.923110955219666,1026.2133947968648,32.876542452784335,0.12432448465273241,5.322017748764255,4.761836013345446,4.943557950683914e-08,3.053781947019976e-07,0.4862870094537579,0.4086307369708712
second_life,nominal,Nominal,122.0,3.1215963654846424,0.7012974224511179,0.026587586082387277,1141.830776430042,27.006634273484803,1081.7886545319154,33.03548762464167,0.12311556808242949,5.320402146436363,4.758075162169904,4.958894304820845e-08,3.135381525444773e-07,0.48590294476399754,0.40850668913768773
second_life,nominal,Nominal,123.0,3.0874244905549832,0.6936203735944918,0.027029175524304776,1202.6497107148618,27.089096554009885,1142.3672526690477,33.193361491804154,0.12183850586609452,5.318793740421892,4.754339659468139,4.974035833717685e-08,3.2219741842454955e-07,0.48552146870464635,0.4083831938458514
second_life,nominal,Nominal,124.0,3.0512976390043085,0.6855041199513566,0.027497510192776246,1268.993107546713,27.17034947309216,1208.4728359813757,33.34992209224508,0.12048851103993664,5.31719435470756,4.750635230378966,4.988955302526975e-08,3.313886503060958e-07,0.485143165936878,0.40826039114319224
second_life,nominal,Nominal,125.0,3.0131498727657635,0.6769338478844215,0.027993835427793955,1341.3561293090465,27.250178207170112,1280.6011227314739,33.504828370402464,0.11906312656815554,5.3156068616034196,4.7469699447241736,5.003613265854485e-08,3.4113487685471124e-07,0.4847688605649863,0.40813850156903
second_life,nominal,Nominal,126.0,2.9729556689810486,0.6679038234317504,0.028518609693423683,1420.1495565699909,27.328250147171577,1359.163687680784,33.657618742035254,0.11756140469592966,5.314035523422491,4.7433547241921366,5.017948650809125e-08,3.5144313585454784e-07,0.4843996679308609,0.40801785238873506
second_life,nominal,Nominal,127.0,2.9307997610650554,0.6584330827910132,0.029070949995444125,1505.5942733493487,27.404118354258962,1444.3824757878863,33.80767920720335,0.11598651313418934,5.312486756709643,4.739804096826516,5.031879391538709e-08,3.6229328880942306e-07,0.4840370716636914,0.4078989362721148
second_life,nominal,Nominal,128.0,2.886923951412452,0.6485759492558935,0.029647966857548766,1597.5780899303352,27.477212311538583,1536.1465571906313,33.95432042816536,0.11434747959692049,5.310968941249388,4.736334373262135,5.045300731080697e-08,3.7362464015003063e-07,0.4836827374339898,0.40778239662880866
second_life,nominal,Nominal,129.0,2.8417235585509126,0.6384212350340072,0.030244657183627198,1695.579538724114,27.546965952715784,1633.9355095307762,34.09706324062201,0.11265905105794458,5.309489908588253,4.732956891154596,5.0581087296810164e-08,3.8533338662727557e-07,0.4833378230629456,0.40766883477410354
second_life,nominal,Nominal,130.0,2.7957071613071074,0.6280831973766122,0.030854683484037224,1798.7346038295368,27.613158002370657,1736.885404304992,34.236041522173984,0.11094017228352226,5.3080517362799435,4.729668482784326,5.07026275727046e-08,3.9728737719140334e-07,0.48300200505750407,0.4075584102249986
second_life,nominal,Nominal,131.0,2.7493937968930715,0.6176784431144257,0.031471465285742684,1905.9871921808437,27.676104091405392,1843.9389162903299,34.372171799108465,0.10921011539788478,5.306648993554362,4.726447461937618,5.081820769248708e-08,4.093477889465387e-07,0.48267306878365007,0.4074507060006247
second_life,nominal,Nominal,132.0,2.7032299696334854,0.6073072838493807,0.03208948235895662,2016.329375449706,27.736516599425695,1954.0860057973625,34.50685305291791,0.10748530404823996,5.305268926760734,4.723260726878013,5.092913571073924e-08,4.2139659406812054e-07,0.48234763383424945,0.4073447428607836
second_life,nLi_x0p95,$n_{\mathrm{Li}}\times0.95$,0.0,4.220079176912771,1.0,0.011778530121295745,48.51272570718261,14.457394060807907,21.12576703109742,12.92956461527729,0.164368630522721,5.526933335243084,5.233807663519556,2.6546325004696767e-08,4.381526340964325e-08,0.5344855785911435,0.4243643949691191
second_life,nLi_x0p95,$n_{\mathrm{Li}}\times0.95$,1.0,4.214612549681477,0.9987046150078888,0.011824410394561226,49.484407396756,14.56519434103076,21.832523317208683,13.086689738516553,0.16416244925471257,5.52527572345222,5.23008987708077,2.6744265329374707e-08,4.454214733857186e-08,0.5341059117475063,0.4242371216003165
second_life,nLi_x0p95,$n_{\mathrm{Li}}\times0.95$,2.0,4.209128038122945,0.997404992103054,0.011870591810364317,50.47337573508104,14.672853425188402,22.55667557087121,13.243846739021427,0.163955602620517,5.523618497023147,5.226371336384083,2.6941946393177504e-08,4.52748197998857e-08,0.533726167877735,0.4241098778200423
second_life,nLi_x0p95,$n_{\mathrm{Li}}\times0.95$,3.0,4.203622853944362,0.9961004705649983,0.011917105330500135,51.48061853069528,14.78040353808417,23.2991795377241,13.40103545488701,0.1637479864550101,5.521961658547979,5.222652045260375,2.713942736652682e-08,4.601394804810228e-08,0.5333463473730459,0.4239826638273218
second_life,nLi_x0p95,$n_{\mathrm{Li}}\times0.95$,4.0,4.198099711389315,0.9947916935673383,0.011963923467042293,52.50578315722532,14.88780597950153,24.05972146985455,13.558255707869243,0.1635397021744531,5.520305210717254,5.218932007927137,2.7336637189000442e-08,4.6758921066156575e-08,0.5329664506641363,0.4238554798287378
second_life,nLi_x0p95,$n_{\mathrm{Li}}\times0.95$,5.0,4.192558537085756,0.9934786437236593,0.01201104829651527,53.54919138874628,14.995058193168994,24.83862563170197,13.715507563875324,0.163330747040863,5.518649153685059,5.215211222824915,2.7533571166833134e-08,4.750977402519349e-08,0.5325864775917524,0.4237283258361212
second_life,nLi_x0p95,$n_{\mathrm{Li}}\times0.95$,6.0,4.18699906358465,0.9921612576586013,0.01205848398203699,54.6112204648735,15.10215993058872,25.6362695853441,13.872790948940679,0.16312111106751892,5.516993489073823,5.211489691703811,2.7730228843739042e-08,4.826658794042187e-08,0.5322064283346173,0.423601201974044
second_life,nLi_x0p95,$n_{\mathrm{Li}}\times0.95$,7.0,4.181422570703037,0.9908398386406548,0.012106218129935798,55.69184631231974,15.209090736246411,26.452649759440853,14.030105816632474,0.16291084206916767,5.515338218168879,5.2077674156624845,2.7926572659786655e-08,4.902908346264125e-08,0.5318263030049283,0.42347410834119575
second_life,nLi_x0p95,$n_{\mathrm{Li}}\times0.95$,8.0,4.175831320321353,0.9895149226503879,0.012154227906090257,56.7907697799045,15.315816772488814,27.28750353022895,14.18744947718674,0.16270002457503127,5.51368337003267,5.204044458344279,2.8122540483077457e-08,4.979675997142541e-08,0.5314461081020546,0.4233470471690245
second_life,nLi_x0p95,$n_{\mathrm{Li}}\times0.95$,9.0,4.170220943867181,0.9881854745004894,0.01220256135540879,57.909459003204425,15.422390810042424,28.142245870432124,14.344822322729877,0.16248849538490945,5.512028941433074,5.200320810470969,2.8318229209971215e-08,5.0570652859726767e-08,0.5310658426784878,0.4232200182093643
second_life,nLi_x0p95,$n_{\mathrm{Li}}\times0.95$,10.0,4.164591118233143,0.9868514176266663,0.012251223168918557,59.04833284469794,15.528814100213983,29.017291843075068,14.502226901408893,0.16227624240244415,5.510374906376588,5.196596411750056,2.8513641138087772e-08,5.135084833315544e-08,0.5306855005770524,0.4230930194664036
second_life,nLi_x0p95,$n_{\mathrm{Li}}\times0.95$,11.0,4.158940697052219,0.9855124803830628,0.012300217282873973,60.20781634089121,15.635086259374706,29.913066861393204,14.659663220123308,0.16206322281122756,5.508721265599941,5.192871262018287,2.8708775563017033e-08,5.2137434192407774e-08,0.530305081781077,0.42296605099670936
second_life,nLi_x0p95,$n_{\mathrm{Li}}\times0.95$,12.0,4.153265818361049,0.9841677476296549,0.012349545935587259,61.38834547092645,15.741207555392501,30.830005666161227,14.817132249372728,0.16184929234967277,5.507068009721921,5.189145338312371,2.8903632976611704e-08,5.293049873253349e-08,0.52992458394551,0.42283911207998115
second_life,nLi_x0p95,$n_{\mathrm{Li}}\times0.95$,13.0,4.147570659906647,0.9828182093353119,0.012399216636448926,62.590360657536486,15.84717756821738,31.76855002911441,14.974633060204695,0.16163460709374783,5.5054151492486145,5.1854186626125385,2.9098212607585936e-08,5.373012865890591e-08,0.5295440093150111,0.4227122035228884
second_life,nLi_x0p95,$n_{\mathrm{Li}}\times0.95$,14.0,4.1418565234710565,0.9814641739734044,0.012449235135638758,63.81431857194125,15.952993970753255,32.72915904389236,15.132165557295636,0.16141921567363812,5.5037626858899555,5.181691237174272,2.9292510182980947e-08,5.45364176730002e-08,0.529163358119914,0.42258532545672206
second_life,nLi_x0p95,$n_{\mathrm{Li}}\times0.95$,15.0,4.136121422113428,0.9801051707137014,0.012499605645353427,65.06070335250196,16.058654876652362,33.712318588201136,15.289729887648463,0.16120304387542908,5.502110619023178,5.17796305851929,2.948652223912958e-08,5.5349473622606264e-08,0.5287826300050105,0.42245847783366536
second_life,nLi_x0p95,$n_{\mathrm{Li}}\times0.95$,16.0,4.13036506062615,0.9787411296031057,0.012550333087589679,66.32999045807784,16.164163426601235,34.718500544661175,15.44732648681543,0.16098608067343467,5.50045894485766,5.174234116341854,2.9680254542886163e-08,5.616938437017716e-08,0.5284018239178606,0.4223316603626699
second_life,nLi_x0p95,$n_{\mathrm{Li}}\times0.95$,17.0,4.124586159693169,0.977371747491842,0.012601421876856875,67.62267187745233,16.26952050533368,35.74819606231264,15.604955309806014,0.16076827829229248,5.498807664663124,5.170504411706499,2.987370871877799e-08,5.699624562921579e-08,0.5280209399671766,0.4222048731412264
second_life,nLi_x0p95,$n_{\mathrm{Li}}\times0.95$,18.0,4.118775620486679,0.9759948683000301,0.01265287112969844,68.93925474386967,16.374721829352453,36.80191667839585,15.762616236121362,0.16054929691130465,5.497156780551145,5.166773947464386,3.006687690154873e-08,5.78301611747854e-08,0.5276399784441239,0.42207811633146414
second_life,nLi_x0p95,$n_{\mathrm{Li}}\times0.95$,19.0,4.112942187429537,0.9746125641269104,0.012704692080118037,70.2802516329781,16.47976873315964,37.880173787200626,15.920309112617845,0.16032946314636212,5.495506294618048,5.163042727239095,3.025976154157955e-08,5.8671226251545163e-08,0.5272589397187488,0.42195139009434135
second_life,nLi_x0p95,$n_{\mathrm{Li}}\times0.95$,20.0,4.107086172867992,0.973224908986793,0.012756890608772551,71.64620011584609,16.58465987874011,38.98350812477867,16.078032112327303,0.16010878869318373,5.493856226945753,5.159310794259087,3.0452360182038725e-08,5.951955056621645e-08,0.5268778282056173,0.42182469597177136
second_life,nLi_x0p95,$n_{\mathrm{Li}}\times0.95$,21.0,4.101207223128293,0.9718318190723049,0.012809472195083486,73.03764778841959,16.689394594414505,40.112467911302446,16.235785282702633,0.15988726034868886,5.492206577725306,5.155578147401564,3.06446715896045e-08,6.037524069971307e-08,0.5264966437900674,0.42169803397842287
second_life,nLi_x0p95,$n_{\mathrm{Li}}\times0.95$,22.0,4.095304961757282,0.97043320517821,0.012862442437099162,74.45515832919044,16.793970957789554,41.267617811255874,16.393569560145007,0.15966486404814373,5.490557337701725,5.151844764510048,3.083669223442382e-08,6.123840684457013e-08,0.5261153842094407,0.42157140340368754
second_life,nLi_x0p95,$n_{\mathrm{Li}}\times0.95$,23.0,4.089379014441605,0.9690289786063255,0.012915807154749076,75.89931085638118,16.898389255749137,42.449536536021014,16.551385064611022,0.15944158581768436,5.488908506484278,5.148110642746207,3.1028422643266076e-08,6.210916067059908e-08,0.5257340491738819,0.4214448042175645
second_life,nLi_x0p95,$n_{\mathrm{Li}}\times0.95$,24.0,4.08342902046842,0.9676190538812784,0.01296957209823887,77.37069343625402,17.00265003947535,43.65881163374134,16.709231763037337,0.15921741219434624,5.487260085862703,5.144375782892364,3.12198638281988e-08,6.298761133172825e-08,0.5253526387632831,0.42131823655747186
second_life,nLi_x0p95,$n_{\mathrm{Li}}\times0.95$,25.0,4.0774545002491465,0.9662033173586183,0.013023744280008884,78.86994780199888,17.106753825112516,44.896084416798764,16.867109560087602,0.15899232527705048,5.485612078361016,5.140640187204302,3.1411016736953996e-08,6.387389746620145e-08,0.5249711532080088,0.42119170061720673
second_life,nLi_x0p95,$n_{\mathrm{Li}}\times0.95$,26.0,4.071454961549912,0.9647816523974353,0.013078330880119324,80.39773514833726,17.210701118867057,46.16201555999353,17.025018469476684,0.15876630669099082,5.483964484776352,5.136903855357509,3.1601882299015914e-08,6.476816089661181e-08,0.5245895924749193,0.42106519645797386
second_life,nLi_x0p95,$n_{\mathrm{Li}}\times0.95$,27.0,4.065429973192142,0.9633539568246292,0.013133338266442963,81.95471029981887,17.314488482989486,47.4572633380392,17.182958478790187,0.15853934034197345,5.482317305962177,5.133166787645725,3.179245420207026e-08,6.567053118695637e-08,0.524207956594012,0.4209387241453034
second_life,nLi_x0p95,$n_{\mathrm{Li}}\times0.95$,28.0,4.059379110452028,0.9619201299966357,0.013188773022073831,83.5415421920841,17.418116370447333,48.78249628376568,17.340929537871077,0.15831141037770105,5.480670543161234,5.129428985255733,3.198273327784531e-08,6.658113494781677e-08,0.523826245686483,0.42081228377461477
second_life,nLi_x0p95,$n_{\mathrm{Li}}\times0.95$,29.0,4.053301940829394,0.9604800694271847,0.013244641881847628,85.15891479479606,17.521587475309826,50.13839571267235,17.498931606813876,0.15808250065571067,5.479024197502745,5.125690449131747,3.217272447312724e-08,6.750009757992316e-08,0.5234444598487572,0.42068587543261077
second_life,nLi_x0p95,$n_{\mathrm{Li}}\times0.95$,30.0,4.047193668506201,0.9590326386878253,0.013300948236891088,86.80753952112738,17.62489068397114,51.52568984215587,17.656958995000366,0.15785243217467973,5.477378329019771,5.121951313921257,3.236240738137592e-08,6.842756585828106e-08,0.5230626128312714,0.4205595037287
second_life,nLi_x0p95,$n_{\mathrm{Li}}\times0.95$,31.0,4.041056831530702,0.9575784392005096,0.013357701304486228,88.48813385615387,17.72803378209332,52.94508428069264,17.81501579336791,0.15762129967003521,5.4757328956751685,5.118211482827321,3.255179629843984e-08,6.936366080438834e-08,0.5226806947489528,0.42043316543522147
second_life,nLi_x0p95,$n_{\mathrm{Li}}\times0.95$,32.0,4.03489248103397,0.9561177200437563,0.01341490935518138,90.20143982791637,17.83102058321331,54.397315022419185,17.973104222283876,0.1573891423725831,5.474087875018695,5.114470903313135,3.274089822664532e-08,7.030851348538222e-08,0.5222987002366514,0.4203068588284193
second_life,nLi_x0p95,$n_{\mathrm{Li}}\times0.95$,33.0,4.028700837329917,0.9546505334236743,0.013472580000387637,91.94822085919968,17.933850810414683,55.883145804064995,18.131224244720006,0.15715596851642982,5.472443268360634,5.110729576254837,3.292971265752499e-08,7.12622625090633e-08,0.5219166293838396,0.42018058400889874
second_life,nLi_x0p95,$n_{\mathrm{Li}}\times0.95$,34.0,4.022479799117007,0.9531763814108533,0.013530720242217598,93.72928211465751,18.036526871789434,57.4033793702045,18.28937587266358,0.1569216996477766,5.470799076145203,5.10698750136879,3.3118244012760383e-08,7.222506044816857e-08,0.5215344821615524,0.4200543410107672
second_life,nLi_x0p95,$n_{\mathrm{Li}}\times0.95$,35.0,4.016223168896525,0.9516937954312559,0.013589334251017533,95.54543933342997,18.13905058562281,58.958829825771964,18.44755892203519,0.1566861043757507,5.469155300600169,5.103244683010558,3.330649563104389e-08,7.319705558129561e-08,0.5211522590145871,0.41992813000507523
second_life,nLi_x0p95,$n_{\mathrm{Li}}\times0.95$,36.0,4.0099335965599,0.9502034034094583,0.013648430945838045,97.39750293110426,18.24141815607463,60.550311718291404,18.605773056738215,0.1564492816631194,5.467511946033912,5.099501129132624,3.3494460542543525e-08,7.4178385301742e-08,0.5207699607550654,0.41980195132262527
second_life,nLi_x0p95,$n_{\mathrm{Li}}\times0.95$,37.0,4.003613951064416,0.9487058851804029,0.01370802045914445,99.28633301922372,18.343629185646428,62.17868583702483,18.764017996552464,0.15621133864384715,5.465869016011708,5.095756846365367,3.368213801738203e-08,7.5169204335833e-08,0.5203875880600932,0.4196758052371635
second_life,nLi_x0p95,$n_{\mathrm{Li}}\times0.95$,38.0,3.9972637619230946,0.9472011292563761,0.013768110303629583,101.21279140682392,18.445682826159864,63.84481520815816,18.9222933725059,0.15597225776351162,5.46422651501707,5.092011843439148,3.386952649815439e-08,7.61696571851799e-08,0.5200051418212303,0.4195496920929392
second_life,nLi_x0p95,$n_{\mathrm{Li}}\times0.95$,39.0,3.9908823863284932,0.9456889833161973,0.01382870995224863,103.17783091348643,18.547580036319026,65.54965190520551,19.080598971961894,0.15573201503196457,5.462584445700883,5.088266125385231,3.405662774521038e-08,7.717992971054479e-08,0.5196226225522778,0.4194236120934904
second_life,nLi_x0p95,$n_{\mathrm{Li}}\times0.95$,40.0,3.9844693445718056,0.9441693336869269,0.013889827128874117,105.18235844446153,18.649320356563535,67.29410331342135,19.238934774476643,0.15549059254666475,5.460942808868893,5.084519692687341,3.42434409147161e-08,7.820016854980402e-08,0.5192400303026348,0.4192975653006832
second_life,nLi_x0p95,$n_{\mathrm{Li}}\times0.95$,41.0,3.978024080025346,0.9426420484687441,0.013951470448496081,107.22733527093052,18.75090351329718,69.0791311852577,19.397300572375656,0.15524796953568307,5.459301607144995,5.080772550259328,3.4429965504300656e-08,7.923054024189481e-08,0.5188573655741123,0.4191715519159834
second_life,nLi_x0p95,$n_{\mathrm{Li}}\times0.95$,42.0,3.971545917656383,0.9411069677042875,0.014013649875467564,109.31379681289395,18.852329907976998,70.90577071012522,19.555696194791732,0.15500412080650916,5.457660842880286,5.077024702144137,3.461620225110996e-08,8.027124054768785e-08,0.5184746287795827,0.4190455721199109
second_life,nLi_x0p95,$n_{\mathrm{Li}}\times0.95$,43.0,3.9650342106992875,0.939563938134435,0.014076375121444187,111.44279170459748,18.953599637690637,72.77507047258771,19.714121594319124,0.15475902222082683,5.45602051709815,5.073276149463448,3.4802151333414067e-08,8.132245880528914e-08,0.5180918200335941,0.4189196259910423
second_life,nLi_x0p95,$n_{\mathrm{Li}}\times0.95$,44.0,3.958489438520579,0.9380130733510171,0.014139643511150695,113.61489208818038,19.054703976010973,74.68761146260158,19.872576649567833,0.15451269168342563,5.454380631492482,5.069526895089507,3.4987796727953896e-08,8.23841128189659e-08,0.5177089396294653,0.41879371365943696
second_life,nLi_x0p95,$n_{\mathrm{Li}}\times0.95$,45.0,3.9519100607262794,0.9364540083386131,0.014203448415422884,115.83056810719624,19.15563207328772,76.64387598304617,20.031060050862354,0.15426507170941284,5.452741200031928,5.065776970010956,3.517311851285823e-08,8.345606691078961e-08,0.5173259907318103,0.41866783619762377
second_life,nLi_x0p95,$n_{\mathrm{Li}}\times0.95$,46.0,3.945291726971079,0.93488571222905,0.014267825190920718,118.09199412265988,19.256401812834184,78.64602073896232,20.189571570863375,0.1540159999014447,5.451102225568247,5.062026379606939,3.535814952504395e-08,8.453908842497509e-08,0.5169429738899569,0.4185419938245641
second_life,nLi_x0p95,$n_{\mathrm{Li}}\times0.95$,47.0,3.9386373957368033,0.9333088860712186,0.014332786849605554,120.40034834010463,19.357014563799318,80.69521997992663,20.348113796378687,0.15376558668374254,5.449463681756736,5.058275062670193,3.554289227850997e-08,8.563338050043932e-08,0.5165598828533124,0.4184161845174808
second_life,nLi_x0p95,$n_{\mathrm{Li}}\times0.95$,48.0,3.931946309216417,0.9317233502933612,0.014398343489800852,122.75682750280637,19.457468212304555,82.79267517313991,20.506684117361914,0.15351380380614765,5.447825595950076,5.054523080957837,3.5727342891802486e-08,8.67391459414336e-08,0.5161767239286218,0.41829041037654474
second_life,nLi_x0p95,$n_{\mathrm{Li}}\times0.95$,49.0,3.925215624806261,0.930128431305353,0.014464529574901092,125.16368760382228,19.557777921684025,84.94062635494438,20.665283327193876,0.15326054514955986,5.446187960375033,5.050770415697442,3.591152920747696e-08,8.78571100158581e-08,0.5157934951988116,0.41816467080491804
second_life,nLi_x0p95,$n_{\mathrm{Li}}\times0.95$,50.0,3.9184454227995884,0.9285241481336745,0.01453134720684261,127.62185414714116,19.65793756904231,87.1400038307795,20.823912747319348,0.15300581370433694,5.444550761679054,5.047017035621889,3.6095439982817634e-08,8.898728797602918e-08,0.5154101934708293,0.4180389647773759
second_life,nLi_x0p95,$n_{\mathrm{Li}}\times0.95$,51.0,3.911628452376889,0.9269087826068868,0.014598787159980163,130.13198630451012,19.757934095204018,89.39148041208792,20.982571797218174,0.1527493388155215,5.442914005956172,5.043262954467049,3.6279051238875556e-08,9.012955953796189e-08,0.5150268201474058,0.4179132927618255
second_life,nLi_x0p95,$n_{\mathrm{Li}}\times0.95$,52.0,3.904769429843351,0.925283452311886,0.014666863720865706,132.69541754976638,19.85776775935993,91.69638968867979,21.141260101726658,0.15249129656062577,5.441277697243537,5.039508181109785,3.646236345157072e-08,9.128413450407158e-08,0.514643376135062,0.4177876550682437
second_life,nLi_x0p95,$n_{\mathrm{Li}}\times0.95$,53.0,3.897869974010587,0.9236485408461226,0.01473559218423631,135.31363836017758,19.957439325414903,94.05622177212413,21.29997726263856,0.15223174738289325,5.439641840422108,5.03575272497218,3.6645378023567146e-08,9.245128426517668e-08,0.5142598623959973,0.4176620520713964
second_life,nLi_x0p95,$n_{\mathrm{Li}}\times0.95$,54.0,3.890929215442379,0.9220038421859222,0.014804984930127035,137.98811703092457,20.05694770260601,96.47244657075458,21.45872275756397,0.15197065884034294,5.438006441067362,5.031996598414663,3.682809295203175e-08,9.36312518816946e-08,0.5138762801924806,0.41753648419937517
second_life,nLi_x0p95,$n_{\mathrm{Li}}\times0.95$,55.0,3.883946272267324,0.9203491473609395,0.014875055207776882,140.72038873606013,20.156293859552278,98.94659848881669,21.61749638769116,0.15170799802282792,5.436371501160517,5.028239806141382,3.701051001551987e-08,9.48242940873134e-08,0.5134926300049073,0.41741095160430025
second_life,nLi_x0p95,$n_{\mathrm{Li}}\times0.95$,56.0,3.8769204997704803,0.9186843035979882,0.014945813655290153,143.5119043992873,20.255476465905023,101.48012994616658,21.776297987215692,0.15144374087290066,5.434737022573499,5.024482352075486,3.719262677127673e-08,9.603061079554921e-08,0.5131089122339165,0.41728545442990034
second_life,nLi_x0p95,$n_{\mathrm{Li}}\times0.95$,57.0,3.869850633560147,0.9170090112838034,0.015017272849424473,146.3642599276263,20.354492253219107,104.07464100096684,21.93512667344036,0.15117784021128236,5.433103014451713,5.020724257102748,3.737443721786068e-08,9.725045559799746e-08,0.5127251290123999,0.41715999337837023
second_life,nLi_x0p95,$n_{\mathrm{Li}}\times0.95$,58.0,3.8627331965406535,0.915322446477524,0.015089443848312954,149.2790827013725,20.45333808035172,106.73176573668184,22.093978884338924,0.1509101663005563,5.431469513390812,5.016965605505381,3.755593558757959e-08,9.848407971432149e-08,0.5123412889474039,0.417034571259567
second_life,nLi_x0p95,$n_{\mathrm{Li}}\times0.95$,59.0,3.8555682083444975,0.9136246138313135,0.015162341079370522,152.25808758466258,20.55201073339247,109.45322053426567,22.25285631700445,0.15064071986121558,5.4298365020081665,5.0132063571279355,3.7737115979127215e-08,9.973175378577605e-08,0.5119573879381843,0.41690918673883187
second_life,nLi_x0p95,$n_{\mathrm{Li}}\times0.95$,60.0,3.848356848063645,0.9119157927456086,0.015235980301908257,155.30304025898403,20.650513085304347,112.24076545801233,22.411761715667367,0.15036954487681492,5.428203952062646,5.009446447038324,3.791798366777023e-08,1.0099374894348592e-07,0.5115734193537627,0.4167838376477781
second_life,nLi_x0p95,$n_{\mathrm{Li}}\times0.95$,61.0,3.8410981728299824,0.9101957597961385,0.015310376053933936,158.41575678714753,20.748847106764458,115.0962143411899,22.57069533919314,0.1500966061559985,5.426571860830752,5.005685869111448,3.809854227201935e-08,1.0227034088334768e-07,0.5111893825686333,0.4166585237772921
second_life,nLi_x0p95,$n_{\mathrm{Li}}\times0.95$,62.0,3.8337912203875137,0.9084642869644335,0.01538554306012884,161.59811533618208,20.84701191036041,118.02144654766568,22.729656878155996,0.14982186779110057,5.424940231379594,5.001924630668728,3.827879016242892e-08,1.0356181436323581e-07,0.5108052783304725,0.41653324536287034
second_life,nLi_x0p95,$n_{\mathrm{Li}}\times0.95$,63.0,3.826435008902425,0.9067211415928175,0.015461496405762745,164.8520564322053,20.945006833119137,121.01840390646642,22.888645692619736,0.14954529314805665,5.423309070116029,4.998162746851893,3.845872612166346e-08,1.048684609229079e-07,0.5104211081855801,0.41640800289643853
second_life,nLi_x0p95,$n_{\mathrm{Li}}\times0.95$,64.0,3.819028528606793,0.9049660844042814,0.01553825156147596,168.1795869644316,21.042830822623138,124.08909481885134,23.047661322957104,0.1492668445481096,5.421678381578639,4.994400228536327,3.863834821729887e-08,1.0619057981628072e-07,0.5100368732445691,0.41628279672647445
second_life,nLi_x0p95,$n_{\mathrm{Li}}\times0.95$,65.0,3.811567831238117,0.9031981798091516,0.015615819567804863,171.58262783037907,21.14047988621465,127.2354443309015,23.206703613262903,0.1489863746323974,5.420048166985978,4.990637079410952,3.88176491181114e-08,1.0752841376335713e-07,0.5096525738841589,0.4161576269465401
second_life,nLi_x0p95,$n_{\mathrm{Li}}\times0.95$,66.0,3.804047232439112,0.9014160808286044,0.01569421541644971,175.06337542573272,21.23795605474867,130.45964761639738,23.365771754586667,0.1487036712574471,5.418418434369842,4.986873318616595,3.899663255310895e-08,1.088822995450247e-07,0.509268212059044,0.41603249417332605
second_life,nLi_x0p95,$n_{\mathrm{Li}}\times0.95$,67.0,3.796472249971772,0.8996210949646467,0.015773467006658565,178.62441223120058,21.335264567688377,133.7642818077716,23.524865855740604,0.14841894037424305,5.416789182353251,4.983108943578619,3.91753081428699e-08,1.1025270789694075e-07,0.508883787506298,0.4159073983011063
second_life,nLi_x0p95,$n_{\mathrm{Li}}\times0.95$,68.0,3.78884256435615,0.8978131465125507,0.01585359259492748,182.26806715290144,21.43240790077445,137.15167416342177,23.68398508870522,0.14813217007339669,5.415160418971171,4.979343973889049,3.9353680433290705e-08,1.1163997754527003e-07,0.5084993022266928,0.41578233994681474
second_life,nLi_x0p95,$n_{\mathrm{Li}}\times0.95$,69.0,3.781156503186688,0.8959918391751172,0.015934604096142096,185.996459692448,21.529378948121455,140.6239521010164,23.843128643310134,0.147843297949595,5.4135321519757245,4.9755784287175775,3.953173637671261e-08,1.1304434282040805e-07,0.508114758177871,0.4156573197056686
second_life,nLi_x0p95,$n_{\mathrm{Li}}\times0.95$,70.0,3.7734102047554376,0.8941562578728447,0.01601651792120805,189.81204766978263,21.626176079923106,144.18357766569713,24.002293924162377,0.14755217991112837,5.41190440731354,4.971812369474608,3.970947298052387e-08,1.1446615179173727e-07,0.5077301616311699,0.4155323395698802
second_life,nLi_x0p95,$n_{\mathrm{Li}}\times0.95$,71.0,3.765604196797851,0.8923065276591815,0.016099353727205425,193.71736943283355,21.722800409460206,147.8330861234333,24.16148289994003,0.14725883563474013,5.410277164158912,4.968045749578634,3.988689228890436e-08,1.1590575638131122e-07,0.507345507829605,0.4154073979404276
second_life,nLi_x0p95,$n_{\mathrm{Li}}\times0.95$,72.0,3.757738740942731,0.8904427105303109,0.016183132539204764,197.7151090377376,21.819253205566774,151.57515850075904,24.320697331411775,0.14696327486606633,5.408650403791298,4.9642785273675605,4.00639966316571e-08,1.1736353968559076e-07,0.5069607925185702,0.4152824933799256
second_life,nLi_x0p95,$n_{\mathrm{Li}}\times0.95$,73.0,3.749812478355404,0.8885644844935365,0.016267874959189754,201.80805596669887,21.9155341659622,155.41258523387808,24.479936566858605,0.1466654469014969,5.407024132079021,4.960510718261913,4.024078545374157e-08,1.1883989960861217e-07,0.5065760172728366,0.415157626338951
second_life,nLi_x0p95,$n_{\mathrm{Li}}\times0.95$,74.0,3.741824022876701,0.8866715210812843,0.016353602060403177,205.99909974144452,22.011642568628798,159.34825777729344,24.639199395522294,0.14636530002484388,5.4053983604992615,4.95674235090982,4.0417257429405996e-08,1.2033524418867911e-07,0.5061911850180011,0.415032797698735
second_life,nLi_x0p95,$n_{\mathrm{Li}}\times0.95$,75.0,3.7337720301117647,0.8847635017225512,0.016440334656275583,210.2911726244187,22.10757980464582,163.38510686014277,24.798485959630113,0.14606278406163498,5.403773086597043,4.9529734219459955,4.059341511291717e-08,1.2184996733163178e-07,0.5058062954103949,0.41490800727078175
second_life,nLi_x0p95,$n_{\mathrm{Li}}\times0.95$,76.0,3.725655130118327,0.8828401017925585,0.01652809378404669,214.68731411889723,22.203342659817597,167.5261760950951,24.95779536398454,0.14575784789705204,5.40214831839798,4.949203952551989,4.076925260244505e-08,1.2338447616187966e-07,0.5054213506131147,0.4147832556713073
second_life,nLi_x0p95,$n_{\mathrm{Li}}\times0.95$,77.0,3.717471750136608,0.8809009486064078,0.01661690305465811,219.19078465375824,22.29893047964665,171.77472710359993,25.117127070511657,0.14545043284261436,5.400524060196158,4.945433955459333,4.094476869621683e-08,1.2493922781388628e-07,0.5050363519263269,0.4146585432300165
second_life,nLi_x0p95,$n_{\mathrm{Li}}\times0.95$,78.0,3.7092198676821972,0.878945562911382,0.016706786177378915,223.80494847848612,22.39434225715064,176.1341256392517,25.276480582083803,0.1451404634257986,5.3989003157454425,4.941663442430722,4.111996154523538e-08,1.2651468477721706e-07,0.5046513005512583,0.4145338702351355
second_life,nLi_x0p95,$n_{\mathrm{Li}}\times0.95$,79.0,3.7008882105293326,0.8769712736140519,0.016797761591792266,228.53323422054436,22.489574179942572,180.6078045149061,25.435855525695708,0.14482751897605642,5.397277087406611,4.937892422291948,4.129482414928586e-08,1.281113006838382e-07,0.5042661973892143,0.4144092368679275
second_life,nLi_x0p95,$n_{\mathrm{Li}}\times0.95$,80.0,3.6924822868401472,0.8749793859416185,0.01688985583330549,233.37911980348417,22.584625117621474,185.19924588271303,25.595248803149687,0.1445118051009241,5.395654405134951,4.934120968350431,4.1469354432752745e-08,1.2972951390787185e-07,0.5038810499264766,0.41428464542839466
second_life,nLi_x0p95,$n_{\mathrm{Li}}\times0.95$,81.0,3.684001109651799,0.8729696660210192,0.016983084522500462,238.34571558806144,22.679489841789195,189.9115665295017,25.75465921677053,0.14419328498390807,5.3940322792882345,4.930349108944737,4.164354279537503e-08,1.3136960434566185e-07,0.5034958610570291,0.4141600967118187
second_life,nLi_x0p95,$n_{\mathrm{Li}}\times0.95$,82.0,3.675449337900764,0.8709432178449232,0.017077440953656264,243.43464190265362,22.77415657792973,194.74639567563116,25.914089649092745,0.14387213245475558,5.39241067839253,4.926576775870321,4.181736761706492e-08,1.3303131931139143e-07,0.5031106238157045,0.41403558830159437
second_life,nLi_x0p95,$n_{\mathrm{Li}}\times0.95$,83.0,3.666820870319251,0.8688985956424021,0.01717300182132604,248.65301205941932,22.86864116975439,199.7108309271505,26.073539962514403,0.1435481198197037,5.390789602268037,4.922803972383023,4.199085798967039e-08,1.3471625247203493e-07,0.5027253385349949,0.4139111201839164
second_life,nLi_x0p95,$n_{\mathrm{Li}}\times0.95$,84.0,3.6581153415395415,0.8668357128350521,0.017269777814529874,254.00390553057971,22.962934616027916,204.80796202634377,26.233008888208026,0.14322123345796306,5.389169061968876,4.919030728504966,4.216399738533614e-08,1.3642457260145394e-07,0.5023400082808119,0.4137866932075331
second_life,nLi_x0p95,$n_{\mathrm{Li}}\times0.95$,85.0,3.649332512450445,0.8647545127625166,0.017367778203815333,259.4903669713923,23.057027476439814,210.04084453149207,26.392494963460425,0.14289146446144824,5.387549070310961,4.915257078845862,4.233676846998736e-08,1.3815641706362045e-07,0.5019546365875598,0.4136623083564652
second_life,nLi_x0p95,$n_{\mathrm{Li}}\times0.95$,86.0,3.6404667098222623,0.8626536510827912,0.017467075725642617,265.1197338423356,23.15092860648902,215.41680820088936,26.55199703495722,0.14255860112538482,5.385929635892771,4.911483050694641,4.250918750388171e-08,1.3991329265551747e-07,0.5015692262420317,0.4135379662909141
second_life,nLi_x0p95,$n_{\mathrm{Li}}\times0.95$,87.0,3.631515286717632,0.8605325005713028,0.01756770834334233,270.8972427152615,23.244636857360373,220.94109197444396,26.711513883457123,0.14222254468418224,5.384310768338268,4.90770867290015,4.2681252377591986e-08,1.416959482450677e-07,0.5011837801903224,0.4134136677498188
second_life,nLi_x0p95,$n_{\mathrm{Li}}\times0.95$,88.0,3.6224755443339567,0.8583904217133681,0.017669715057193544,276.828346527285,23.338152602161813,226.6191505420381,26.87104338308507,0.14188319444856437,5.382692486222936,4.903933995763383,4.285296377621015e-08,1.4350515017228126e-07,0.5007983035692569,0.4132894141594266
second_life,nLi_x0p95,$n_{\mathrm{Li}}\times0.95$,89.0,3.6133451176182625,0.8562268540804088,0.017773131041515598,282.91839733475047,23.431472311320782,232.45634053051438,27.03058449291532,0.14154046217052718,5.381074796827029,4.900159043914005,4.302431521881857e-08,1.4534158169321321e-07,0.50041279889406,0.413165206078724
second_life,nLi_x0p95,$n_{\mathrm{Li}}\times0.95$,90.0,3.6041184414606198,0.8540404789507382,0.017877995785466255,289.1732878589934,23.524593314630927,238.458558270989,27.190136273373447,0.1411941401838149,5.379457706171056,4.896383839583581,4.3195301802447486e-08,1.4720604369398352e-07,0.5000272684350576,0.4130410439699726
second_life,nLi_x0p95,$n_{\mathrm{Li}}\times0.95$,91.0,3.5947819779851256,0.8518280883570801,0.01798434980001545,295.5994092955342,23.61751298369299,244.63220005301912,27.34969625882209,0.14084372332445727,5.377841235487477,4.892608441112322,4.336591870089236e-08,1.49099433847104e-07,0.49964171815005426,0.41291692946342545
second_life,nLi_x0p95,$n_{\mathrm{Li}}\times0.95$,92.0,3.5853441862674664,0.8495916867821306,0.018092247355222496,302.20356453967975,23.710230915128452,250.98406897954982,27.509264645001423,0.14048952725796085,5.376225378740888,4.8888328438687605,4.3536165173479094e-08,1.5102271091766252e-07,0.49925614756607617,0.41279286209567734
second_life,nLi_x0p95,$n_{\mathrm{Li}}\times0.95$,93.0,3.575802809538733,0.8473307394565609,0.018201738551010607,308.9928394717903,23.80274586110717,257.52125444158946,27.668839169093683,0.14013146779347324,5.374610154465068,4.88505710139413,4.37060389289715e-08,1.5297685333944382e-07,0.4988705621508478,0.4126688432897734
second_life,nLi_x0p95,$n_{\mathrm{Li}}\times0.95$,94.0,3.566154343531275,0.845044416000773,0.018312873816769014,315.97457447075584,23.895058622404893,264.2510957893323,27.828420059018633,0.13976941415608826,5.372995555647762,4.881281208295553,4.387554143773506e-08,1.549628454237618e-07,0.4984849613536388,0.41254487250730437
second_life,nLi_x0p95,$n_{\mathrm{Li}}\times0.95$,95.0,3.5563948214425176,0.8427317764317929,0.018425709063540838,323.1568155026667,23.987161141559735,271.1816515244591,27.98800283664788,0.1394032183702607,5.37138162255124,4.877505270531415,4.404465790484885e-08,1.569818108304942e-07,0.4980993559951049,0.4124209528396546
second_life,nLi_x0p95,$n_{\mathrm{Li}}\times0.95$,96.0,3.5465198055969944,0.8403917691874863,0.01854030644594175,330.54829520281095,24.079050786142197,278.32165960736364,28.147584809305105,0.13903271486723376,5.369768376953783,4.873729351813973,4.4213383496708094e-08,1.5903499023200072e-07,0.4977137525816526,0.4122970859589857
second_life,nLi_x0p95,$n_{\mathrm{Li}}\times0.95$,97.0,3.5365262544329674,0.8380236735321489,0.018656710949756673,338.1567214189376,24.170719782722404,285.6788380170171,28.307163619198082,0.1386577901722956,5.368155837206288,4.869953507931678,4.438170393992472e-08,1.6112325214816668e-07,0.49732815681049647,0.41217327327430103
second_life,nLi_x0p95,$n_{\mathrm{Li}}\times0.95$,98.0,3.5264134228729387,0.8356273129104445,0.018774939399372245,345.9878646267599,24.262152904369064,293.25897534473063,28.466736377660204,0.1382784165128605,5.366544027314903,4.866177807234172,4.454959127516766e-08,1.632468613990737e-07,0.496942575661621,0.4120495166288208
second_life,nLi_x0p95,$n_{\mathrm{Li}}\times0.95$,99.0,3.516171065726684,0.8332002595977274,0.018895128207305874,354.0569272476392,24.353362419281922,301.07726446629437,28.626300362062857,0.13789421160689633,5.364932966769783,4.862402314142419,4.471706802901511e-08,1.6540862998334487e-07,0.4965570157138074,0.41192581751902163
second_life,nLi_x0p95,$n_{\mathrm{Li}}\times0.95$,100.0,3.505792703847774,0.8307409782800478,0.019017365925658964,362.3759365730766,24.444346381358336,309.14573763336796,28.785852558350303,0.13750493371268355,5.3633226786660435,4.858627099972927,4.4884130628079425e-08,1.6761034319927795e-07,0.49617148425002233,0.41180217771817373
second_life,nLi_x0p95,$n_{\mathrm{Li}}\times0.95$,101.0,3.495261996995493,0.8282455969350976,0.01914172909479433,370.9567723960266,24.535095702777113,317.47629080233196,28.945385890917592,0.13710997317049778,5.361713226430923,4.854852332143789,4.505076238551828e-08,1.698536299578182e-07,0.4957859983672936,0.4116786020962943
second_life,nLi_x0p95,$n_{\mathrm{Li}}\times0.95$,102.0,3.4845779536860837,0.8257138806185271,0.01926829411587235,379.8111392726854,24.625604434985966,326.08063605721395,29.10489878048546,0.13670929299951973,5.360104617581499,4.8510780480228215,4.521695237874068e-08,1.72139956376096e-07,0.495400561881688,0.41155509123055345
second_life,nLi_x0p95,$n_{\mathrm{Li}}\times0.95$,103.0,3.4737403123434016,0.823145767346631,0.01939715592807616,388.9525685776677,24.715871059929167,334.9723069123854,29.264390605353142,0.13630288344074562,5.358496849329856,4.847304262320281,4.538269782032861e-08,1.7447115492911288e-07,0.49501517629544256,0.41143164490689177
second_life,nLi_x0p95,$n_{\mathrm{Li}}\times0.95$,104.0,3.4627419599262916,0.8205395715962575,0.0195284136738492,398.3956600884444,24.805892448480087,344.16590995486956,29.42385768509474,0.13589047910863877,5.356889949057497,4.843531062119869,4.5547992964653765e-08,1.7684920392338788e-07,0.494629850501697,0.411308265227693
second_life,nLi_x0p95,$n_{\mathrm{Li}}\times0.95$,105.0,3.451575136914866,0.8178934546531165,0.019662174661997652,408.156274825364,24.895657789807036,353.6773217112457,29.583295324311226,0.13547179050749805,5.355283953608939,4.839758558520884,4.57128179611227e-08,1.7927626284176723e-07,0.49424459584610564,0.4111849550219222
second_life,nLi_x0p95,$n_{\mathrm{Li}}\times0.95$,106.0,3.440231127782366,0.8152053512652555,0.019798558905014405,418.2519059961416,24.985161004130834,363.52404637828454,29.74269861372623,0.1350464924715336,5.353678901122765,4.835986867683242,4.5877161646188706e-08,1.8175474421461816e-07,0.49385942419112194,0.41106171721790424
second_life,nLi_x0p95,$n_{\mathrm{Li}}\times0.95$,107.0,3.4287001036929814,0.8124729323683617,0.019937700754551743,428.70194589979525,25.074394522478354,373.7254884136145,29.902062963702367,0.13461421828875222,5.352074825584113,4.832216098203781,4.604101012188236e-08,1.8428735757470075e-07,0.4934743466268447,0.4109385544250578
second_life,nLi_x0p95,$n_{\mathrm{Li}}\times0.95$,108.0,3.416972799396421,0.8096940024466868,0.02007972895115941,439.5260284968007,25.163349099677145,384.30129598524206,30.06138341188147,0.1341746222825008,5.3504717638502575,4.828446367498401,4.6204346412436686e-08,1.868766793179721e-07,0.49308937514399076,0.4108154694733273
second_life,nLi_x0p95,$n_{\mathrm{Li}}\times0.95$,109.0,3.4050387928541084,0.8068660918691789,0.020224785123500056,450.74564527120646,25.252020684269183,395.2729699582096,30.220654628727697,0.13372731561595205,5.348869755400306,4.82467780167091,4.6367163078660294e-08,1.895255398133061e-07,0.492704522620501,0.4106924653939649
second_life,nLi_x0p95,$n_{\mathrm{Li}}\times0.95$,110.0,3.392879458669924,0.8039847871176695,0.020373023312742617,462.3844757940703,25.340402596207305,406.6642022930383,30.379870904824713,0.13327160335405752,5.34726884160557,4.820910535813584,4.652944785480859e-08,1.9223707770509152e-07,0.4923198028522347,0.41056954536350804
second_life,nLi_x0p95,$n_{\mathrm{Li}}\times0.95$,111.0,3.380480383583367,0.801046672791666,0.020524608811588935,474.46793544650495,25.428489395729287,418.5004148917991,30.539031158976595,0.13280694769298007,5.345669027209924,4.817144595508935,4.669119075251884e-08,1.9501460167190646e-07,0.4919352184517227,0.41044670974619707
second_life,nLi_x0p95,$n_{\mathrm{Li}}\times0.95$,112.0,3.367840257682257,0.7980514384912618,0.020679704332046783,487.02187335852756,25.51627073351832,430.80747409365887,30.698128531350402,0.1323332998457584,5.344070377330252,4.813380143069607,4.685237276862033e-08,1.978612728006544e-07,0.49155078599461555,0.41032396354178235
second_life,nLi_x0p95,$n_{\mathrm{Li}}\times0.95$,113.0,3.354946543876637,0.7949961133977994,0.020838484178834733,500.0745641714835,25.603740117570364,443.61366857979124,30.857155474121917,0.13185019207887508,5.342472946451087,4.809617357087017,4.70129819826488e-08,2.0078055177176548e-07,0.4911665237189806,0.4102013109336499
second_life,nLi_x0p95,$n_{\mathrm{Li}}\times0.95$,114.0,3.341785704569611,0.7918774896101163,0.02100113745600453,513.6568399905815,25.690890205617215,456.94984664604806,31.016103138916247,0.13135711933879576,5.340876798214376,4.805856446925316,4.717300491290504e-08,2.0377619647909002e-07,0.49078245300545076,0.4100787568083027
second_life,nLi_x0p95,$n_{\mathrm{Li}}\times0.95$,115.0,3.328342741357428,0.7886920130707834,0.021167873144355413,527.8027314047414,25.77771051259565,470.8500575529269,31.174963339218852,0.13085352204308495,5.339281978559886,4.802097606288173,4.733242230696397e-08,2.0685236837615523e-07,0.49039859363538285,0.4099563046930498
second_life,nLi_x0p95,$n_{\mathrm{Li}}\times0.95$,116.0,3.3145987265976657,0.7854351986406294,0.02133892277937548,542.5499798474053,25.86419319834888,485.3520623719966,31.333724277059897,0.13033869404132836,5.337688569460488,4.7983411143310235,4.749121976891515e-08,2.100136986325441e-07,0.4900149741166175,0.40983396088186375
second_life,nLi_x0p95,$n_{\mathrm{Li}}\times0.95$,117.0,3.3005359619784165,0.7821028524855658,0.021514524220474982,557.9384951558253,25.950329684447247,500.4957885897243,31.492376881653737,0.12981197502691655,5.336096629202606,4.794587185680551,4.764938154724894e-08,2.1326490696481036e-07,0.48963161636720626,0.40971172985004456
second_life,nLi_x0p95,$n_{\mathrm{Li}}\times0.95$,118.0,3.28613407806335,0.7786901478155074,0.021694936223723007,574.0120151985755,26.036111977492965,516.3249881515453,31.650915069537163,0.12927260498060403,5.334506179857249,4.790835964279469,4.780689296467741e-08,2.1661112389161044e-07,0.4892485350868307,0.4095896132922298
second_life,nLi_x0p95,$n_{\mathrm{Li}}\times0.95$,119.0,3.2713694580525936,0.7751914883373794,0.021880431997833655,590.8178307156835,26.121527689079937,532.8869770912036,31.8093259354,0.12871970279653705,5.332917309065844,4.78708775548434,4.7963731273902307e-08,2.2005778502602264e-07,0.488865761459036,0.4094676179376307
second_life,nLi_x0p95,$n_{\mathrm{Li}}\times0.95$,120.0,3.2562297690811395,0.7716039516261536,0.022071306468088067,608.4072320551782,26.206565162835915,550.2330714796003,31.967595412741993,0.12815280843271062,5.331330119483282,4.783342892127003,4.811987507176863e-08,2.2361067303807446e-07,0.4884833294731909,0.4093457516682096
second_life,nLi_x0p95,$n_{\mathrm{Li}}\times0.95$,121.0,3.2406913629135286,0.7679219339397039,0.0222678802818146,626.8368168159211,26.291212328365113,568.4198920556493,32.125712431906834,0.12757103958638072,5.329744677455954,4.779601636130041,4.827530219490114e-08,2.2727612582369492e-07,0.48810126587728697,0.4092240195781199
second_life,nLi_x0p95,$n_{\mathrm{Li}}\times0.95$,122.0,3.2247267971785067,0.7641389324684611,0.02247049058354321,646.1677641862447,26.375451018995705,587.5086545411078,32.28365862614112,0.12697337246893897,5.328161116699817,4.775864422074922,4.842997928608675e-08,2.3106082417917868e-07,0.48771961505154265,0.4091024319342288
second_life,nLi_x0p95,$n_{\mathrm{Li}}\times0.95$,123.0,3.208313756135392,0.7602496592214313,0.022679506984610926,666.4674442958146,26.459260834915312,607.5667644830594,32.44141897783995,0.12635897453247952,5.326579528477614,4.772131605297869,4.858386888767248e-08,2.3497204044952497e-07,0.48733841328351357,0.4089809957437965
second_life,nLi_x0p95,$n_{\mathrm{Li}}\times0.95$,124.0,3.191423907425924,0.7562474004956071,0.022895325785226107,687.8095773681578,26.54262484018854,628.6679805561845,32.59897197178476,0.12572678880536933,5.325000064111191,4.768403694877165,4.8736939902294375e-08,2.390175852599045e-07,0.48695771256116294,0.40885972262549086
second_life,nLi_x0p95,$n_{\mathrm{Li}}\times0.95$,125.0,3.1740140674346096,0.7521219233987412,0.023118380807924412,710.2760832045069,26.625521103333885,650.8942684345253,32.75629366664776,0.12507520416968604,5.323422874597142,4.764681257296016,4.888915205988484e-08,2.4320606860953883e-07,0.48657757073474517,0.40873862417300666
second_life,nLi_x0p95,$n_{\mathrm{Li}}\times0.95$,126.0,3.1560625031231395,0.7478680780183796,0.023349122290991887,733.9543502670049,26.70792446419193,674.3330698760483,32.91335592676465,0.1244034099893461,5.321848183345267,4.760964958281131,4.904045916195429e-08,2.475462849389084e-07,0.4861980557894343,0.4086177175400093
second_life,nLi_x0p95,$n_{\mathrm{Li}}\times0.95$,127.0,3.137533612273657,0.7434774279682929,0.02358803412321521,758.9404947354587,26.789808810497533,699.0805603682977,33.070125556663456,0.12371007816246056,5.3202762436695625,4.757255583280905,4.919081326177913e-08,2.520477336233595e-07,0.485819247936592,0.4084970221762432
second_life,nLi_x0p95,$n_{\mathrm{Li}}\times0.95$,128.0,3.1183938109171483,0.7389420151112974,0.0238356421187693,785.3404024876066,26.871150812064116,725.2426804133809,33.22657126216164,0.12299395585278942,5.318707275836805,4.7535538727567275,4.9340171521022594e-08,2.567206838769241e-07,0.48544122279342855,0.40837655499404857
second_life,nLi_x0p95,$n_{\mathrm{Li}}\times0.95$,129.0,3.098604022832633,0.73425257985312,0.02409250313844197,813.2696454867104,26.951913434301936,752.9350809663625,33.382651086045925,0.12225358540018964,5.317141588841131,4.74986081947128,4.9488465937647e-08,2.615760335690765e-07,0.4850640817426027,0.40825633971835606
second_life,nLi_x0p95,$n_{\mathrm{Li}}\times0.95$,130.0,3.0781164996156156,0.7293978076182528,0.02435919828297969,842.853308069315,27.032055881489182,782.2829396398888,33.53831254793688,0.12148718568173313,5.315579592905732,4.746177665179153,4.963562160351294e-08,2.6662515035922067e-07,0.4846879515942616,0.4081364078465814
second_life,nLi_x0p95,$n_{\mathrm{Li}}\times0.95$,131.0,3.056885018001117,0.7243667452318757,0.02463634358884505,874.2277527790524,27.111534957723038,813.4227275060317,33.69349031529762,0.12069303262073618,5.3140218160626205,4.742505955733832,4.978155920332538e-08,2.718800462796203e-07,0.484312990213663,0.4080167999216389
second_life,nLi_x0p95,$n_{\mathrm{Li}}\times0.95$,132.0,3.034873453717491,0.7191508326006514,0.024924580293244816,907.5401736705251,27.19029591155961,846.5017684583763,33.84810930058912,0.11986977905712157,5.312468875426354,4.738847467804946,4.992617820377813e-08,2.773531602355753e-07,0.4839393790374119,0.4078975633263049
second_life,nLi_x0p95,$n_{\mathrm{Li}}\times0.95$,133.0,3.012038660048109,0.713739845575975,0.025224554991344805,942.9475286428008,27.26825761000363,881.6771975310079,34.00207350178928,0.11901581601469761,5.310921584273546,4.735204472926216,5.006932963038437e-08,2.830570579125863e-07,0.4835673500384989,0.4077787605049075
second_life,nLi_x0p95,$n_{\mathrm{Li}}\times0.95$,134.0,2.988334908824012,0.7081229483021572,0.025536909162237578,980.6157408676406,27.3453183027715,919.115161388076,34.15526117679315,0.11812943844262278,5.3093810015448,4.731579851675474,5.02108266516801e-08,2.8900419643488226e-07,0.4831971973865625,0.4076604727641426
second_life,nLi_x0p95,$n_{\mathrm{Li}}\times0.95$,135.0,2.963714359061632,0.7022888042659329,0.0258622513999822,1020.7165613505994,27.421363056848293,958.987679429704,34.30751886404699,0.11720886275103201,5.30784851205048,4.7279772351543,5.035045823038191e-08,2.9520635173753685e-07,0.48282929189603735,0.4075428064313669
second_life,nLi_x0p95,$n_{\mathrm{Li}}\times0.95$,136.0,2.9381462906732323,0.6962301339622387,0.026201121579750294,1063.4231220135339,27.496240838951273,1001.4682304587259,34.458650715856805,0.11625294452607303,5.306325944033747,4.724401257375931,5.0487947042748523e-08,3.016739238783184e-07,0.4824641068004476,0.4074259018812252
second_life,nLi_x0p95,$n_{\mathrm{Li}}\times0.95$,137.0,2.911608957074289,0.6899417842686775,0.026553925153410346,1108.9008141905852,27.569768385850356,1046.7226311599031,34.60841464483158,0.11526087440113571,5.304815614544118,4.720857646445463,5.0622956585171694e-08,3.084146440491056e-07,0.482102227063889,0.40730993701948465
second_life,nLi_x0p95,$n_{\mathrm{Li}}\times0.95$,138.0,2.8840891138495524,0.6834206167571075,0.026920869443423784,1157.2971782876093,27.64171820576749,1094.8989374923924,34.75652258944937,0.11423216014060852,5.303320349009857,4.717353218276214,5.075506914262957e-08,3.154323278474137e-07,0.4817443487393323,0.4071951287858266
second_life,nLi_x0p95,$n_{\mathrm{Li}}\times0.95$,139.0,2.8555916201965057,0.6766677828745228,0.02730190717019994,1208.7308040363976,27.711832463888047,1146.116312120544,34.90265945196545,0.11316698410237279,5.301843399835149,4.71389542849398,5.088381128493426e-08,3.2272568454674107e-07,0.48139123320830396,0.407081726903642
second_life,nLi_x0p95,$n_{\mathrm{Li}}\times0.95$,140.0,2.826160409648845,0.669693693215572,0.02769660570981543,1263.2666312456543,27.779865779225,1200.440213666084,35.046551800345235,0.11206698353342974,5.300387780731809,4.710490746859224,5.100873244932153e-08,3.3028545710946383e-07,0.48104354117404086,0.406969962769243
second_life,nLi_x0p95,$n_{\mathrm{Li}}\times0.95$,141.0,2.7958693278887803,0.6625158464287674,0.028104075015931613,1320.8961131974581,27.845647000537753,1257.8623927310819,35.18807346583848,0.11093490486286527,5.298955320939657,4.707142158690011,5.112951837193175e-08,3.3809266619255406e-07,0.480701577502437,0.40685997683379893
second_life,nLi_x0p95,$n_{\mathrm{Li}}\times0.95$,142.0,2.764829943227088,0.6551606800064163,0.02852297198259947,1381.5265830961307,27.90914788573819,1318.290090069872,35.3273451405208,0.10977488884065827,5.297545779778822,4.703846808253579,5.124611719531076e-08,3.4611839210421546e-07,0.48036505056107587,0.40675175061762814
second_life,nLi_x0p95,$n_{\mathrm{Li}}\times0.95$,143.0,2.733182307238506,0.6476613809028069,0.028951528923256264,1444.975517397478,27.970517817644577,1381.5402514215627,35.46474815827068,0.10859211526401225,5.296156499739625,4.7005956726903575,5.135880321265598e-08,3.5432431417117635e-07,0.480033038919781,0.4066450800740344
second_life,nLi_x0p95,$n_{\mathrm{Li}}\times0.95$,144.0,2.701097645618122,0.6400585231659396,0.029387644897858393,1510.9784004618834,28.03003806115967,1447.3475320977432,35.6008303029805,0.1073928850810564,5.294783178153449,4.6973757907151965,5.146809287592896e-08,3.626649595026869e-07,0.4797042189494782,0.40653963483909744
second_life,nLi_x0p95,$n_{\mathrm{Li}}\times0.95$,145.0,2.6687557048135018,0.6323946999415895,0.029829179883204517,1579.2333483674086,28.088061229204282,1515.4091129967405,35.7361741414638,0.1061837406273726,5.293421483834856,4.694173378033424,5.1574633644634295e-08,3.710941696730341e-07,0.4793771829739235,0.406435082359342
second_life,nLi_x0p95,$n_{\mathrm{Li}}\times0.95$,146.0,2.6363305208479475,0.6247111512198152,0.030273929795478126,1649.3959395178401,28.14494639775449,1585.3796002484908,35.87139287159483,0.10497086618688947,5.292066689816929,4.69097392557931,5.167908484558582e-08,3.7956470084206557e-07,0.47905044930198676,0.4063310596927288
second_life,nLi_x0p95,$n_{\mathrm{Li}}\times0.95$,147.0,2.6039851932991165,0.617046525464501,0.03072014010898741,1721.1687512816911,28.20103656823173,1656.9606827015414,36.00703201191791,0.10375976883527907,5.290713321827394,4.687764525668807,5.1782076289880335e-08,3.8803891851623817e-07,0.4787226997784321,0.40622714651824066
second_life,nLi_x0p95,$n_{\mathrm{Li}}\times0.95$,148.0,2.5718318098320725,0.6094273832353815,0.031166725915653046,1794.3527386139708,28.256614599859475,1729.9527504125565,36.14337360155488,0.10255355919764257,5.2893579769669365,4.6845385048864845,5.188412735693335e-08,3.9649371235676037e-07,0.4783932529024216,0.40612308155729476
second_life,nLi_x0p95,$n_{\mathrm{Li}}\times0.95$,149.0,2.5399861610710985,0.6018811625542163,0.03161271605285691,1868.7640140793187,28.311894677062135,1804.1717854616754,36.28033394058127,0.1013546070989389,5.288001874696317,4.6812978436823025,5.1985631327118736e-08,4.049096500401471e-07,0.4780623109209636,0.4060189584415122
second_life,Cp_x0p85,$C_p\times0.85$,0.0,4.124210073968379,1.0,0.012298255689731974,48.51272570718261,14.457394060807907,21.12576703109742,12.92956461527729,0.1730196110765485,4.69789333495662,5.233807663519556,2.6546325004696767e-08,4.381526340964325e-08,0.5344855785911435,0.3607097357237512
second_life,Cp_x0p85,$C_p\times0.85$,1.0,4.122530068978267,0.9995926480562385,0.012347250095183284,49.56641707629076,14.570225349030189,21.914334449764507,13.081857277496072,0.17278789687113624,4.695978964302165,5.230204219444853,2.6753503147261687e-08,4.462552377875457e-08,0.5341175885894067,0.3605627481095992
second_life,Cp_x0p85,$C_p\times0.85$,2.0,4.12084779326003,0.9991847455274959,0.012396623512279348,50.64218316328402,14.682914069621443,22.724996232557633,13.234272861104944,0.17255504054197005,4.69406361596519,5.226597866888885,2.6960419510514757e-08,4.5443428950082284e-08,0.533749301568484,0.36041568542784175
second_life,Cp_x0p85,$C_p\times0.85$,3.0,4.119163139357221,0.9987762663587354,0.012446385457556204,51.74056370772046,14.795460513590456,23.55829122726234,13.38681196686766,0.17232115594502156,4.692147284143502,5.222988591636795,2.7167074628799426e-08,4.6269102664791845e-08,0.5333807160767292,0.36026854723297963
second_life,Cp_x0p85,$C_p\times0.85$,4.0,4.117475989836454,0.9983671820758042,0.012496542803682616,52.86211029192501,14.907864688813866,24.41476965575569,13.539475947355456,0.17208625355550916,4.690229953613409,5.219376361684972,2.7373468516578587e-08,4.710266715628343e-08,0.5330118288458779,0.3601213323561201
second_life,Cp_x0p85,$C_p\times0.85$,5.0,4.115786224429161,0.9979574635171017,0.012547102186439504,54.00739892932382,15.020126122000459,25.295007094872698,13.692265712450661,0.17185031570741832,4.688311614689115,5.21576115550441,2.7579600304806117e-08,4.794425633012144e-08,0.5326426376773502,0.35997404005357636
second_life,Cp_x0p85,$C_p\times0.85$,6.0,4.114093724992951,0.9975470820365622,0.012598070312389922,55.17702188171549,15.13224373801177,26.19959704463181,13.845181099071906,0.17161332498766502,4.686392271174491,5.212142976953826,2.7785468019338186e-08,4.879400762804204e-08,0.5322731429652051,0.35982667061741413
second_life,Cp_x0p85,$C_p\times0.85$,7.0,4.1123983490318,0.9971360030830793,0.012649454419855318,56.37159774762391,15.244217682184344,27.129156889881706,13.99822317555786,0.1713752618775245,4.684471911424719,5.2085218007549265,2.7991071927038328e-08,4.9652066959719605e-08,0.5319033421279792,0.35967922315353057
second_life,Cp_x0p85,$C_p\times0.85$,8.0,4.110699947846003,0.9967241906013347,0.012701261597894274,57.59175654618777,15.356047525929007,28.084316513623087,14.151392506635677,0.17113610772740576,4.6825505301244705,5.204897613545528,2.8196411240941233e-08,5.051857751133767e-08,0.5315332338011027,0.35953169725380857
second_life,Cp_x0p85,$C_p\times0.85$,9.0,4.10899835830966,0.9963116050380815,0.012753499134029766,58.838147989820634,15.46773323138803,29.065724966651345,14.304689791781255,0.1708958433748322,4.680628120267726,5.201270398775112,2.8401485891533444e-08,5.139368563611308e-08,0.5311628162944081,0.35938409238031793
second_life,Cp_x0p85,$C_p\times0.85$,10.0,4.107293403235023,0.9958982034304866,0.012806174515761342,60.11144210102783,15.57927518860987,30.07405119670483,14.45811571571313,0.17065444920193418,4.678704675035161,5.19764014024234,2.8606296595012703e-08,5.2277540986873507e-08,0.5307920879533863,0.35923640800946277
second_life,Cp_x0p85,$C_p\times0.85$,11.0,4.10558489058047,0.9954839392140888,0.012859295418269738,61.41232957223674,15.690674126205929,31.10998455655884,14.611670889471975,0.1704119051974417,4.67678018851079,5.19400682348919,2.8810844689238037e-08,5.317029643457695e-08,0.5304210473015587,0.3590886436870069
second_life,Cp_x0p85,$C_p\times0.85$,12.0,4.103872609047603,0.9950687611552226,0.012912869817881187,62.74153087319252,15.801927101202985,32.174247672988436,14.7653560990011,0.17016818953270055,4.674854652628797,5.190370429919211,2.9015124770391628e-08,5.4072118369596944e-08,0.5300496924398235,0.35894079879364754
second_life,Cp_x0p85,$C_p\times0.85$,13.0,4.102156334394449,0.9946526148817852,0.012966905782785006,64.09978359498076,15.913033652106362,33.26757835939479,14.919171583479608,0.16992328104608392,4.672928066158796,5.186730953873114,2.9219135991087862e-08,5.498317038509911e-08,0.5296780227902439,0.35879287323491427
second_life,Cp_x0p85,$C_p\times0.85$,14.0,4.100435813527042,0.9942354390259125,0.013021412089040894,65.48786048458105,16.023995699427676,34.390746505745554,15.073118279407826,0.169677156370385,4.6710004191334455,5.183088373192071,2.9422881877724746e-08,5.59036269626522e-08,0.529306036089922,0.3586448662455028
second_life,Cp_x0p85,$C_p\times0.85$,15.0,4.098710770878567,0.9938171667707324,0.013076398198473385,66.90657691467482,16.134813176128738,35.544566717508,15.227197021038084,0.16942978939561304,4.669071702877153,5.179442668136579,2.9626362307208344e-08,5.683368241776041e-08,0.5289337303230252,0.3584967771592912
second_life,Cp_x0p85,$C_p\times0.85$,16.0,4.096980905424115,0.9933977251265322,0.01313187127385092,68.35670042444639,16.24548388705483,36.72980776777039,15.381408769621167,0.1691811624664785,4.667141907256057,5.175793815962184,2.982957324884749e-08,5.777347778719441e-08,0.52856110316685,0.3583486051981897
second_life,Cp_x0p85,$C_p\times0.85$,17.0,4.095245886917452,0.9929770340182849,0.01318784353568617,69.83916756146373,16.356010635421672,37.94740266971839,15.535754256323655,0.16893124022658265,4.66521102455638,5.172141799368526,3.003251984984057e-08,5.872326735940418e-08,0.5281881528546536,0.3582003497699254
second_life,Cp_x0p85,$C_p\times0.85$,18.0,4.09350535672665,0.9925550064882647,0.013244323116853139,71.3548174144799,16.46639138353452,39.19819181147555,15.690234219469824,0.1686800020308796,4.6632790475075225,5.168486600885885,3.02351983686207e-08,5.968321378393145e-08,0.5278148776023975,0.3580520103162531
second_life,Cp_x0p85,$C_p\times0.85$,19.0,4.091758920524377,0.9921315469236569,0.013301319451574046,72.90454852957154,16.576625405626622,40.48307369901678,15.844849424928142,0.16842742285350018,4.661345968300161,5.164828202392808,3.043760747255214e-08,6.065350790236702e-08,0.5274412755594875,0.3579035862375641
second_life,Cp_x0p85,$C_p\times0.85$,20.0,4.0900061394917335,0.9917065489237473,0.01335884783850446,74.48946680899384,16.68671689754543,41.803149240563236,15.99960067088517,0.16817345698163985,4.65941177877195,5.161166585003155,3.0639754865950736e-08,6.163447260142375e-08,0.5270673447972378,0.3577550769071437
second_life,Cp_x0p85,$C_p\times0.85$,21.0,4.088246541059101,0.9912798979042615,0.013416914152394384,76.11041025195742,16.796661159237004,43.15926034998723,16.154488742733182,0.16791809254755719,4.657476470811168,5.157501730133515,3.084163191868861e-08,6.26262172848894e-08,0.5266930834178781,0.3576064817021646
second_life,Cp_x0p85,$C_p\times0.85$,22.0,4.0864795941915615,0.9908514651048044,0.013475528369296086,77.76839222692865,16.906456621914757,44.5524215195711,16.309514085442792,0.16766127006847018,4.6555400406159855,5.153833627255299,3.104323575019694e-08,6.362896233036201e-08,0.5263184903462106,0.3574578003307179
second_life,Cp_x0p85,$C_p\times0.85$,23.0,4.084704710157284,0.9904211077751717,0.013534692895516542,79.46423417652417,17.016096654383997,45.98346096485529,16.464676557284886,0.16740291199207719,4.653602491603431,5.1501622797220055,3.124455418443289e-08,6.464277796758658e-08,0.5259435659247002,0.357309033055167
second_life,Cp_x0p85,$C_p\times0.85$,24.0,4.082921262145212,0.9899886739320634,0.013594422857970728,81.19906599055786,17.125583529649237,47.45350398148877,16.619978479419846,0.16714306671487703,4.651663796557281,5.146487632611934,3.144559139503358e-08,6.566793006951319e-08,0.5255683045446471,0.3571601777858184
second_life,Cp_x0p85,$C_p\times0.85$,25.0,4.081128580032536,0.9895540010903497,0.013654728405544318,82.97389055749103,17.234915277145504,48.963553777954004,16.775421502391527,0.16688178751114574,4.649723936370276,5.142809646871054,3.1646343763694214e-08,6.670457931267914e-08,0.5251927022177855,0.3570112330555946
second_life,Cp_x0p85,$C_p\times0.85$,26.0,4.079325866129359,0.9891168958336229,0.013715626301626004,84.79006953514165,17.34409620318783,50.51496723375666,16.93100609819716,0.16661896627305955,4.647782907185926,5.139128311331293,3.184681919756859e-08,6.775310792187597e-08,0.5248167578036121,0.3568621985683896
second_life,Cp_x0p85,$C_p\times0.85$,27.0,4.07751227302197,0.9886771526889087,0.013777128756966447,86.64880364957011,17.453125477301203,52.10894559374978,17.08673257851913,0.16635456867767126,4.645840706849383,5.135443618617835,3.204701617175814e-08,6.881376603989822e-08,0.5244404705489982,0.35671307415875175
second_life,Cp_x0p85,$C_p\times0.85$,28.0,4.075686852101332,0.9882345416463335,0.013839248277725176,88.55133216287484,17.562002585704303,53.74672717981019,17.242602397360344,0.16608856091873592,4.643897318942035,5.131755534327065,3.2246933742869765e-08,6.988680650004153e-08,0.5240638369405864,0.35656385856604084
second_life,Cp_x0p85,$C_p\times0.85$,29.0,4.073848563233041,0.9877888105038065,0.013901997697555544,90.49893648054264,17.670728298737846,55.429591903215425,17.39861627858937,0.1658209089150005,4.64195273614733,5.128064041331306,3.2446573325384853e-08,7.097248707724677e-08,0.5236868552292683,0.3564145512284834
second_life,Cp_x0p85,$C_p\times0.85$,30.0,4.071996250432631,0.9873396789689941,0.013965390122862544,92.492942941107,17.77930226061818,57.15886529846132,17.554775382027493,0.16555157756313235,4.640006945707703,5.124369112187663,3.2645934266021886e-08,7.207107221575476e-08,0.5233095226125276,0.35626515116653884
second_life,Cp_x0p85,$C_p\times0.85$,31.0,4.070128656008905,0.9868868420886632,0.014029438871186812,94.53473571362599,17.887718017108806,58.935938935700314,17.711078760816882,0.16528053080131255,4.638059961091932,5.120670769300035,3.284500471366447e-08,7.318284474618444e-08,0.5229318413782896,0.3561156594143555
second_life,Cp_x0p85,$C_p\times0.85$,32.0,4.068244401201602,0.9864299655538822,0.014094157674508096,96.625743361237,17.995973868544628,60.76224557331688,17.86752391937548,0.16500773306644687,4.636111815021832,5.116969071717166,3.304378154742775e-08,7.430808883613752e-08,0.5225538175567151,0.35596607848435263
second_life,Cp_x0p85,$C_p\times0.85$,33.0,4.066341873705009,0.9859686584277974,0.014159561836236208,98.7674715057144,18.104074203217674,62.63928194866954,18.02411535382718,0.16473314217765134,4.634162453152181,5.113263913054868,3.3242272824989763e-08,7.544710311499562e-08,0.5221754402836652,0.3558164042038406
second_life,Cp_x0p85,$C_p\times0.85$,34.0,4.0644193275479985,0.9855024973636106,0.014225667429837045,100.96151113603176,18.21201915621955,64.56863831446,18.1808536653522,0.16445671409678456,4.632211869731174,5.10955527908843,3.344047879440251e-08,7.660021660047452e-08,0.5217967081064875,0.3556666361311892
second_life,Cp_x0p85,$C_p\times0.85$,35.0,4.062474830334982,0.9850310138120597,0.014292488363942226,103.20941121744943,18.319807258333,66.55186435802322,18.337739601093197,0.16417841278887443,4.630260056916406,5.105843152139476,3.3638396757924016e-08,7.776770754456212e-08,0.5214176192198353,0.3555167736642492
second_life,Cp_x0p85,$C_p\times0.85$,36.0,4.060506220553918,0.9845536836698613,0.01436004063602013,105.51284225238945,18.42743848300686,68.59062917562251,18.494774593760063,0.16389819507221243,4.628306998489687,5.102127498308213,3.3836026666801675e-08,7.894989870761944e-08,0.5210381701618025,0.3553668155577693
second_life,Cp_x0p85,$C_p\times0.85$,37.0,4.058511142093262,0.9840699356490586,0.014428339429917685,107.87349689890237,18.53491028494852,70.68663044954401,18.651956164409835,0.16361602207809384,4.626352726744401,5.09840837624968,3.403336384742939e-08,8.014710204109991e-08,0.5206583669223444,0.3552167642912731
second_life,Cp_x0p85,$C_p\times0.85$,38.0,4.05648692342075,0.9835791219814212,0.014497401626027084,110.29316100193122,18.642227219549238,72.84164808024879,18.80928570213319,0.16333184936311965,4.624397225811288,5.094685753096172,3.423041666430884e-08,8.135964885534307e-08,0.5202782061449531,0.35506661864630024
second_life,Cp_x0p85,$C_p\times0.85$,39.0,4.054430572571709,0.9830805172032552,0.014567246063974722,112.77377058538663,18.749386201218968,75.05761914572373,18.966765238443926,0.1630456239876959,4.622440472071562,5.0909595807794075,3.442717945175257e-08,8.258792904707949e-08,0.5198976829208122,0.3549163768093728
second_life,Cp_x0p85,$C_p\times0.85$,40.0,4.052338657875348,0.982573289235028,0.01463788945316253,115.3172797554501,18.856386532334167,77.33649713024997,19.12439609286596,0.1627572329985181,4.620482450598038,5.087229828077721,3.462365092880073e-08,8.383230984087895e-08,0.5195167940615104,0.3547660376343641
second_life,Cp_x0p85,$C_p\times0.85$,41.0,4.050207364689348,0.9820565131378423,0.014709351447799009,117.92579611385088,18.963229121088922,79.68038745480756,19.282179537954384,0.1624665814596881,4.618523147069789,5.08349646488079,3.481983276305782e-08,8.509320910767975e-08,0.5191355364921292,0.3546156000216966
second_life,Cp_x0p85,$C_p\times0.85$,42.0,4.048032708626479,0.9815292228146371,0.014781659736106434,120.6017035994779,19.069916591181144,82.09167184167353,19.440115166623233,0.16217370232179287,4.616562567994917,5.079759500820804,3.501572977209589e-08,8.637115635000905e-08,0.5187539111963243,0.35446506447107
second_life,Cp_x0p85,$C_p\times0.85$,43.0,4.045810120528567,0.9809903103785462,0.014854826515372678,123.3468893096422,19.176443282784444,84.57224270254659,19.59820332431116,0.1618785587198941,4.614600710180974,5.0760189277242285,3.521133156347559e-08,8.766638684670031e-08,0.5183719173394005,0.35431443073736446
second_life,Cp_x0p85,$C_p\times0.85$,44.0,4.043533810450955,0.9804383719377817,0.014928867336633544,126.16367718357576,19.282810371868592,87.12442330645236,19.756443505254804,0.16158083183847394,4.612637581340085,5.072274757558089,3.540664029648481e-08,8.897933221217549e-08,0.5179895561434511,0.3541636994127259
second_life,Cp_x0p85,$C_p\times0.85$,45.0,4.041198505460797,0.9798721289607573,0.015003807942589731,129.05443916075328,19.389014294263987,89.75058817156929,19.914836694919995,0.16128069460961017,4.6106731704866135,5.068526967004974,3.560164942667962e-08,9.031041448845339e-08,0.5176068252272612,0.35401286965366435
second_life,Cp_x0p85,$C_p\times0.85$,46.0,4.038797907734905,0.9792900544100342,0.015079671268327956,132.02167688923035,19.495053236096325,92.45324079744513,20.073382855688887,0.16097812613579043,4.60870747928043,5.064775556954968,3.5796355623466935e-08,9.166008453824854e-08,0.5172237246817281,0.3538619415876265
second_life,Cp_x0p85,$C_p\times0.85$,47.0,4.036324906377859,0.9786904241020012,0.015156480137186037,135.06799828305506,19.60092551796733,95.23499107242867,20.232081692659055,0.16067306510627857,4.606740513760885,5.061020534385851,3.5990755803175354e-08,9.302880805787477e-08,0.5168402552194346,0.35371091567832086
second_life,Cp_x0p85,$C_p\times0.85$,48.0,4.033771591137904,0.9780713200325769,0.015234258233155202,138.19612856347615,19.706629183301235,98.09856661102049,20.390932769154432,0.16036544784367776,4.604772284921401,5.0572619096299505,3.618484637318675e-08,9.441706904430771e-08,0.5164564178955361,0.3535597927698351
second_life,Cp_x0p85,$C_p\times0.85$,49.0,4.031129168308396,0.9774306099857762,0.015313030215547911,141.40891879023866,19.81216260174961,101.04682078899638,20.54993539949266,0.160055208004514,4.602802803195478,5.05349969891141,3.6378624339893884e-08,9.582537132311356e-08,0.5160722143668706,0.3534085736632657
second_life,Cp_x0p85,$C_p\times0.85$,50.0,4.0283878658954455,0.9767659245396461,0.01539282255385416,144.709396467798,19.917523181171912,104.08278448051774,20.70908880610833,0.1597422733502254,4.600832078856224,5.049733920628447,3.657208494366962e-08,9.725426027893364e-08,0.515687646512296,0.3532572591473939
second_life,Cp_x0p85,$C_p\times0.85$,51.0,4.025536902359206,0.9760746494869433,0.01547366024472396,148.1006112743512,20.022705933405728,107.20951330393494,20.868392037010537,0.1594265771865707,4.598860124266941,5.045964597306414,3.676521902536811e-08,9.870424844925824e-08,0.5153027166321409,0.3531058501714883
second_life,Cp_x0p85,$C_p\times0.85$,52.0,4.0225643721986915,0.9753538980928093,0.015555570292613794,151.58578520601648,20.127711893477844,110.43022941207127,21.02784390046736,0.1591080478181317,4.596886954665312,5.042191757143252,3.6958028485481064e-08,1.001758811134605e-07,0.514917427606028,0.35295434790551605
second_life,Cp_x0p85,$C_p\times0.85$,53.0,4.0194571808499,0.9746004953094729,0.015638580851256734,155.16830683212103,20.232538590593794,113.7483254166767,21.187442824850535,0.1587866096373122,4.594912589888556,5.038415437325745,3.715050878719413e-08,1.0166973456477569e-07,0.5145317832315368,0.35280275387260207
second_life,Cp_x0p85,$C_p\times0.85$,54.0,4.016200743282245,0.9738109046947249,0.015722720139106344,158.8517240725419,20.337182400176232,117.16735629462102,21.34718537774466,0.15846214196734376,4.592937072691181,5.034635719069344,3.7342653275144105e-08,1.0318640910891446e-07,0.5141457918025308,0.3526510713554873
second_life,Cp_x0p85,$C_p\times0.85$,55.0,4.012778878564738,0.972981202847308,0.015808016431912934,162.6397391550455,20.44163888052357,120.69103368304346,21.507066591478473,0.15813448683423448,4.590960464661632,5.0308527199156625,3.753445379358361e-08,1.0472652358471871e-07,0.5137594653225651,0.3524993050830045
second_life,Cp_x0p85,$C_p\times0.85$,56.0,4.009175342120884,0.9721074509337961,0.01589450389717598,166.5362175753099,20.545909146011862,124.32321859990813,21.66708982938992,0.15780368127000452,4.588982724184436,5.027066360283716,3.7725912388703586e-08,1.0629070958287823e-07,0.5133727956646904,0.3523474518598691
second_life,Cp_x0p85,$C_p\times0.85$,57.0,4.005372006759852,0.9711852536419953,0.01598221543240129,170.54524869332408,20.649989574302058,128.06800735745088,21.827251761571148,0.15746963509159043,4.58700389235537,5.02327671896349,3.791702240925076e-08,1.0787964532964067e-07,0.5129857908750777,0.35219551484146283
second_life,Cp_x0p85,$C_p\times0.85$,58.0,4.0013499888607775,0.9702100322476097,0.016071185834981492,174.67112191178742,20.753872979838228,131.92970049048773,21.98754844146145,0.15713229540466375,4.585024017843326,5.019483889335786,3.81077706612773e-08,1.0949403794839317e-07,0.5125984604899374,0.35204349776463995
second_life,Cp_x0p85,$C_p\times0.85$,59.0,3.9970889204572804,0.9691768481160853,0.016161450441045132,178.91833162798073,20.85756242786735,135.91279327350566,22.14797592660774,0.15679153648179092,4.583043148862722,5.015687964684212,3.829816277311719e-08,1.1113461591866643e-07,0.5122108140355547,0.3518914043313599
second_life,Cp_x0p85,$C_p\times0.85$,60.0,3.9925679184684557,0.9680806377127015,0.0162530458176208,183.29157916047393,20.961055524281093,140.02199395701032,22.30852967918252,0.15644725107175575,4.581061340866097,5.011889052379719,3.848819434876534e-08,1.128021332253222e-07,0.5118228624768383,0.35173923879933333
second_life,Cp_x0p85,$C_p\times0.85$,61.0,3.9877659048357263,0.9669162902263697,0.01634601004395634,187.79579823691392,21.064349189747684,144.26224568148373,22.46920336568253,0.15609933755063585,4.5790786712625415,5.008087302281297,3.8677859734025605e-08,1.144973744775523e-07,0.5114346211176501,0.3515870071121206
second_life,Cp_x0p85,$C_p\times0.85$,62.0,3.9826620092293292,0.9656787452141472,0.016440382574136266,192.43616073116178,21.167440414428988,148.63873025877626,22.62999005795651,0.15574769074451286,4.577095224560047,5.004282878318089,3.886715340230438e-08,1.1622115234406926e-07,0.5110461066987206,0.3514347157583439
second_life,Cp_x0p85,$C_p\times0.85$,63.0,3.9772361402201466,0.9643631310936566,0.016536204398009034,197.2180818717477,21.270328118767313,153.1568694552446,22.79088429773579,0.1553922012295389,4.575111066915298,5.000475909639889,3.905607337134337e-08,1.1797430409255181e-07,0.5106573324090522,0.3512823698175908
second_life,Cp_x0p85,$C_p\times0.85$,64.0,3.9714696676631296,0.9629649306010545,0.01663351861562262,202.14727520781085,21.373013458712936,157.82238327223106,22.95187847686686,0.15503275450423015,4.573126290615289,4.996666576265585,3.924462176367113e-08,1.1975770990605093e-07,0.5102683166324881,0.3511299763757645
second_life,Cp_x0p85,$C_p\times0.85$,65.0,3.965346097102947,0.9614801443146249,0.01673236784722306,207.22964374531986,21.475491018059465,162.64118743643178,23.11296529082861,0.15466922909663317,4.571140983953985,4.992855051029724,3.94327886341776e-08,1.2157224931624047e-07,0.509879077019194,0.35097754221217864
second_life,Cp_x0p85,$C_p\times0.85$,66.0,3.9588502302591366,0.9599050870970474,0.016832795040123187,212.47142182026255,21.577756298987712,167.61953112029806,23.27413440097678,0.15430140180984422,4.569155272291849,4.989041578558186,3.962056572407357e-08,1.2341884976515576e-07,0.509489638550792,0.35082507695215603
second_life,Cp_x0p85,$C_p\times0.85$,67.0,3.951972605697038,0.958237464827874,0.016934854172754116,217.87950128808325,21.679809940183926,172.76431270813094,23.435378639768366,0.15392919608014277,4.567169241512574,4.985226328444435,3.980795420609964e-08,1.2529859530140474e-07,0.5091000185464629,0.3506725871899469
second_life,Cp_x0p85,$C_p\times0.85$,68.0,3.9447044576917962,0.9564751520758836,0.017038651174650282,223.46429604956487,21.781670779227046,178.0859353036964,23.596689966641396,0.15355233895694015,4.5651829869832605,4.981409490938711,3.999498866937266e-08,1.2721373233316852e-07,0.5087102364348934,0.3505200802479485
second_life,Cp_x0p85,$C_p\times0.85$,69.0,3.937046512766323,0.9546183250015768,0.01714417849836977,229.22957636869626,21.883309013237124,183.58820849685512,23.758058858604024,0.15317084971729217,4.563196623855674,4.977591291367488,4.0181614390549427e-08,1.2916402671756e-07,0.5083203152268165,0.3503675649676479
second_life,Cp_x0p85,$C_p\times0.85$,70.0,3.92899710521279,0.9526665797196524,0.017251485668155767,235.1829910692216,21.984724630811332,189.2787911318537,23.91947530655657,0.15278438481394457,4.5612102719359315,4.9737719665591875,4.036783134869233e-08,1.3115056341300674e-07,0.5079302791075643,0.3502150505478987
second_life,Cp_x0p85,$C_p\times0.85$,71.0,3.9205661358606583,0.9506223168909117,0.017360632238474807,241.3326398333697,22.085914155607288,195.16579712441137,24.08092855335104,0.15239298908193327,4.559224059765899,4.9699517710420364,4.0553633160623724e-08,1.3317448889673813e-07,0.5075401540700036,0.3500625468582954
second_life,Cp_x0p85,$C_p\times0.85$,72.0,3.9117642294088744,0.9484881126932786,0.017471677955228273,247.68709884301376,22.18687358897482,201.25781667519183,24.242408578847115,0.15199655127469794,4.557238106336487,4.966130941905694,4.0739012484116747e-08,1.3523701065007708e-07,0.5071499643261446,0.34991006303509903
second_life,Cp_x0p85,$C_p\times0.85$,73.0,3.902603557280889,0.9462669183400116,0.017584684719268467,254.25544465528293,22.287599069566696,207.563940113009,24.4039054727072,0.15159490503334977,4.555252528819084,4.96230971364174,4.092396222905693e-08,1.3733939720868657e-07,0.5067597338226769,0.34975760807486567
second_life,Cp_x0p85,$C_p\times0.85$,74.0,3.893098124831749,0.943962129719001,0.017699717439919313,261.04725768377347,22.38808672181435,214.0937609283052,24.565410033653958,0.15118788973114694,4.553267434948009,4.9584883039644625,4.110847527921696e-08,1.39482971066088e-07,0.5063694847929638,0.34960519024956205
second_life,Cp_x0p85,$C_p\times0.85$,75.0,3.8832662090822514,0.941578178471814,0.01781678680394762,268.0687542666078,22.48831221542521,220.85352942756006,24.726912623622514,0.15077549319164607,4.5512829386303,4.954666940923113,4.1292506959889115e-08,1.416678672585392e-07,0.5059792405257932,0.34945281830510366
second_life,Cp_x0p85,$C_p\times0.85$,76.0,3.873116085151277,0.9391170710721107,0.017935994204535177,275.33279660541723,22.588281586369625,227.85611386633283,24.888401152714756,0.15035728763626818,4.549299181820929,4.950845910580535,4.147606835417937e-08,1.4389626680543886e-07,0.505589030234402,0.34930050314095895
second_life,Cp_x0p85,$C_p\times0.85$,77.0,3.862661222366215,0.9365820734367933,0.01805743922159124,282.85223336243433,22.68800251069051,235.11435661379136,25.049874237952466,0.1499331225677838,4.547316174255046,4.9470252456598045,4.165917355665615e-08,1.4617017210198486e-07,0.5051988572605282,0.34914824550460405
second_life,Cp_x0p85,$C_p\times0.85$,78.0,3.851911691067498,0.9339756273281029,0.018181201278340636,290.63917538321147,22.787468689641727,242.64038171466862,25.211324978901153,0.14950278761406122,4.54533399329771,4.943205109434251,4.1841811001710816e-08,1.4849120245364596e-07,0.5048087382779289,0.3489960513362186
second_life,Cp_x0p85,$C_p\times0.85$,79.0,3.8408744669254093,0.9312994241415207,0.018307363294052834,298.7064852258769,22.886667992507277,250.44707309783098,25.372744135538657,0.14906605660866626,4.543352744345307,4.939385720534913,4.2023958415209555e-08,1.5086106320939214e-07,0.504418695613588,0.3488439287282601
second_life,Cp_x0p85,$C_p\times0.85$,80.0,3.8295528338189952,0.9285542601214153,0.018436014052743987,307.0678421400137,22.985604088370334,258.5481098349549,25.534128216688444,0.14862267720290617,4.541372461484556,4.935567161567605,4.220562253423612e-08,1.5328154435627113e-07,0.5040287377033553,0.3486918802979468
second_life,Cp_x0p85,$C_p\times0.85$,81.0,3.8179405143803713,0.9257386131901594,0.018567241239099277,315.737764923823,23.084271265597337,266.9580243753808,25.695469282844922,0.14817211816717182,4.539393232669863,4.93174962039144,4.2386792871224063e-08,1.5575452534926028e-07,0.5036388837317316,0.3485399127985205
second_life,Cp_x0p85,$C_p\times0.85$,82.0,3.8060449525298843,0.922854288280143,0.01870114709436237,324.7317134298747,23.18266649853115,275.69228510954895,25.856761821794557,0.14771437754883981,4.537415115241168,4.927933227432619,4.256746387053332e-08,1.5828198584373697e-07,0.5032491470180681,0.3483880306326088
second_life,Cp_x0p85,$C_p\times0.85$,83.0,3.793870207163348,0.9199022695545737,0.0188378351441888,334.0661772148624,23.28078682474866,284.76738939655837,26.01800099355541,0.1472491797742518,4.53543815740553,4.924118097211459,4.2747630092632636e-08,1.608660176806661e-07,0.5028595392573798,0.34823623750160604
second_life,Cp_x0p85,$C_p\times0.85$,84.0,3.7814212240687417,0.9168837562220006,0.018977416536984322,343.75899938894065,23.378635903218157,294.20118305653375,26.179180429188744,0.14677611619748437,4.533462425185433,4.920304380425403,4.2927298256033046e-08,1.6350889788773162e-07,0.5024700758391526,0.34808453847479565
second_life,Cp_x0p85,$C_p\times0.85$,85.0,3.7687088173260515,0.9138013703796959,0.0191200189791941,353.82978600844706,23.47621209957876,304.01327521282724,26.340298696041042,0.1462949571958179,4.5314879230748195,4.916492110972911,4.310646535975975e-08,1.6621317976906954e-07,0.5020807602251565,0.3479329338972277
second_life,Cp_x0p85,$C_p\times0.85$,86.0,3.7557396589685657,0.9106567298000742,0.019265751357170586,364.2975734964263,23.573508922754915,314.22271368923043,26.50135088444099,0.145805415216459,4.529514696983787,4.9126814050232435,4.3285119485053366e-08,1.6898103713949248e-07,0.5016916042787992,0.34778142729393313
second_life,Cp_x0p85,$C_p\times0.85$,87.0,3.7425147885491366,0.9074500865442169,0.01941474159781791,375.1837233823434,23.670523427443307,324.8508685767175,26.662331378182547,0.14530714118636798,4.527542800307006,4.9088723954632,4.3463255223817606e-08,1.7181504887458936e-07,0.5013026215707128,0.347630022764617
second_life,Cp_x0p85,$C_p\times0.85$,88.0,3.7290313351839557,0.9041807445069897,0.019567124100257873,386.5110013101583,23.76725253394391,335.9205133583393,26.82323541787509,0.14479976929463173,4.525572274538109,4.905065194906202,4.3640866921180124e-08,1.7471791826104993e-07,0.5009138236011766,0.34747872349520903
second_life,Cp_x0p85,$C_p\times0.85$,89.0,3.715279380231972,0.9008462987088028,0.019723039092511243,398.30380021853534,23.86369159448301,347.45604979042554,26.984058833626793,0.14428276102526683,4.523603152482076,4.901259902017359,4.381794604300878e-08,1.7769251029943395e-07,0.5005252204460439,0.3473275320045138
second_life,Cp_x0p85,$C_p\times0.85$,90.0,3.701249971499043,0.897444578505101,0.019882635748945318,410.5881607935908,23.959834942280317,359.48353008754015,27.144795763770333,0.1437556731778281,4.521635485984915,4.897456655491406,4.399448218409562e-08,1.8074183314020115e-07,0.500136826269063,0.3471764522733283
second_life,Cp_x0p85,$C_p\times0.85$,91.0,3.686934634704384,0.8939735291313031,0.02004607410087175,423.39210627684656,24.055675943399283,372.0309945449105,27.305435788536723,0.1432181174952953,4.519669380819764,4.8936557018737386,4.417046316336329e-08,1.838690979443466e-07,0.49974866624788045,0.34702549242303754
second_life,Cp_x0p85,$C_p\times0.85$,92.0,3.6723331862417363,0.8904331060682756,0.020213442915919304,436.73821669762094,24.151197463546833,385.12103930732394,27.465979926750176,0.14267003868861752,4.517704801169748,4.889857017057641,4.434585751922813e-08,1.8707588409118797e-07,0.49936073792067626,0.3468746497035801
second_life,Cp_x0p85,$C_p\times0.85$,93.0,3.657435475797537,0.8868208481626388,0.02038489769287352,450.6562050140967,24.246392168204537,398.7833878561494,27.626424989742816,0.14211102381812024,4.515741759552549,4.886060676491175,4.4520651784220885e-08,1.9036526736639415e-07,0.49897304899233835,0.3467239250760784
second_life,Cp_x0p85,$C_p\times0.85$,94.0,3.6422214246700753,0.883131886918038,0.020560708257188337,465.18772884520905,24.341263592154164,413.05970296359635,27.786762289458537,0.14154029909148902,4.51378033410218,4.88226688574514,4.4694852448824227e-08,1.937428116432534e-07,0.49858562045611576,0.3465733245397529
second_life,Cp_x0p85,$C_p\times0.85$,95.0,3.6266724753182165,0.87936172267495,0.020741126357529966,480.3747471078776,24.43580608990902,427.99195645084626,27.946984567122342,0.14095715435508438,4.511820582274512,4.878475816571671,4.4868449146929024e-08,1.9721365742875072e-07,0.49819846985163635,0.3464228525061326
second_life,Cp_x0p85,$C_p\times0.85$,96.0,3.6107693184495697,0.8755056734962173,0.020926377991791582,496.258827549257,24.530013301865775,443.6217308084205,28.10708343897065,0.1403608560122202,4.509862571731053,4.874687667341607,4.504143020118208e-08,2.007823762549506e-07,0.49781161743687663,0.346272514170347
second_life,Cp_x0p85,$C_p\times0.85$,97.0,3.594485376675413,0.8715572951444599,0.021116729980979302,512.8876282232474,24.623877646292076,459.9966995556684,28.26705102128683,0.13975040228832278,4.507906360255916,4.87090262459402,4.5213781690185775e-08,2.0445443783046195e-07,0.4974250822615325,0.3461223139691279
second_life,Cp_x0p85,$C_p\times0.85$,98.0,3.5778091607800344,0.8675138018217902,0.021312472089367988,530.3125625065521,24.717391442799894,477.1682896992991,28.426881364453088,0.13912535707749935,4.5059519775781025,4.867120829104668,4.5385489511393276e-08,2.08235596482557e-07,0.49703887870187013,0.34597225418510263
second_life,Cp_x0p85,$C_p\times0.85$,99.0,3.560715115355321,0.8633689970911559,0.021513945824321326,548.5932897371003,24.810550254054945,495.1961760284154,28.586563454630028,0.1384847607508136,4.503999510450249,4.8633425414754345,4.555654551707634e-08,2.1213280030926518e-07,0.49665303337100886,0.34582234147923996
second_life,Cp_x0p85,$C_p\times0.85$,100.0,3.5431755064247827,0.8591161562765605,0.021721520275593067,567.7954086426504,24.903339499073287,514.1459842677622,28.746084875815022,0.13782757364378959,4.502049057035654,4.859568055485219,4.572692293397713e-08,2.1615356757859924e-07,0.49626757627016316,0.34567258338863266
second_life,Cp_x0p85,$C_p\times0.85$,101.0,3.525157455814732,0.8547473073850409,0.021935628473768957,587.9946041573018,24.995746669737215,534.0934251498264,28.90543233773819,0.13715256504220702,4.50010071996344,4.855797685599235,4.58965987949858e-08,2.2030674794257733e-07,0.4958825395130696,0.34552298779326446
second_life,Cp_x0p85,$C_p\times0.85$,102.0,3.5066208228763,0.8502527174863755,0.022156775247580498,609.2783617804038,25.087758106905245,555.1260125914717,29.064591082026855,0.13645823393265885,4.498154613703318,4.852031781019931,4.606554801950982e-08,2.246027001609278e-07,0.4954979587608921,0.3453735634822535
second_life,Cp_x0p85,$C_p\times0.85$,103.0,3.487514500885082,0.8456199946986069,0.022385523076616922,631.7456467953459,25.179352696022303,577.3427536878809,29.223540411442688,0.13574267070086443,4.496210912712671,4.848270831471102,4.6233731837502615e-08,2.2905303122399756e-07,0.49511388402508,0.34522432385064133
second_life,Cp_x0p85,$C_p\times0.85$,104.0,3.467796062051188,0.8408388515268868,0.022622535026166447,655.5113128886543,25.270516004285827,600.8585314159419,29.38226546842661,0.1350042901086107,4.494269711412025,4.844515188502079,4.640112374779351e-08,2.336712597088938e-07,0.49473035120646475,0.3450752761481462
second_life,Cp_x0p85,$C_p\times0.85$,105.0,3.44740925239672,0.8358956480312287,0.022868562602213132,680.7073375348364,25.361226313846103,625.80536199037,29.540749230620236,0.13424099128653572,4.492331118011821,4.8407652548841815,4.6567683872580565e-08,2.384727850907006e-07,0.4943474014367568,0.34492642868329204
second_life,Cp_x0p85,$C_p\times0.85$,106.0,3.4262868055948585,0.8307740740999724,0.02312447985892902,707.4880040348288,25.45145468486377,652.3375842510135,29.69896509895154,0.13345026285377237,4.490395343132238,4.8370216599863305,4.673335907321527e-08,2.4347556613408237e-07,0.4939650989882095,0.3447777976277422
second_life,Cp_x0p85,$C_p\times0.85$,107.0,3.404351449423869,0.8254553934853637,0.023391272862626097,736.0304770793999,25.54116797672998,680.6324233351291,29.85688576754084,0.13262922031590313,4.488462588892073,4.833285049901441,4.689808849769556e-08,2.486998370524055e-07,0.4935835098409598,0.34462939850041396
second_life,Cp_x0p85,$C_p\times0.85$,108.0,3.381510684386624,0.8199171777719078,0.023670067374501544,766.5401657034353,25.630342625795773,710.8953416613488,30.01448141629081,0.13177441121288616,4.486533077173086,4.829556130212117,4.706182887900658e-08,2.5416867096985627e-07,0.4932027060503352,0.34448124833764787
second_life,Cp_x0p85,$C_p\times0.85$,109.0,3.3576689111800113,0.8141362469320604,0.023962162651968127,799.2570474599737,25.71894357000067,743.366383024568,30.171720865405106,0.1308822676610722,4.484607024882504,4.825835638673223,4.722451583702221e-08,2.5990859554476335e-07,0.492822762957151,0.344333363793834
second_life,Cp_x0p85,$C_p\times0.85$,110.0,3.3327193295571176,0.8080867050378749,0.024269001651568374,834.4555306096897,25.80694427144501,778.3200123545598,30.328573983684908,0.12994880400760656,4.482684663293555,4.822124288228433,4.738610064347884e-08,2.6594895150945747e-07,0.4924437533684599,0.34418576262640105
second_life,Cp_x0p85,$C_p\times0.85$,111.0,3.3065371732827677,0.8017382999361055,0.0245922226458913,872.4549810346697,25.89430438190954,816.075684004073,30.48499264868711,0.1289693644287903,4.480766292468148,4.818423217517846,4.754650921193063e-08,2.723230501166781e-07,0.4920657935641777,0.3440384678744526
second_life,Cp_x0p85,$C_p\times0.85$,112.0,3.2789649401241423,0.7950528419540646,0.02493376914165296,913.6386984637661,25.980983429137574,857.0168000199112,30.640915014717297,0.1279380717498504,4.478852268537419,4.814733889891685,4.770566722817718e-08,2.790704492790441e-07,0.4916890329841845,0.3438915068821531
second_life,Cp_x0p85,$C_p\times0.85$,113.0,3.24983948201021,0.7879907724688632,0.02529586666201311,958.4566534910406,26.066937509954062,901.5934388804232,30.796277100663318,0.12684883829742102,4.476942940693131,4.811057819226957,4.7863494078246933e-08,2.862361983191768e-07,0.49131362622824387,0.3437449064608539
second_life,Cp_x0p85,$C_p\times0.85$,114.0,3.218968864091217,0.7805055529079477,0.02568107552179072,1007.4413016442429,26.152105466538632,950.3381978832211,30.950998294483167,0.12569450251528924,4.4750387954842425,4.807396912910275,4.8019877465596726e-08,2.9387204601929825e-07,0.4909397680820077,0.3435987039683523
second_life,Cp_x0p85,$C_p\times0.85$,115.0,3.186123646043556,0.7725415507212072,0.026092367112682098,1061.2280467352598,26.236404507782154,1003.886664146313,31.104978081164425,0.12446650363357414,4.473140458661818,4.8037535492586265,4.817466537115028e-08,3.0203795861576577e-07,0.4905677014233602,0.3434529474505454
second_life,Cp_x0p85,$C_p\times0.85$,116.0,3.1510388381154146,0.7640345136646826,0.02653322195041625,1120.581312420322,26.31975130325769,1063.0034651684007,31.258095948663872,0.12315495458218732,4.471248627527011,4.8001305797449705,4.832770478554872e-08,3.108039459576229e-07,0.4901977174496996,0.34330769044703013
second_life,Cp_x0p85,$C_p\times0.85$,117.0,3.113418349865889,0.7549126484893408,0.027007653840702518,1186.4150099116112,26.402043597713174,1128.6027746914992,31.410191622398813,0.1217488082634529,4.469364304025539,4.796531796676087,4.847880795011691e-08,3.202504440996949e-07,0.48983020343801675,0.3431630098883685
second_life,Cp_x0p85,$C_p\times0.85$,118.0,3.0729123898785784,0.7450911410343787,0.027520243473093304,1259.8186601761897,26.483147465548058,1201.7744701023378,31.561042608304007,0.12023501444969914,4.467489022232384,4.792962464553293,4.862772895383496e-08,3.3046895775675607e-07,0.48946569700837994,0.3430190235626291
second_life,Cp_x0p85,$C_p\times0.85$,119.0,3.0291403891641946,0.7344777144801232,0.02807613202111753,1342.0806326641373,26.56286577913164,1283.8074127882403,31.71035409676531,0.11859937498188937,4.46562485219078,4.7894295589586156,4.8774105835610146e-08,3.41561666105064e-07,0.48910491051940735,0.3428758904101482
second_life,Cp_x0p85,$C_p\times0.85$,120.0,2.981699252336469,0.7229746300162232,0.02868081253795367,1434.6851737655102,26.64088710553301,1376.1866026223508,31.857684037626367,0.11682685222133354,4.46377534565694,4.785943539378372,4.891736674966125e-08,3.536371213017279e-07,0.48874891211210747,0.3427338831389152
second_life,Cp_x0p85,$C_p\times0.85$,121.0,2.930195939722769,0.7104865870479989,0.02933960324919127,1539.2548543848827,26.7167213592804,1480.535769727118,32.00236329848438,0.11490278393436586,4.461946497800566,4.782520238362579,4.90566118126373e-08,3.667994164231795e-07,0.48839931863413716,0.3425934620650601
second_life,Cp_x0p85,$C_p\times0.85$,122.0,2.8743668251892793,0.6969496639688674,0.03005642344692646,1657.3594707019777,26.789588128711532,1598.4265084987555,32.14337407451049,0.11281733156771022,4.460148601857262,4.7791837385080385,4.91904080511036e-08,3.811233178107595e-07,0.48805858944233793,0.34245541751523123
second_life,Cp_x0p85,$C_p\times0.85$,123.0,2.8142175792598683,0.6823652357145776,0.030831667225571523,1790.1095421015543,26.85838495337685,1730.9716126683074,32.27954447987004,0.11057066809906982,4.4583953970335,4.775961768170177,4.931673115325985e-08,3.9661045341090003e-07,0.4877295562047892,0.3423208044017441
second_life,Cp_x0p85,$C_p\times0.85$,124.0,2.7502873349730357,0.6668640262368272,0.03165920451865574,1937.4487791917622,26.9223799191765,1878.1155091326327,32.41089013995299,0.10818269457647964,4.456692445154612,4.7728539576317806,4.943423719574833e-08,4.1312391225904225e-07,0.4874121811653233,0.34219004976804196
second_life,Cp_x0p85,$C_p\times0.85$,125.0,2.6837919040385354,0.6507408342214124,0.03252466141021614,2097.5402293987277,26.98220495262857,2038.0186752136785,32.53934923242051,0.10569785229910268,4.455024045409428,4.769814447068042,4.95440865070942e-08,4.303514429661769e-07,0.48710178103854423,0.3420619480875102
second_life,Cp_x0p85,$C_p\times0.85$,126.0,2.616406419217252,0.6344018302393858,0.03340851024715292,2267.0979192225273,27.03940508748592,2207.3912703982905,32.667243736750585,0.10317501608190877,4.453366273981174,4.766788295399925,4.9649116041728794e-08,4.478770862811877e-07,0.4867927451455152,0.3419346624615624
second_life,Cp_x0p85,$C_p\times0.85$,127.0,2.549956830190237,0.6182897535422168,0.034292252285256314,2442.531445976963,27.095347824975775,2382.6404258179086,32.79567233407841,0.10066894447265132,4.4517038602396575,4.763749506391177,4.9751836773059206e-08,4.6531648297987507e-07,0.4864824187051918,0.3418070203933818
second_life,Cp_x0p85,$C_p\times0.85$,128.0,2.486354633882589,0.6028680860793738,0.035165603581110434,2621.591575565337,27.150667498084978,2561.5169704217446,32.92393764550691,0.09820846593218985,4.450047313876426,4.760714580940908,4.9853413448311595e-08,4.824672099170663e-07,0.4861724868182074,0.3416798288293569
second_life,Cn_x0p90,$C_n\times0.9$,0.0,4.430615962883859,1.0,0.013537251459224678,70.63241137717708,14.457394060807907,21.12576703109742,35.04925028527176,0.17301961107654837,5.526933335243084,4.710426897167601,2.6546325004696767e-08,4.381526340964325e-08,0.4810370207320292,0.4243643949691191
second_life,Cn_x0p90,$C_n\times0.9$,1.0,4.423641825116069,0.9984259214009487,0.013608533126537878,72.04836330158184,14.58356507047808,22.229915572677623,35.234882658426145,0.17273999693731099,5.52518503595545,4.70603459181703,2.6777997228251555e-08,4.494569397792992e-08,0.48058847083918305,0.4242301585084239
second_life,Cn_x0p90,$C_n\times0.9$,2.0,4.416614370163997,0.9968398089933418,0.01368060606059558,73.50793544111681,14.709502950121614,23.37783798231774,35.42059450867745,0.1724584288294171,5.523437125716822,4.701640405934135,2.7009241383965797e-08,4.609155455663468e-08,0.4801397289030919,0.42409595191936555
second_life,Cn_x0p90,$C_n\times0.9$,3.0,4.409536633668409,0.9952423479281356,0.013753498661212405,75.01270423655879,14.835208538451097,24.571105337783735,35.606390360323964,0.17217504995045427,5.521689563790006,4.697244232468086,2.7240059011863712e-08,4.7253233330916064e-08,0.4796907839915382,0.42396177207409486
second_life,Cn_x0p90,$C_n\times0.9$,4.0,4.402407287543261,0.9936332384533194,0.013827230854754475,76.56429705009907,14.960680801662836,25.811345722754023,35.79227052568222,0.1718898144646903,5.5199423491007105,4.692846064029065,2.747044821369941e-08,4.8431119474312543e-08,0.47924163534986064,0.42382761889012643
second_life,Cn_x0p90,$C_n\times0.9$,5.0,4.395224895616896,0.9920121564217163,0.013901823959423184,78.16442992913144,15.085919921496474,27.10027476343426,35.97823524420071,0.17160267233227283,5.518195481224198,4.688445894951407,2.7700409323178924e-08,4.962562973637701e-08,0.47879228239947164,0.42369349233484843
second_life,Cn_x0p90,$C_n\times0.9$,6.0,4.38798796886624,0.9903787657574653,0.013977300172215053,79.81489906527136,15.21092704019958,28.439687584228587,36.1642844408432,0.1713135716791666,5.516448962656097,4.684043727010566,2.792994443767022e-08,5.0837196711383794e-08,0.4783427253216838,0.4235593925998782
second_life,Cn_x0p90,$C_n\times0.9$,7.0,4.380694991672453,0.9887327243819811,0.014053681949156243,81.51757428090218,15.335699522223134,29.831457208762238,36.35041754991682,0.171022459906928,5.514702800459979,4.6796395735915794,2.8159048717840537e-08,5.206626422553624e-08,0.4778929654834003,0.42342532022756485
second_life,Cn_x0p90,$C_n\times0.9$,8.0,4.373344339708447,0.9870736656809824,0.014130993368632262,83.27443095407564,15.460236468060137,31.277560401850696,36.53663408416481,0.17072928026970305,5.51295700091648,4.675233446223579,2.8387720512036386e-08,5.331330664593823e-08,0.47744300406199647,0.42329127570014313
second_life,Cn_x0p90,$C_n\times0.9$,9.0,4.365934334285373,0.9854012107706158,0.014209259281591358,85.08753423191713,15.584537135341575,32.78006320015718,36.722933896418375,0.1704339742334394,5.511211567067917,4.670825348388774,2.861595845713735e-08,5.4578811853108395e-08,0.47699284141308124,0.4231572592512055
second_life,Cn_x0p90,$C_n\times0.9$,10.0,4.358463237019226,0.9837149672936967,0.014288505486134823,86.95904655844208,15.708601753619742,34.34112788028973,36.9093169245326,0.17013648122977615,5.509466501112943,4.666415281557591,2.8843762974641932e-08,5.5863283808504273e-08,0.47654247768681757,0.4230232710495673
second_life,Cn_x0p90,$C_n\times0.9$,11.0,4.350931315109151,0.9820149955576737,0.014368764826112681,88.89129277543469,15.832431245463003,35.96307840546518,37.09578312450652,0.16983682539820877,5.507721805085321,4.662003246771153,2.907113575854832e-08,5.716729114147033e-08,0.47609191298952647,0.42288931125138307
second_life,Cn_x0p90,$C_n\times0.9$,12.0,4.343335004933693,0.9803004912451596,0.014450060724623483,90.88662238000558,15.956023350305001,37.64826669556448,37.2823323341361,0.16953486993098976,5.505977481987333,4.65758924786742,2.9298072658058062e-08,5.849135429093915e-08,0.47564114771314714,0.42275538008717156
second_life,Cn_x0p90,$C_n\times0.9$,13.0,4.33566289242569,0.978568878175493,0.014532403731846841,92.94750298102929,16.079374150820634,39.39916714555928,37.468961684649365,0.16923015118110385,5.50423356006002,4.653173352725298,2.9524566480271445e-08,5.983602081004807e-08,0.47519018878959207,0.4226214797253129
second_life,Cn_x0p90,$C_n\times0.9$,14.0,4.327908370659939,0.9768186651507778,0.014615815962590092,95.07654907349868,16.202483201737152,41.21839107873195,37.65567479302958,0.16892241117264117,5.50249000688422,4.648755475762219,2.9750616407589196e-08,6.120187134332398e-08,0.4747390274790201,0.422487607676626
second_life,Cn_x0p90,$C_n\times0.9$,15.0,4.320082866602128,0.9750524312629014,0.014700353318726087,97.27651942826834,16.325352514695105,43.10869665626519,37.84247025730805,0.1686121430904972,5.50074683691363,4.6443356501506035,2.9976226133738094e-08,6.258952132604331e-08,0.4742876671690564,0.4223537650508826
second_life,Cn_x0p90,$C_n\times0.9$,16.0,4.312184235080723,0.9732696923418184,0.014786048193600862,99.55030274067431,16.447978856385856,45.07297640903923,38.02934747524923,0.1682992722624101,5.499004057025757,4.639913890140132,3.020138972179331e-08,6.399960635155567e-08,0.4738361093149035,0.4222199523761457
second_life,Cn_x0p90,$C_n\times0.9$,17.0,4.304210179297942,0.9714699299950971,0.014872934589798064,101.90093824763775,16.570362107134873,47.114268282370126,38.216307858132744,0.16798371838058304,5.497261655255881,4.63549016233808,3.04261069520113e-08,6.543278555394191e-08,0.47338435050643785,0.42208616873375004
second_life,Cn_x0p90,$C_n\times0.9$,18.0,4.296158371290719,0.9696526187962311,0.01496104792780912,104.33160803650917,16.692510664565816,49.23574620565696,38.403351166286384,0.1676654002214688,5.49551963497237,4.631064472415403,3.065039324390998e-08,6.688973047648983e-08,0.47293239132278764,0.42195241438232295
second_life,Cn_x0p90,$C_n\times0.9$,19.0,4.288026983741038,0.9678173463154295,0.015050419783036091,106.84540271275048,16.81446982955567,51.44045589928122,38.59047698391359,0.16734425759167634,5.493778001079987,4.626636830210396,3.087433177788816e-08,6.837094589620671e-08,0.4724802327686564,0.42181868969845787
second_life,Cn_x0p90,$C_n\times0.9$,20.0,4.279812625971006,0.9659633472690564,0.015141095872635334,109.4462102299251,16.936185840074728,53.73233971163125,38.77768467821911,0.1670201664577505,5.492036760457138,4.622207250695823,3.109782383737854e-08,6.987745186993997e-08,0.47202787637308913,0.4216849952102868
second_life,Cn_x0p90,$C_n\times0.9$,21.0,4.271512517152218,0.9640899940178789,0.015233117742533154,112.13781770494839,17.057659020087062,56.11518466815589,38.96497401670544,0.16669302860038743,5.490295916122399,4.617775739372879,3.1320870017236304e-08,7.141005738435815e-08,0.4715753226978775,0.42155133114957954
second_life,Cn_x0p90,$C_n\times0.9$,22.0,4.263122367895481,0.9621963184370966,0.015326525314530102,114.92419406359275,17.1788877920713,58.59296280537671,39.15234346614475,0.16636268480915561,5.4885554830597,4.613342332519747,3.1543467420854004e-08,7.296959122766182e-08,0.4711225754478127,0.4214176986668197
second_life,Cn_x0p90,$C_n\times0.9$,23.0,4.254634139664435,0.9602805062109515,0.015421353868786554,117.80952661341473,17.299868689882953,61.16986914697189,39.339788776559885,0.16602882456339235,5.486815501322641,4.6089071306964575,3.1765609683779125e-08,7.455692014951173e-08,0.4706696448922609,0.4212841008373696
second_life,Cn_x0p90,$C_n\times0.9$,24.0,4.246052250337734,0.9583435544646046,0.015517663367567706,120.79823432601412,17.420603887051186,63.85031434872673,39.527316090236205,0.16569164543684986,5.485075914367581,4.604469988568485,3.198730079699452e-08,7.61729374721646e-08,0.4702165161894064,0.4211505333197422
second_life,Cn_x0p90,$C_n\times0.9$,25.0,4.237373899113293,0.9563848310507178,0.015615503717124711,123.89501067767587,17.541092512750208,66.63899286978044,39.71492529514522,0.1653510501113794,5.483336723655776,4.600030908786571,3.220853916151045e-08,7.78185969407715e-08,0.4697631896099476,0.4210169962261347
second_life,Cn_x0p90,$C_n\times0.9$,26.0,4.228589470324838,0.9544021656917601,0.01571492008138506,127.10497225934353,17.66133293970349,69.541023630777,39.90261568886303,0.1650066669186732,5.481597935990714,4.595589907970987,3.242932178936026e-08,7.949498347495378e-08,0.4693096668511756,0.42088349007892667
second_life,Cn_x0p90,$C_n\times0.9$,27.0,4.219688022998567,0.9523930889853066,0.015815954120281077,130.43340173244488,17.78131988453337,72.5616964120891,40.0903854358224,0.16465807404818714,5.479859568478371,4.591147029553658,3.264963897933084e-08,8.120315393372997e-08,0.4688559523484346,0.420750016191535
second_life,Cn_x0p90,$C_n\times0.9$,28.0,4.210677642852699,0.9503594258961672,0.015918683955151496,133.88591764013216,17.90105825211222,75.70662490323566,40.27823448478429,0.16430561620070022,5.478121621522504,4.586702274746969,3.286949973763284e-08,8.294421981100936e-08,0.4684020462255352,0.4206165745949607
second_life,Cn_x0p90,$C_n\times0.9$,29.0,4.201554163274849,0.9483002360105445,0.01602316979022916,137.4684862866916,18.020547267659047,78.98177661149897,40.46616240753359,0.1639491436408952,5.476384098837091,4.58225565368305,3.3088902641631714e-08,8.471935352185592e-08,0.4679479495171885,0.42048316557436716
second_life,Cn_x0p90,$C_n\times0.9$,30.0,4.192313345576522,0.9462145626468993,0.01612947567850583,141.18746646868772,18.13978492464729,82.39351240119183,40.654169142848616,0.16358850440256978,5.474647000500505,4.577807167810486,3.3307844006990854e-08,8.652979849497658e-08,0.4674936623713264,0.42034978913577203
second_life,Cn_x0p90,$C_n\times0.9$,31.0,4.182946803757684,0.9441005130661405,0.016237662455029493,145.04963241295474,18.258766465561614,85.94861424420499,40.842251703188154,0.16322338197756164,5.472910353406486,4.573356887818422,3.352631509807314e-08,8.83768714224396e-08,0.4670391920068476,0.4202164473441082
second_life,Cn_x0p90,$C_n\times0.9$,32.0,4.17344956494816,0.9419569648802711,0.016347800712511712,149.06217884808848,18.377489678234596,89.65427861026491,41.03041055958898,0.1628535976043937,5.471174152413461,4.568904802561507,3.374431185294907e-08,9.02619463325464e-08,0.4665845372855698,0.4200831398045995
second_life,Cn_x0p90,$C_n\times0.9$,33.0,4.163821101890241,0.9397837990860387,0.016459970709261713,153.2326721016168,18.495958512683515,93.51806529548666,41.21864829344663,0.16247914921580917,5.469438372579069,4.564450850960539,3.396184152454695e-08,9.218641805839064e-08,0.46612969196997805,0.4199498646021424
second_life,Cn_x0p90,$C_n\times0.9$,34.0,4.154056057779072,0.9375798066405249,0.01657425269411803,157.5693611583116,18.61416623247964,97.54823144012948,41.40696348570248,0.16209984269465966,5.467703025625334,4.559995066592307,3.417889174359567e-08,9.415185561456769e-08,0.46567465948899256,0.4198166226367676
second_life,Cn_x0p90,$C_n\times0.9$,35.0,4.14414898815926,0.9353437587178871,0.01669073408232606,162.081137121614,18.732111065864906,101.75367085333592,41.59535520241317,0.16171548112346384,5.465968118517846,4.555537471555134,3.439545925683499e-08,9.615994952715435e-08,0.4652194420993328,0.41968341444330126
second_life,Cn_x0p90,$C_n\times0.9$,36.0,4.134095063698584,0.9330745653269682,0.016809508209967988,166.77750674551942,18.849784946182645,106.14389918152406,41.7838226178127,0.16132589231325428,5.464233656876972,4.551078085387726,3.461152925246074e-08,9.821248560616655e-08,0.4647640417963256,0.4195502404532816
second_life,Cn_x0p90,$C_n\times0.9$,37.0,4.123882550821389,0.9307695781733204,0.01693066771059435,171.668807886377,18.96719211440264,110.72925136636434,41.97236440561004,0.1609306335880345,5.46249965057511,4.5466169394718685,3.482710951764132e-08,1.0031141708710783e-07,0.4643084617847336,0.4194171014247231
second_life,Cn_x0p90,$C_n\times0.9$,38.0,4.113493912068647,0.9284248390129486,0.01705429543055317,176.76582960782306,19.08432926145799,115.52052142149284,42.160978924872246,0.16052903785105277,5.460766111968996,4.542154072634187,3.504219397634636e-08,1.0245867944016368e-07,0.4638527060295996,0.4192839983063901
second_life,Cn_x0p90,$C_n\times0.9$,39.0,4.10293048538752,0.9260406498235404,0.01718051165399132,182.08017231699446,19.201194433031866,120.52931470083487,42.349663183127724,0.16012117903725506,5.459033065370082,4.537689555680482,3.5256779040105516e-08,1.0465633633262854e-07,0.4633967817617357,0.41915093296494443
second_life,Cn_x0p90,$C_n\times0.9$,40.0,4.092191075587852,0.9236167408479862,0.017309441571348286,187.6243467932319,19.317788187684148,125.76813716039456,42.53842144515318,0.15970703014731816,5.457300467973499,4.5332232877005465,3.547086573453324e-08,1.0690659515093418e-07,0.4629406786760151,0.4190179021137783
second_life,Cn_x0p90,$C_n\times0.9$,41.0,4.081267786599427,0.9211513299254571,0.017441207040331648,193.41180980637972,19.434108773719988,131.25044895592055,42.72725207673918,0.15928630204863603,5.455568330670136,4.528755307361917,3.568445084320888e-08,1.0921180441605728e-07,0.4624844007212344,0.4188849065891068
second_life,Cn_x0p90,$C_n\times0.9$,42.0,4.070152205749619,0.9186425182967977,0.01757593806782353,199.45707234936296,19.550153947477995,136.99076520418663,42.916153197698314,0.1588586861505392,5.45383666600839,4.524285659152293,3.589753024637446e-08,1.115744692505738e-07,0.4620279524405551,0.41875194735441046
second_life,Cn_x0p90,$C_n\times0.9$,43.0,4.0588353312300285,0.9160882742335805,0.017713773887990242,205.77581803101995,19.665921979981633,143.0047727867392,43.10512326429913,0.15842385164978542,5.45210548278334,4.519814379598385,3.611010076932416e-08,1.1399726973246156e-07,0.46157133756414864,0.4186190250849859
second_life,Cn_x0p90,$C_n\times0.9$,44.0,4.047306718960335,0.9134862404833591,0.017854860793967333,212.38496264841825,19.781405840363306,149.30939737614617,43.29415943190879,0.15798141261347362,5.450374801000301,4.515341536007936,3.6322149502145216e-08,1.1648305574881711e-07,0.4611145629655993,0.4184861413168644
second_life,Cn_x0p90,$C_n\times0.9$,45.0,4.035551154189375,0.910832983042534,0.01799934677353093,219.30265787202882,19.89660188713792,155.9227942580306,43.48326172686028,0.15753080015138257,5.448644613218354,4.510867127757873,3.653366975842882e-08,1.1903481145236697e-07,0.4606576285812777,0.4183532954787236
second_life,Cn_x0p90,$C_n\times0.9$,46.0,4.023562149760537,0.9081270377452499,0.018147408996328523,226.54875466810697,20.011508269702535,162.86481493492795,43.67243146347647,0.15707178307063493,5.446914900220016,4.5063911237495935,3.6744658140141634e-08,1.2165579998235824e-07,0.46020053123534027,0.41822048609502266
second_life,Cn_x0p90,$C_n\times0.9$,47.0,4.011315730582802,0.9053629933594747,0.018299207367574583,234.14457872445803,20.1261160974746,170.15679398554053,43.86166864144289,0.15660345800820363,5.44518565672525,4.501913523990538,3.695509832260627e-08,1.243494391821962e-07,0.45974327092854694,0.41808771276035406
second_life,Cn_x0p90,$C_n\times0.9$,48.0,3.9988114057445365,0.9025407390853474,0.018454967981423067,242.11421031533897,20.24042654569723,177.82281599670785,44.050967772933895,0.15612582533678457,5.443456920084015,4.497434458329858,3.716499246377633e-08,1.2711971940083193e-07,0.4592858609213197,0.4179549783424915
second_life,Cn_x0p90,$C_n\times0.9$,49.0,3.986036784416553,0.8996574782848179,0.0186149049081304,250.4832793821031,20.35444039315698,185.8885116077603,44.24032738118579,0.15563842738040273,5.441728692913558,4.492953961709717,3.737434199364129e-08,1.2997070026769604e-07,0.4588283047820134,0.4178222830423902
second_life,Cn_x0p90,$C_n\times0.9$,50.0,3.972971631227475,0.896708643788999,0.018779235358421856,259.27961491582397,20.468151651543362,194.38172239434886,44.429740869931734,0.15514050708150606,5.440001023020989,4.488472190206439,3.758313591660704e-08,1.329067067360384e-07,0.4583706184494148,0.4176896305307358
second_life,Cn_x0p90,$C_n\times0.9$,51.0,3.9596038496702266,0.8936915053890038,0.018948212516878015,268.5338248551986,20.58156025732696,203.3330527672751,44.61921183059653,0.1546316196560391,5.43827386383392,4.483989058842203,3.77913741160224e-08,1.359324593304593e-07,0.45791279324544043,0.417557017231646
second_life,Cn_x0p90,$C_n\times0.9$,52.0,3.9459180655831196,0.8906025931019187,0.019122112017920898,278.27978600146946,20.69466731864937,212.77637916252004,44.80873952030003,0.15411119505211054,5.43654720675057,4.479504585194529,3.7999058626630746e-08,1.3905316903576364e-07,0.45745483096513717,0.41742444248466604
second_life,Cn_x0p90,$C_n\times0.9$,53.0,3.9318952479863705,0.8874376115927514,0.01930123384271795,288.5550467138155,20.80747148845385,222.7492555548085,44.99831967055317,0.1535785242973486,5.434821068328178,4.475018870261463,3.820618697499834e-08,1.4227458073411356e-07,0.4569967419226021,0.4172919075610801
second_life,Cn_x0p90,$C_n\times0.9$,54.0,3.917514401553274,0.8841918221689855,0.019485881403902283,299.3996679288594,20.919962209193134,233.29175625122224,45.18794946844401,0.1530328245003507,5.433095457651288,4.4705319806001915,3.841273977560664e-08,1.456025161665722e-07,0.45653853291477114,0.41715941315841
second_life,Cn_x0p90,$C_n\times0.9$,55.0,3.902732336532243,0.8808554768064302,0.019676360337805364,310.8579681500926,21.032130623305825,244.4482123323663,45.37762519442042,0.15247247235563627,5.431370387252507,4.466044004220195,3.861870076441091e-08,1.4904335450656012e-07,0.45608021292932616,0.4170269602389239
second_life,Cn_x0p90,$C_n\times0.9$,56.0,3.887549033189443,0.8774285710511147,0.019873066650962414,322.9787768411735,21.143974563487173,256.2674528655847,45.56734941210161,0.15189748307741985,5.429645808212223,4.46155488046288,3.8824065961857423e-08,1.526039974190667e-07,0.45562177577170576,0.41689454504651696
second_life,Cn_x0p90,$C_n\times0.9$,57.0,3.871939538273055,0.8739054728979115,0.020076398673150777,335.81627081743824,21.25548749157904,268.8036690451677,45.75711428069151,0.15130692500441753,5.427921763165549,4.457064794851764,3.902882336273487e-08,1.5629201127145365e-07,0.45516324038789546,0.41676217085476286
second_life,Cn_x0p90,$C_n\times0.9$,58.0,3.855875739983601,0.8702798374503747,0.020286798519618687,349.43106001308894,21.36666630394363,282.11747992473875,45.94691378440657,0.15069974750937865,5.426198273971135,4.452573889728172,3.9232967268216944e-08,1.601157970946049e-07,0.45470462131404005,0.4166298393419944
second_life,Cn_x0p90,$C_n\times0.9$,59.0,3.8393198681116414,0.8665431398871801,0.02050472836639244,363.88972159273214,21.47750301018916,296.2754785960758,46.13673998646722,0.1500745361582611,5.42447537497384,4.4480823528867175,3.9436483006535245e-08,1.640843035363172e-07,0.4542459377280532,0.41649755314524983
second_life,Cn_x0p90,$C_n\times0.9$,60.0,3.8222468731485812,0.8626897264778294,0.02073071687632293,379.2663862209837,21.587995058877496,311.3517953794001,46.326595782706164,0.14943035715936823,5.42275299776746,4.4435901158082,3.963936589279943e-08,1.6820731211650278e-07,0.45378718263263473,0.41636530701222096
second_life,Cn_x0p90,$C_n\times0.9$,61.0,3.804610692588886,0.8587092008110966,0.020965307105179676,395.64294046354183,21.69813281328708,327.4283343293625,46.516473320892246,0.1487654849164212,5.42103116417709,4.439097364286705,3.9841598232289314e-08,1.7249531864313414e-07,0.453328375001401,0.41623310261866414
second_life,Cn_x0p90,$C_n\times0.9$,62.0,3.7863729181157892,0.854592894043397,0.02120912578309529,413.11202598175714,21.807902103011887,344.5977581983293,46.70636568041593,0.14807848320625816,5.419309880714965,4.434604262072929,4.004315400564053e-08,1.7696012146867318e-07,0.45286953155685905,0.41610094046459634
second_life,Cn_x0p90,$C_n\times0.9$,63.0,3.767499603144039,0.8503331443539959,0.02146285248917778,431.7759115585332,21.917301975414667,362.9623400305819,46.89626955253663,0.1473680832341905,5.417589109087403,4.430110887456012,4.024403146364309e-08,1.8161426896581473e-07,0.45241066029403265,0.4159688176097839
second_life,Cn_x0p90,$C_n\times0.9$,64.0,3.747946258764998,0.8459199104960304,0.021727237329156282,451.7503926461051,22.02632105100815,382.6378992174315,47.0861723776655,0.1466326193959531,5.415868886781926,4.425617537612294,4.044420971155166e-08,1.864718053742996e-07,0.45195179156108867,0.4158367369325625
second_life,Cn_x0p90,$C_n\times0.9$,65.0,3.7276549925536813,0.8413401260188154,0.022003117610767335,473.16745392042515,22.134952362283506,403.7564408745183,47.2760606836233,0.1458699230925422,5.414149251113707,4.421124531311202,4.064367595579131e-08,1.9154857063027154e-07,0.4514929579113175,0.41570470129803483
second_life,Cn_x0p90,$C_n\times0.9$,66.0,3.706569909774965,0.8365811753547655,0.02229136890094466,496.1713235427937,22.243183088048543,426.46221432742044,47.46592612732468,0.14507790115267646,5.412430173678376,4.416632065961074,4.084240665439221e-08,1.9686089835084028e-07,0.45103417950440344,0.41557270852528017
second_life,Cn_x0p90,$C_n\times0.9$,67.0,3.684619363708881,0.8316268876778447,0.022593017768042786,520.9308465926044,22.350997043944677,450.9240943850246,47.65575516363519,0.14425387013580027,5.410711654503435,4.41214046205755,4.104037209001795e-08,2.0242814935379801e-07,0.4505754890699211,0.41544075861640994
second_life,Cn_x0p90,$C_n\times0.9$,68.0,3.6617354297574534,0.8264619322533324,0.022909271767172754,547.6427209380508,22.458385295808586,477.3388013862714,47.84553425597083,0.14339528649853478,5.408993688516055,4.4076500398939595,4.123755585796916e-08,2.0827279869421662e-07,0.4501169193167844,0.41530885118192673
second_life,Cn_x0p90,$C_n\times0.9$,69.0,3.6378317210198716,0.8210668113631836,0.02324156175369893,576.5407379534481,22.56532806579445,505.94016900859464,48.03524087905902,0.14249891546674479,5.407276312484805,4.403161332447786,4.143392164263317e-08,2.1442171465121945e-07,0.4496585246735847,0.4151769890449639
second_life,Cn_x0p90,$C_n\times0.9$,70.0,3.612793305821186,0.8154155846695507,0.023591674650080278,607.9131370713478,22.671798555551074,537.0164954859614,48.224843029835334,0.14156045501362402,5.405559602727392,4.398675096953495,4.1629420237511383e-08,2.2090879000532293e-07,0.4492003824704282,0.41504517806528435
second_life,Cn_x0p90,$C_n\times0.9$,71.0,3.586442110331855,0.8094680605081067,0.02396204638698805,642.1401574935373,22.777771631527735,570.9480856570427,48.41430020496689,0.14057324383246908,5.403843664500624,4.394192291773051,4.1824005492972463e-08,2.2778099955690165e-07,0.4487425905769123,0.4149134263246286
second_life,Cn_x0p90,$C_n\times0.9$,72.0,3.558599250853808,0.8031838644253741,0.02435567898008287,679.6919149195262,22.883209560702117,608.2051338253995,48.60357153342462,0.1395305939139961,5.402128540556653,4.389713883968593,4.2017608124533365e-08,2.3509545039841774e-07,0.44828524775111134,0.4147817371055567
second_life,Cn_x0p90,$C_n\times0.9$,73.0,3.5290170112899926,0.7965070863404234,0.024776397103568826,721.1732243369684,22.98807042686518,649.3925553830301,48.792598527073054,0.13842324748540358,5.400414346259763,4.385241257446096,4.2210151166642506e-08,2.429253497228629e-07,0.44782849531992025,0.41465011926587325
second_life,Cn_x0p90,$C_n\times0.9$,74.0,3.497368698065642,0.789363990777758,0.025229059223737096,767.3656294360676,23.092300274213315,695.2920258745422,48.98130328731205,0.1372390000302228,5.398701254548334,4.380776255388579,4.2401535546929576e-08,2.513638433695516e-07,0.44737252151240786,0.41451858608398895
second_life,Cn_x0p90,$C_n\times0.9$,75.0,3.4632549970413278,0.7816644516369046,0.02571966125405737,819.2645641608069,23.195822941999992,746.899154631369,49.16958658743795,0.13596293894932984,5.396989484133499,4.376321225629958,4.259162142083324e-08,2.605254578366007e-07,0.4469175660934737,0.4143871543527999
second_life,Cn_x0p90,$C_n\times0.9$,76.0,3.4261966141393745,0.7733002911652233,0.026255754088888777,878.160627499324,23.29857144323761,805.5047205879364,49.357335468150055,0.1345771687085924,5.395279229226279,4.3718788409354,4.278028578843137e-08,2.7055354501520725e-07,0.4464639020105642,0.4142558389840551
second_life,Cn_x0p90,$C_n\times0.9$,77.0,3.3855763105802623,0.7641321971802342,0.02684676100057061,945.7336372326511,23.400476117727354,872.7888003873649,49.54436072755875,0.13305864662095593,5.393570691145926,4.367453578069695,4.296740074131462e-08,2.81626661037945e-07,0.44601198643871764,0.4141246554352817
second_life,Cn_x0p90,$C_n\times0.9$,78.0,3.340621238129915,0.7539857360951515,0.027504549764563537,1024.1952241870138,23.501431073723843,950.9634016115683,49.7303915017215,0.13137852427623228,5.3918642710065585,4.36305184602888,4.315277184356483e-08,2.939686956601035e-07,0.4455624738758017,0.4139936345044903
second_life,Cn_x0p90,$C_n\times0.9$,79.0,3.2903788500266278,0.7426459159608456,0.028244082246833103,1116.4786406423832,23.601314606646596,1042.962271007896,49.915055027840516,0.12950124830195392,5.390160548275414,4.3586824648695215,4.333617562411009e-08,3.078601544539011e-07,0.4451162650413955,0.4138628206838519
second_life,Cn_x0p90,$C_n\times0.9$,80.0,3.233662229394289,0.7298448469655943,0.029083810524718104,1226.4522725917675,23.699957329345516,1152.6545428675124,50.097772394909505,0.1273825201433148,5.388460710955438,4.354359132385095,4.3517301058272e-08,3.2364489938793065e-07,0.44467475877809,0.4137323051896197
second_life,Cn_x0p90,$C_n\times0.9$,81.0,3.16917394871642,0.715289696797288,0.030044487266357865,1358.956703524124,23.79715003593935,1284.881913988264,50.27763949992074,0.12497391864110363,5.386767235957169,4.350103240838228,4.369576400715989e-08,3.4170457369981853e-07,0.4442401397011026,0.4136022782018771
second_life,Cn_x0p90,$C_n\times0.9$,82.0,3.0958901026315533,0.6987493677101408,0.031143201833301788,1519.1171079580995,23.892589838145707,1444.7712488631462,50.453269256807516,0.12223723136460028,5.385085893026669,4.34594761050401,4.387100831447404e-08,3.623420433470228e-07,0.44381575947424073,0.4134731827284637
second_life,Cn_x0p90,$C_n\times0.9$,83.0,3.0142045261029176,0.6803127491422188,0.03237634610037603,1709.558711530784,23.985836343954563,1634.949422608843,50.62345257798647,0.11918715432770588,5.3834305825143485,4.3419208499800215,4.40422253428225e-08,3.8545292438344453e-07,0.44340453965744975,0.4133460860545148
second_life,Cn_x0p90,$C_n\times0.9$,84.0,2.927192163419767,0.6606738629439859,0.033700175552371904,1926.1486904519315,24.076326721728115,1851.2841297824586,50.78823394774487,0.11593843330553946,5.3818249388093955,4.338021906709699,4.420838163406495e-08,4.101622840820587e-07,0.4430063727618151,0.41322280285602864
second_life,Cn_x0p90,$C_n\times0.9$,85.0,2.839149886777911,0.6408025228460393,0.03505081536892135,2159.6869272646522,24.16323037583002,2084.5777948727673,50.945902016054944,0.11265140462414869,5.380290382542726,4.334291273478627,4.436795206814054e-08,4.3523943463429574e-07,0.44262539398131473,0.41310497783405875
second_life,Cn_x0p90,$C_n\times0.9$,86.0,2.7527083387504616,0.6212924708009994,0.03638773720048434,2403.099743822607,24.245164294332444,2327.7598745816877,51.09470494658676,0.10942424136915412,5.3788521555188735,4.330770401031383,4.4518397191260615e-08,4.5992632973736176e-07,0.4422658363383721,0.41299454908383054
second_life,Cn_x0p90,$C_n\times0.9$,87.0,2.6701617433734572,0.602661518340097,0.03767432768901699,2648.659308425025,24.320382607746243,2573.1063323336107,51.232593483667934,0.10634253675349273,5.377513919639073,4.327507777444169,4.465651127916535e-08,4.835574187441068e-07,0.4419326515200051,0.4128917977703967
second_life,plating_x1p5,$\delta_{\mathrm{plating}}\times1.5$,0.0,4.451173304721828,1.0,0.012932529573030678,74.91993449605444,14.457394060807907,47.532975819969245,12.92956461527729,0.17301961107654842,5.526933335243084,5.233807663519556,2.6546325004696767e-08,6.572289511446491e-08,0.5344855785911435,0.4243643949691191
second_life,plating_x1p5,$\delta_{\mathrm{plating}}\times1.5$,1.0,4.444276107127265,0.9984504765098122,0.012991986834550176,76.70071504011374,14.573295007511803,49.032534195391975,13.094885837209954,0.17275914320840616,5.525188895297411,5.229895946638935,2.675913958155708e-08,6.675154986441763e-08,0.5340861072321181,0.424230454833206
second_life,plating_x1p5,$\delta_{\mathrm{plating}}\times1.5$,2.0,4.437333622547515,0.9968907788515823,0.01305196554015879,78.52076787817495,14.689003845936968,50.571532040910846,13.260231991327128,0.1724970017609923,5.523444981610376,5.225983639830137,2.6971601413740046e-08,6.779103103097526e-08,0.5336865756285971,0.4240965551040455
second_life,plating_x1p5,$\delta_{\mathrm{plating}}\times1.5$,3.0,4.430351596890457,0.9953221979002068,0.013112482034690487,80.38115810839939,14.804521360234475,52.1510336813393,13.425603066825621,0.17223340232688392,5.521701594850652,5.222070743348779,2.7183711941085316e-08,6.884155066686168e-08,0.5332869838066846,0.42396269583297924
second_life,plating_x1p5,$\delta_{\mathrm{plating}}\times1.5$,4.0,4.423337286262902,0.9937463638116725,0.013173493544666143,82.28098107442433,14.919792349465258,53.77019020624344,13.590998518715638,0.1719686170582536,5.519958741242758,5.218157270090036,2.7395369804934278e-08,6.990205930849405e-08,0.5328873330832582,0.423828877497933
second_life,plating_x1p5,$\delta_{\mathrm{plating}}\times1.5$,5.0,4.416285448604929,0.9921620989054977,0.013235056783453417,84.2229643714259,15.034863405697449,55.43168271081604,13.756418254912422,0.17170244892375083,5.518216422299404,5.214243222232754,2.7606660556540362e-08,7.097382560790367e-08,0.5324876236808255,0.4236951002150545
second_life,plating_x1p5,$\delta_{\mathrm{plating}}\times1.5$,6.0,4.4091912743291575,0.9905683226604239,0.013297188279819778,86.2085837717985,15.149741884549341,57.136983422659014,13.92185846459014,0.1714347172988857,5.516474678596192,5.210328689946067,2.7817597702115902e-08,7.205727557016338e-08,0.532087864807616,0.42356136709978576
second_life,plating_x1p5,$\delta_{\mathrm{plating}}\times1.5$,7.0,4.40205409594345,0.9889648851177572,0.013359899012932034,88.23902940423099,15.264428965045736,58.88728106622296,14.087319372962298,0.17116539704054085,5.514733508158181,5.2064136679011295,2.8028183406558338e-08,7.315262840743522e-08,0.5316880559194388,0.42342767800048847
second_life,plating_x1p5,$\delta_{\mathrm{plating}}\times1.5$,8.0,4.394876308599926,0.9873523243720522,0.013423203759073772,90.31555301474731,15.378926083551852,60.683822505733396,14.252804425462065,0.17089457787635792,5.512992875120235,5.202498074574476,2.8238420307287512e-08,7.426012031765804e-08,0.5312881886909749,0.4232940301633957
second_life,plating_x1p5,$\delta_{\mathrm{plating}}\times1.5$,9.0,4.387656919666774,0.985730417418779,0.013487113962540462,92.43943773055119,15.493232560478683,62.527892010919985,14.418313159152518,0.1706222224660854,5.511252784744597,5.198581920919799,2.8448307156458165e-08,7.537999037548977e-08,0.5308882642408349,0.4231604239925486
second_life,plating_x1p5,$\delta_{\mathrm{plating}}\times1.5$,10.0,4.380395061065654,0.9840989692355738,0.013551641612836817,94.61201243754242,15.607348166631036,64.420818381951,14.583845888960381,0.17034829815963567,5.509513234081029,5.19466519948552,2.8657843533227513e-08,7.651248417216193e-08,0.5304882818080504,0.42302685926142436
second_life,plating_x1p5,$\delta_{\mathrm{plating}}\times1.5$,11.0,4.373089893814458,0.9824577913368283,0.013616799052108632,96.83465331388396,15.721272215241088,66.36397877312713,14.749402325515751,0.17007277342527366,5.507774226507119,5.190747917118511,2.8867028176568715e-08,7.765785518738044e-08,0.5300882420918359,0.42289333622935826
second_life,plating_x1p5,$\delta_{\mathrm{plating}}\times1.5$,12.0,4.36574222366125,0.9808070647417947,0.013682601272745103,99.10881643883594,15.83500435417506,68.3588298992665,14.91498218539439,0.1697956784079049,5.506035765380215,5.186830080524961,2.907586043990206e-08,7.881638180257e-08,0.5296881457770392,0.4227598551541313
second_life,plating_x1p5,$\delta_{\mathrm{plating}}\times1.5$,13.0,4.358349841351067,0.9791462931195482,0.013749059532598409,101.43595595468489,15.948543425937656,70.40682756637354,15.080584962373699,0.16951693022657027,5.504297856224793,5.182911701682761,2.928433819786206e-08,7.998831935447918e-08,0.5292879940868632,0.42262641645991916
second_life,plating_x1p5,$\delta_{\mathrm{plating}}\times1.5$,14.0,4.35091129692046,0.977475150721494,0.0138161863766436,103.81758755265848,16.06188765212541,72.50948987693793,15.246210023595136,0.16923647450194135,5.502560505872959,5.178992795566171,2.9492458184986342e-08,8.117393674117998e-08,0.528887788550506,0.4224930206712991
second_life,plating_x1p5,$\delta_{\mathrm{plating}}\times1.5$,15.0,4.343425615217791,0.9757934184701959,0.013883995618680131,106.25529816629482,16.175035527787426,74.668405727213,15.411856911294395,0.16895427467124974,5.500823719314505,5.175073373006498,2.9700217637919654e-08,8.237351970204277e-08,0.5284875302740791,0.4223596681713931
second_life,plating_x1p5,$\delta_{\mathrm{plating}}\times1.5$,16.0,4.335888721515334,0.9741001809378667,0.013952498220204177,108.75071012364987,16.28798499020312,76.88519985887584,15.577525274570922,0.16867017804940723,5.499087500288852,5.171153442306508,2.990761276914328e-08,8.358735015312032e-08,0.5280872201054757,0.42222635924731816
second_life,plating_x1p5,$\delta_{\mathrm{plating}}\times1.5$,17.0,4.328294398119256,0.9723940412582406,0.01402170512989187,111.30555311697364,16.40073770346287,79.16160077387235,15.743214639638426,0.16838395174228266,5.497351854834971,5.167233014676606,3.011464663422058e-08,8.481574237155242e-08,0.5276868591895219,0.42209309436275355
second_life,plating_x1p5,$\delta_{\mathrm{plating}}\times1.5$,18.0,4.320648901265209,0.9706764049563836,0.014091639551881769,113.92166421532788,16.513293556563468,81.4994459929971,15.908924665767316,0.1680958302201866,5.49561678799943,5.1633120981789,3.03213190293301e-08,8.605904296311974e-08,0.5272864483495342,0.4219598739051808
second_life,plating_x1p5,$\delta_{\mathrm{plating}}\times1.5$,19.0,4.312951437035923,0.9689470936709477,0.014162318331602109,116.60092306539559,16.62565207367982,83.90061600191622,16.074654989799548,0.16780578376792002,5.493882303782774,5.1593907014061875,3.0527629080773066e-08,8.731759363063008e-08,0.526885988463024,0.4218266981817663
second_life,plating_x1p5,$\delta_{\mathrm{plating}}\times1.5$,20.0,4.305196076553012,0.9672047754209071,0.014233753138291406,119.34523669699735,16.737810622474424,86.36702332947134,16.24040274505159,0.16751359039820363,5.492148432262879,5.155468892187957,3.073357195511361e-08,8.85917253349301e-08,0.5264854864568574,0.4216935695019245
second_life,plating_x1p5,$\delta_{\mathrm{plating}}\times1.5$,21.0,4.297385716847478,0.9654501010528591,0.014305964550520259,122.15659910077592,16.84976992509549,88.90065901150668,16.406170164173762,0.16721935865431786,5.490415150119217,5.151546617696777,3.09391489783432e-08,8.988178196784298e-08,0.5260849369362046,0.4215604860750781
second_life,plating_x1p5,$\delta_{\mathrm{plating}}\times1.5$,22.0,4.289519987244984,0.9636829872911572,0.014378970809123787,125.03708363656094,16.961530088222144,91.50359554883852,16.571957999500277,0.16692307468520837,5.488682449504042,5.147623860131432,3.1144360346343513e-08,9.11881203283338e-08,0.5256843380831745,0.4214274472986679
second_life,plating_x1p5,$\delta_{\mathrm{plating}}\times1.5$,23.0,4.281597535955991,0.9619031304429442,0.014452789891787603,127.98885058114382,17.07308997635013,94.17799476560995,16.73776583918373,0.1666246879165464,5.48695033469359,5.143700629236772,3.1349203974128514e-08,9.251111246087482e-08,0.5252836908929281,0.4212944535010284
second_life,plating_x1p5,$\delta_{\mathrm{plating}}\times1.5$,24.0,4.273617050743548,0.9601102357012413,0.014527439664422133,131.014132793352,17.18444259585356,96.9260992701977,16.90359092730075,0.1663241492902228,5.485218834380448,5.1397769902215575,3.155366702016776e-08,9.385113980720221e-08,0.5248830020246981,0.4211615068852098
second_life,plating_x1p5,$\delta_{\mathrm{plating}}\times1.5$,25.0,4.2655771445951824,0.9583039914600125,0.014602939273252815,134.1152434706893,17.29559239920917,99.75021652237197,17.06943454910817,0.16602140691441836,5.483487934968219,5.1358529126749275,3.1757757659993704e-08,9.520858427465654e-08,0.5244822683728739,0.42102860640726497
second_life,plating_x1p5,$\delta_{\mathrm{plating}}\times1.5$,26.0,4.257476453278671,0.9564840912310284,0.01467930977421986,137.29466004567755,17.406540347606448,102.65282328484992,17.235296413221185,0.16571640977538582,5.48175763941333,5.131928403491427,3.1961477658519763e-08,9.658387666086919e-08,0.5240814906415389,0.42089575229419185
second_life,plating_x1p5,$\delta_{\mathrm{plating}}\times1.5$,27.0,4.249314685696299,0.9546504696163152,0.014756571653731784,140.554865390616,17.517285236507455,105.6364042341339,17.40117591997463,0.165409147027624,5.4800279536441545,5.128003476859921,3.216482480400186e-08,9.797741764668196e-08,0.5236806702796845,0.4207629450011778
second_life,plating_x1p5,$\delta_{\mathrm{plating}}\times1.5$,28.0,4.241089600576607,0.9528026230921265,0.014834743494347862,143.89839400512957,17.62782605535654,108.70349512828074,17.56707282149231,0.16509953484109083,5.478298879737847,5.124078138645485,3.236779724088162e-08,9.938959888738586e-08,0.5232798078862625,0.42063018468770913
second_life,plating_x1p5,$\delta_{\mathrm{plating}}\times1.5$,29.0,4.232798687562326,0.9509399876819334,0.014913848143091143,147.32804940526125,17.738167877886735,111.85689509748276,17.73298642989176,0.16478747934195803,5.476570424585405,5.120152405124321,3.2570404285427613e-08,1.0082089859300198e-07,0.522878905123427,0.4204974718828848
second_life,plating_x1p5,$\delta_{\mathrm{plating}}\times1.5$,30.0,4.224429759597933,0.9490598254434702,0.01499390106188116,150.8467700121322,17.84830628349364,115.09954780398945,17.89891592464912,0.1644725246713921,5.4748425965889,5.1162262957110975,3.277263782063062e-08,1.0227182186997436e-07,0.5224779639738382,0.42036480723182557
second_life,plating_x1p5,$\delta_{\mathrm{plating}}\times1.5$,31.0,4.215990316454005,0.9471638212741931,0.015074931301780765,154.45743788597852,17.958239502531626,118.43433846101136,18.06485992243555,0.1641549515506819,5.473115409450097,5.11229984313719,3.297449459710917e-08,1.0374280902115506e-07,0.5220769877800809,0.420232191786569
second_life,plating_x1p5,$\delta_{\mathrm{plating}}\times1.5$,32.0,4.207475120968376,0.9452507985939492,0.015156960513565992,158.16318391793143,18.067964706663677,121.86440568092834,18.23081353033943,0.16383456421343748,5.471388913388834,5.108373163175303,3.317596942153775e-08,1.0523437383056596e-07,0.5216759883650661,0.4200996294030529
second_life,plating_x1p5,$\delta_{\mathrm{plating}}\times1.5$,33.0,4.1988871029689525,0.9433214156174847,0.015240018930605857,161.9672764746142,18.177485787878677,125.39300858472578,18.396782102009748,0.16351147227485155,5.469663051961279,5.104446129151082,3.337706944029429e-08,1.0674704095583918e-07,0.5212749527925874,0.419967115747454
second_life,plating_x1p5,$\delta_{\mathrm{plating}}\times1.5$,34.0,4.190224678105596,0.9413753164049092,0.015324131768739875,165.8730411788759,18.286801828631525,129.02347456660542,18.56276478363895,0.1631856165460631,5.467937833084409,5.100518761266732,3.357779296860418e-08,1.0828132225033204e-07,0.5208738831257294,0.4198346514276468
second_life,plating_x1p5,$\delta_{\mathrm{plating}}\times1.5$,35.0,4.1814857856579035,0.9394120379950521,0.015409326768532025,169.88404911157892,18.395912326175548,132.75937571499642,18.728761070406954,0.1628569200235287,5.466213261251306,5.0965910714669596,3.377813908333587e-08,1.0983778963033883e-07,0.5204727805843061,0.4197022367886156
second_life,plating_x1p5,$\delta_{\mathrm{plating}}\times1.5$,36.0,4.172668324207055,0.9374311082834421,0.015495632318894509,174.00401210739585,18.5048165643355,136.604425219548,18.894770323512343,0.1625253041906553,5.464489342237581,5.092663074866643,3.39781064694653e-08,1.1141702756772167e-07,0.5200716467118756,0.4195698722738186
second_life,plating_x1p5,$\delta_{\mathrm{plating}}\times1.5$,37.0,4.1637701523546795,0.9354320461838074,0.015583077455114136,178.23678840682186,18.613513418305363,140.56248331119212,19.060791677324364,0.1621906890451466,5.46276608395563,5.088734791947741,3.417769306165029e-08,1.1301963345064438e-07,0.519670483600091,0.4194375584907787
second_life,plating_x1p5,$\delta_{\mathrm{plating}}\times1.5$,38.0,4.154789058234327,0.9334143547785265,0.015671692168518093,182.58640251556193,18.7220018312293,144.63757604169686,19.22682464263576,0.1618529919518488,5.461043490303599,5.084806234285538,3.437689691931712e-08,1.1464622293431974e-07,0.5192692924310409,0.41930529573879993
second_life,plating_x1p5,$\delta_{\mathrm{plating}}\times1.5$,39.0,4.145722746866641,0.9313775184778441,0.01576150745702037,187.0570665660843,18.8302783464981,148.8339199550226,19.39286826456362,0.16151212717973945,5.459321569893435,5.080877424473817,3.457571169552175e-08,1.1629743706754109e-07,0.5188680755120416,0.41917308467911796
second_life,plating_x1p5,$\delta_{\mathrm{plating}}\times1.5$,40.0,4.136569817887635,0.9293212226761739,0.015852556221895214,191.65317647508147,18.938341182552897,153.15591297225058,19.558922320277972,0.16116804243448352,5.4576003238226205,5.076948367785027,3.4774134119007905e-08,1.17973935710147e-07,0.5184668333815249,0.41904092539599863
second_life,plating_x1p5,$\delta_{\mathrm{plating}}\times1.5$,41.0,4.127323510135609,0.9272439484118317,0.015944868644525344,196.37934476817762,19.046188381148706,157.60817109109797,19.724985295930942,0.16082048506624327,5.455879766262951,5.073019100038794,3.497216059409248e-08,1.196764087923697e-07,0.5180655696974534,0.41890881897756893
second_life,plating_x1p5,$\delta_{\mathrm{plating}}\times1.5$,42.0,4.117971727713329,0.9251429782221607,0.016038471889879276,201.24039048049053,19.153815878831278,162.1955201122611,19.89105448939815,0.16046900311362905,5.454159923229415,5.069089685170922,3.5169783659556885e-08,1.214055696848007e-07,0.5176642909890634,0.4187767674212901
second_life,plating_x1p5,$\delta_{\mathrm{plating}}\times1.5$,43.0,4.108523236392843,0.9230202814243381,0.01613341152432909,206.2413882359157,19.261224352761648,166.9230336374844,20.057130245669676,0.16011392429711088,5.45244078917392,5.065160115018495,3.536700455878821e-08,1.231621660707087e-07,0.5172629964227434,0.4186447703011731
second_life,plating_x1p5,$\delta_{\mathrm{plating}}\times1.5$,44.0,4.098976683226635,0.9208755540653559,0.016229726203265925,211.38762640744733,19.3684129599107,171.79599996613194,20.22321348140469,0.15975519809635633,5.450722352797044,5.061230367892155,3.556382174383632e-08,1.2494696391331432e-07,0.5168616837835384,0.418512826749635
second_life,plating_x1p5,$\delta_{\mathrm{plating}}\times1.5$,45.0,4.089329150321412,0.9187081406116968,0.01632745533492866,216.68468119107453,19.47538006904046,176.819997472598,20.389303649436084,0.15939271552288145,5.449004617603511,5.057300456738593,3.5760232219460643e-08,1.2676077152642176e-07,0.516460354393587,0.4183809370357728
second_life,plating_x1p5,$\delta_{\mathrm{plating}}\times1.5$,46.0,4.079577657914403,0.9165173716302544,0.01642663933788299,222.13837694692717,19.58212265900078,182.00085567952368,20.555398608402683,0.15902636530057135,5.447287603403993,5.053370432225222,3.595623043829673e-08,1.2860442108328681e-07,0.5160590134271339,0.4182491026806729
second_life,plating_x1p5,$\delta_{\mathrm{plating}}\times1.5$,47.0,4.06971908254352,0.9143025454044533,0.016527320497327764,227.75482463634202,19.688639642067116,187.3446867145356,20.72149827973928,0.15865603076417553,5.445571308479783,5.0494402962109985,3.61518144030905e-08,1.3047877603498812e-07,0.515657661074019,0.418117323552371
second_life,plating_x1p5,$\delta_{\mathrm{plating}}\times1.5$,48.0,4.059750190958894,0.9120629355528103,0.01662954224107324,233.5404433895515,19.794921861134487,192.85792044172558,20.887601086691447,0.1582815911692072,5.443855746383865,5.045510086003999,3.634696729978239e-08,1.3238473901469394e-07,0.5152563011442083,0.41798560069148105
second_life,plating_x1p5,$\delta_{\mathrm{plating}}\times1.5$,49.0,4.049667620712518,0.9097977866682049,0.016733350535232602,239.50195966927524,19.900973784529153,198.54727968181234,21.05370620293374,0.1579029209398297,5.442140922688685,5.041579821156167,3.654169733300739e-08,1.3432323862675768e-07,0.5148549356343803,0.417853934525862
second_life,plating_x1p5,$\delta_{\mathrm{plating}}\times1.5$,50.0,4.039465159930309,0.9075057031918355,0.016838790566892217,245.64643861649128,20.00679231579708,204.41983593588134,21.219810364812872,0.15751978809477982,5.440426867866163,5.037649578889819,3.673599881712984e-08,1.3629524402144508e-07,0.514453572430613,0.4177223273951834
second_life,plating_x1p5,$\delta_{\mathrm{plating}}\times1.5$,51.0,4.029138882752439,0.9051858031405579,0.01694591089949057,251.98126164240446,20.11237606581852,210.48297269913255,21.385912877453393,0.15713204603587322,5.438713585550466,5.033719375646618,3.6929869201480916e-08,1.38301747685311e-07,0.5140522132119576,0.41759077957848073
second_life,plating_x1p5,$\delta_{\mathrm{plating}}\times1.5$,52.0,4.018684425681534,0.9028371062116347,0.017054761766561767,258.51415714394705,20.217724912019797,216.7444161031844,21.55201612874285,0.15673953178580638,5.437001047162374,5.029789154926016,3.712330826099373e-08,1.4034377131686107e-07,0.5136508522084794,0.4174592888814083
second_life,plating_x1p5,$\delta_{\mathrm{plating}}\times1.5$,53.0,4.008093729404102,0.9004578018007736,0.01716539553605429,265.2534151030203,20.322844146740856,223.21245279930503,21.718118156974413,0.1563419443938956,5.4352892692027694,5.025858963144567,3.731632571333772e-08,1.42422430767355e-07,0.5132494941603181,0.41732785657092303
second_life,plating_x1p5,$\delta_{\mathrm{plating}}\times1.5$,54.0,3.997370659517945,0.8980487583526602,0.01727787365675738,272.20768790450745,20.427729325786785,229.89574124630505,21.88421733241564,0.15593942829383503,5.433578264225791,5.021928838863878,3.75089133981873e-08,1.4453886727801433e-07,0.5128481430054522,0.41719648361094636
second_life,plating_x1p5,$\delta_{\mathrm{plating}}\times1.5$,55.0,3.9865107365231367,0.8956089695034397,0.017392254084878687,279.3860803275358,20.532376819490835,236.80339165415563,22.05031185388938,0.15553181621754378,5.431868046143322,5.017998824702161,3.770106465083424e-08,1.4669426754721536e-07,0.5124468030961282,0.4170651710696489
second_life,plating_x1p5,$\delta_{\mathrm{plating}}\times1.5$,56.0,3.9755094352056672,0.8931374186191371,0.017508598059804398,286.79823338666694,20.636782544800866,243.9450506242916,22.216400217574456,0.15511893919068584,5.430158625442226,5.0140689562417995,3.7892771974074784e-08,1.4888988326938332e-07,0.5120454780660809,0.4169339197522244
second_life,plating_x1p5,$\delta_{\mathrm{plating}}\times1.5$,57.0,3.9643621216214484,0.8906330646384926,0.01762696908846948,294.45423943767514,20.740950620787597,251.3308084797491,22.3824803371385,0.15470062418920458,5.428450018172869,5.010139282848151,3.8084042931249144e-08,1.5112699535688625e-07,0.511644172956587,0.4168027308910386
second_life,plating_x1p5,$\delta_{\mathrm{plating}}\times1.5$,58.0,3.953060661225228,0.8880940800556565,0.01774743071749967,302.3647337584338,20.84487957360828,258.97130445210695,22.548549732718556,0.15427656748424887,5.426742244014059,5.006209863198024,3.8274874816122144e-08,1.5340693959137088e-07,0.5112428937598248,0.4166716059970533
second_life,plating_x1p5,$\delta_{\mathrm{plating}}\times1.5$,59.0,3.941600835555624,0.8855195171516582,0.017870052721479936,310.5409445851194,20.948569461154865,266.87776538636285,22.714609737601673,0.15384661154288706,5.425035282990571,5.002280665744101,3.84652677349936e-08,1.5573111035645156e-07,0.5108416372541268,0.4165405435365475
second_life,plating_x1p5,$\delta_{\mathrm{plating}}\times1.5$,60.0,3.9299798572198,0.8829087497111956,0.017994908559500544,318.99471352552996,21.05201837012646,275.0620359237319,22.880659231671572,0.1534106522902587,5.423329139874069,4.9983517169897995,3.865521817470568e-08,1.5810096124486135e-07,0.5104404061460686,0.4164095438758952
second_life,plating_x1p5,$\delta_{\mathrm{plating}}\times1.5$,61.0,3.918191247360371,0.8802603221950341,0.018122073514081478,327.73862679129076,21.15522342385243,283.53670730868913,23.04669605874922,0.15296844782875543,5.421623829543714,4.994423067953144,3.88447208531838e-08,1.6051803315909306e-07,0.5100392056456997,0.4162786081575356
second_life,plating_x1p5,$\delta_{\mathrm{plating}}\times1.5$,62.0,3.90621804716593,0.8775704246388684,0.018251635004309465,336.78716114396326,21.258182878672173,292.31626017092583,23.212718094365247,0.15251936500759486,5.419919366033573,4.990494768901865,3.903377256875961e-08,1.62984262153957e-07,0.5096380408864487,0.41614773745902084
second_life,plating_x1p5,$\delta_{\mathrm{plating}}\times1.5$,63.0,3.8940663253816754,0.8748404204461843,0.018383664579550187,346.15293545921395,21.36089073900359,301.41332241467904,23.378722305531287,0.1520636304315447,5.418215771945816,4.986566891600444,3.9222362312487086e-08,1.655009175598807e-07,0.5092369191970297,0.4160169335157718
second_life,plating_x1p5,$\delta_{\mathrm{plating}}\times1.5$,64.0,3.881728465202608,0.8720685984265879,0.01851824772292176,355.85078934710765,21.463344210479157,310.8427399950167,23.544705141611804,0.15160095974574897,5.416513074555342,4.982639520061574,3.9410484953414656e-08,1.6806974768379684e-07,0.5088358491569657,0.4158861984219872
second_life,plating_x1p5,$\delta_{\mathrm{plating}}\times1.5$,65.0,3.8691954547566882,0.869252933974111,0.01865547267675666,365.8964007039773,21.565537757503172,320.6202003282036,23.7106626182705,0.15113101653038322,5.414811304790739,4.978712748559875,3.9598130327212444e-08,1.7069257278493796e-07,0.5084348403937454,0.4157555345524002
second_life,plating_x1p5,$\delta_{\mathrm{plating}}\times1.5$,66.0,3.856464121473947,0.8663927143396079,0.01879543760633993,376.30645898446267,21.667469618777783,330.7623915443511,23.876597821333814,0.15065368226611398,5.41311042027038,4.974786504080648,3.9785295199827e-08,1.7337131590369016e-07,0.5080338854509804,0.41562493865289984
second_life,plating_x1p5,$\delta_{\mathrm{plating}}\times1.5$,67.0,3.843527156457977,0.8634862975073883,0.018938242970744597,387.0987571880426,21.769129753903727,341.28711944977965,24.042507984359222,0.15016868408905035,5.411410437749972,4.970860852081551,3.997196113531467e-08,1.7610801937812987e-07,0.5076329910133208,0.41549441201000903
second_life,plating_x1p5,$\delta_{\mathrm{plating}}\times1.5$,68.0,3.830376793873069,0.8605319388058391,0.019083994707105773,398.29216509494233,21.870519557506338,352.21325595465635,24.20838958277967,0.14967573209011167,5.409711380719607,4.966935875958462,4.015813069445353e-08,1.7890481630798694e-07,0.5072321655972994,0.4153639564273242
second_life,plating_x1p5,$\delta_{\mathrm{plating}}\times1.5$,69.0,3.817003981442643,0.8575276045517134,0.019232803312747678,409.9067399003018,21.971635404794938,363.5608650015725,24.374239493934315,0.14917448833913938,5.408013267433563,4.963011649597629,4.034379722148866e-08,1.8176394826877727e-07,0.5068314167483091,0.4152335733064304
second_life,plating_x1p5,$\delta_{\mathrm{plating}}\times1.5$,70.0,3.803395686056487,0.8544703667282117,0.0193847104404756,421.95759466870305,22.072457673526436,375.345082938227,24.540054056949604,0.14866446633276667,5.406316120721799,4.959088259620122,4.052892468652143e-08,1.8468624410573785e-07,0.5064307533122446,0.4151032644002385
second_life,plating_x1p5,$\delta_{\mathrm{plating}}\times1.5$,71.0,3.7895487335388767,0.8513595122254403,0.019539846785646235,434.4675124016853,22.172987875194647,387.5886960362295,24.705828490261176,0.1481455475763544,5.40461997329457,4.955165819164024,4.0713515864921036e-08,1.8767426991103464e-07,0.5060301868429645,0.4149730322202798
second_life,plating_x1p5,$\delta_{\mathrm{plating}}\times1.5$,72.0,3.775450621361145,0.8481922322269787,0.019698434414676457,447.46876109730454,22.273238863851503,400.3239605748188,24.871561658634306,0.14761726534292527,5.402924818869685,4.951244355090475,4.0897594358993596e-08,1.907326207365205e-07,0.5056297200835755,0.4148428762842007
second_life,plating_x1p5,$\delta_{\mathrm{plating}}\times1.5$,73.0,3.7610890245414867,0.8449657578040611,0.019860638770116595,460.9899941408675,22.373206686170743,413.5795370176617,25.03725043703502,0.14707915956802634,5.401230669939503,4.947323941341878,4.1081152909734936e-08,1.938646856040183e-07,0.5052293605852048,0.41471279755117896
second_life,plating_x1p5,$\delta_{\mathrm{plating}}\times1.5$,74.0,3.7464502219618687,0.8416770063721434,0.020026639542914497,475.06248126400675,22.47288610570755,427.3867076588618,25.20288749943737,0.14653071814097346,5.399537579980644,4.943404751261613,4.1264181902108935e-08,1.970741623334856e-07,0.5048291260499811,0.4145828001272119
second_life,plating_x1p5,$\delta_{\mathrm{plating}}\times1.5$,75.0,3.7315196589730992,0.8383227080856824,0.02019662746730219,489.7199096513908,22.5722691996843,441.77917480574155,25.368465645965014,0.14597139784981802,5.397845598992721,4.939486955208194,4.144666678849874e-08,2.0036497366753273e-07,0.5044290338752133,0.4144528878513281
second_life,plating_x1p5,$\delta_{\mathrm{plating}}\times1.5$,76.0,3.7162800907655225,0.8348989887280446,0.020370825682846316,505.0006385671636,22.671348566518148,456.79531229670357,25.533977703941886,0.145400555092097,5.396154774313807,4.935570722896541,4.162859397829299e-08,2.0374173636817576e-07,0.5040291013924856,0.4143230643582002
second_life,plating_x1p5,$\delta_{\mathrm{plating}}\times1.5$,77.0,3.7007010645469127,0.8313990067789968,0.020549462483799772,520.9459759620617,22.770108908569032,472.47645392395435,25.69941312953825,0.14481705339970355,5.3944651850193965,4.931656303807492,4.180993538232686e-08,2.0720931207843105e-07,0.5036293540792166,0.414193335719337
second_life,plating_x1p5,$\delta_{\mathrm{plating}}\times1.5$,78.0,3.684775849447337,0.8278212500821991,0.02073273618849271,537.5948551633653,22.868531056303098,488.8615566628399,25.864767444222284,0.14422064155245684,5.3927768458882355,4.9277438039089825,4.199065580195571e-08,2.107716168264841e-07,0.503229802757037,0.4140637030694678
second_life,plating_x1p5,$\delta_{\mathrm{plating}}\times1.5$,79.0,3.6684783872082294,0.8241598643927632,0.020921034662813868,555.0077880133985,22.966617296326792,506.0111372820612,26.03003343501037,0.1436103470679708,5.391089794905606,4.923833393869661,4.2170759435792205e-08,2.1443675260059046e-07,0.5028304648549273,0.41393416932514704
second_life,plating_x1p5,$\delta_{\mathrm{plating}}\times1.5$,80.0,3.6517810450079726,0.8204086417246761,0.02111470900331213,573.2447852935852,23.064353748349767,523.9852313316328,26.195200213602618,0.1429851387702992,5.389404104215352,4.9199253313209805,4.235022079717553e-08,2.1821203881833582e-07,0.5024313666826614,0.4138047400256631
second_life,plating_x1p5,$\delta_{\mathrm{plating}}\times1.5$,81.0,3.634652521842727,0.8165605499985966,0.021314149814478895,592.3731323956594,23.161721313409004,542.8511548566166,26.360256225633716,0.14234384862094365,5.387719848842446,4.916019889654374,4.252900481704156e-08,2.221056297756638e-07,0.5020325361594499,0.4136754209315211
second_life,plating_x1p5,$\delta_{\mathrm{plating}}\times1.5$,82.0,3.6170621679174007,0.8126087034356542,0.02151976133483231,612.464902078962,23.2587020547806,562.6810114276607,26.525188596520767,0.14168533291477536,5.386037110776431,4.912117373499354,4.270707856040212e-08,2.2612590268446772e-07,0.5016340043945905,0.4135462183379739
second_life,plating_x1p5,$\delta_{\mathrm{plating}}\times1.5$,83.0,3.5989616347583726,0.8085422400742238,0.021732015655382783,633.6039870835081,23.355280684216254,583.5587235222581,26.689982877033696,0.14100778751898665,5.384355982527639,4.908218124743651,4.288441395533731e-08,2.302827815849701e-07,0.5012358063022553,0.4134171393480728
second_life,plating_x1p5,$\delta_{\mathrm{plating}}\times1.5$,84.0,3.5803144127192295,0.8043529576620199,0.021951447795798912,655.8848882045355,23.45144493461951,605.578814378146,26.854628891770002,0.14030985006041902,5.382676506259435,4.904322384150629,4.3060988477294775e-08,2.3458731284199403e-07,0.5008379664696195,0.4132881871991701
second_life,plating_x1p5,$\delta_{\mathrm{plating}}\times1.5$,85.0,3.5610806036933402,0.8000318926957365,0.02217864570305821,679.4133853009808,23.547182268838164,628.8470949723921,27.019108059750558,0.13959003183238028,5.380998802093767,4.900430591370617,4.323677910585219e-08,2.3905163220331433e-07,0.5004405297945427,0.41315937111436934
second_life,plating_x1p5,$\delta_{\mathrm{plating}}\times1.5$,86.0,3.5412078955088555,0.7955672927298345,0.022414277577064184,704.3109210908311,23.64247277180478,653.4850473496178,27.18340096940843,0.1388463809012618,5.379322989087477,4.896543205706744,4.34117492734338e-08,2.436896090507207e-07,0.5000435431818621,0.4130307002349938
second_life,plating_x1p5,$\delta_{\mathrm{plating}}\times1.5$,87.0,3.520639618535406,0.7909464263727258,0.022659069455747412,730.7127604771367,23.7372990177108,679.6279745119672,27.347486947458766,0.13807678275966712,5.3776491880150985,4.892660716316034,4.358586698318209e-08,2.485162588965964e-07,0.49964705658514746,0.4129021838342532
second_life,plating_x1p5,$\delta_{\mathrm{plating}}\times1.5$,88.0,3.4993035062363784,0.786153058233949,0.02291383900967844,758.7736713648327,23.831641005055644,707.4306886796458,27.511341680131302,0.1372785409569027,5.3759775467501525,4.888783698494173,4.375909550881483e-08,2.5354855028849516e-07,0.49925112875459887,0.4127738332660492
second_life,plating_x1p5,$\delta_{\mathrm{plating}}\times1.5$,89.0,3.477132125113751,0.781172038712847,0.023179446802418794,788.6625788041104,23.925478488891486,737.0621542682667,27.67494604695214,0.13644913933104674,5.374308143790679,4.884912604656642,4.393139767703767e-08,2.5880415228268035e-07,0.4988558058916755,0.41264565455755287
second_life,plating_x1p5,$\delta_{\mathrm{plating}}\times1.5$,90.0,3.454058365932775,0.7759882910577065,0.023456881699285646,820.5747985344285,24.018779951090444,768.7177514891206,27.83826709421745,0.13558607394784383,5.372641146739339,4.881048214531286,4.410271561500972e-08,2.643033324064348e-07,0.4984611676235462,0.4125176605774923
second_life,plating_x1p5,$\delta_{\mathrm{plating}}\times1.5$,91.0,3.4299930361600217,0.7705817772858826,0.02374725252544536,854.7341409098901,24.111513312353505,802.6213558758525,28.00127172168409,0.13468601682225828,5.370976692419855,4.877191311313256,4.427299041948092e-08,2.700688775219824e-07,0.4980672939314678,0.4123898618313527
second_life,plating_x1p5,$\delta_{\mathrm{plating}}\times1.5$,92.0,3.4048421120428567,0.7649313740336694,0.024051792780652902,891.3954429397354,24.203638100254633,839.0278859477702,28.16391889171059,0.13374545979623176,5.369314979382072,4.8733428660069595,4.444214777593991e-08,2.761260507280487e-07,0.49767428397610597,0.4122622735640228
second_life,plating_x1p5,$\delta_{\mathrm{plating}}\times1.5$,93.0,3.378489304618406,0.7590109558382027,0.024371889913396956,930.851962967292,24.29511660698908,878.2306877474546,28.326158612848396,0.13276006400576232,5.367656268483308,4.8695040614756175,4.4610118446207525e-08,2.825032757776163e-07,0.49728225855351854,0.41213491580443234
second_life,plating_x1p5,$\delta_{\mathrm{plating}}\times1.5$,94.0,3.3508225217123835,0.752795340086582,0.02470909354675115,973.439104225114,24.385909246526438,920.565263664173,28.4879313144145,0.13172564728014005,5.366000877064609,4.8656763072397,4.4776829743351085e-08,2.892320897889671e-07,0.49689136160639735,0.41200781291839716
second_life,plating_x1p5,$\delta_{\mathrm{plating}}\times1.5$,95.0,3.3217104760582004,0.7462550317990343,0.025065150245220595,1019.5443656558415,24.475975282281805,966.4192167397866,28.649173633773124,0.13063731118804403,5.364349093168659,4.86186110254225,4.494220686781698e-08,2.963479739119905e-07,0.4965017462400602,0.411880987022171
second_life,plating_x1p5,$\delta_{\mathrm{plating}}\times1.5$,96.0,3.2910009633644504,0.7393558367797856,0.0254420031273429,1069.6129907871104,24.565261964524716,1016.237922985683,28.80980583690284,0.12948937693481907,5.362701289501403,4.858060333994762,4.510615296179783e-08,3.0389033127078774e-07,0.4961136051185676,0.41175446673255145
second_life,plating_x1p5,$\delta_{\mathrm{plating}}\times1.5$,97.0,3.258527539636199,0.7320603617431691,0.025841755722172337,1124.148868593335,24.653696170034,1070.525452779629,28.96971964367217,0.1282756347321317,5.361058093527884,4.854276563647124,4.526853375816456e-08,3.119016574416997e-07,0.4957271998829283,0.41162830022703717
second_life,plating_x1p5,$\delta_{\mathrm{plating}}\times1.5$,98.0,3.2241281990045767,0.7243322104723275,0.02626670713617543,1183.725245463386,24.741189519835864,1129.8552717962264,29.128784147323902,0.12699004053502022,5.3594202356813945,4.850512888924857,4.5429186977535964e-08,3.2042809807074774e-07,0.4953428468476456,0.4115025435891492
second_life,plating_x1p5,$\delta_{\mathrm{plating}}\times1.5$,99.0,3.1876148765179373,0.7161291323203477,0.026719273800976,1248.9823409214723,24.82761381792141,1194.8679024835947,29.286824619956064,0.1256255783735132,5.357788784332767,4.8467734441192265,4.558787722943282e-08,3.295179911032508e-07,0.4949609682137634,0.4113772788496476
second_life,plating_x1p5,$\delta_{\mathrm{plating}}\times1.5$,100.0,3.1488066158118935,0.7074104736545807,0.027201884433491728,1320.6167542460307,24.9128261609396,1266.2603063552822,29.443621729808928,0.12417549793882257,5.356165158049386,4.8430634189072554,4.574434211810212e-08,3.3921939904973834e-07,0.4945820939601622,0.4112526149277925
second_life,plating_x1p5,$\delta_{\mathrm{plating}}\times1.5$,101.0,3.1075486627258218,0.6981414674259746,0.027716762337239232,1399.3530499248523,24.99663487591484,1344.7575484615202,29.59886658741719,0.12263402753154146,5.354551588127775,4.839390122018709,4.5898229698159855e-08,3.4957565432060615e-07,0.49420697046708917,0.41112872314513643
second_life,plating_x1p5,$\delta_{\mathrm{plating}}\times1.5$,102.0,3.0637338054601844,0.6882980274459679,0.028265436233594416,1485.8644678112319,25.078773134634154,1431.0335590326545,29.75213564394325,0.12099717064669793,5.35295152491372,4.835763575174444,4.60490500259528e-08,3.6061525372953957e-07,0.4938366211701795,0.4110058684232574
second_life,plating_x1p5,$\delta_{\mathrm{plating}}\times1.5$,103.0,3.0173695290194944,0.6778818352946745,0.028848122606031267,1580.6576835184426,25.158800689022648,1525.59605591769,29.90282691173,0.1192652122970794,5.351370538636289,4.832198022191756,4.619599472837929e-08,3.723393724735774e-07,0.4934725006729299,0.4108844784508475
second_life,plating_x1p5,$\delta_{\mathrm{plating}}\times1.5$,104.0,2.968643072093972,0.6669349559912259,0.02946280165403593,1683.8804843208063,25.23607627704013,1628.594252388092,30.050155655674104,0.1174451459031321,5.34981709839593,4.828712030932136,4.633788633524932e-08,3.847030528543122e-07,0.49311650515778166,0.4107652034953281
second_life,plating_x1p5,$\delta_{\mathrm{plating}}\times1.5$,105.0,2.9179816476328497,0.6555533671397246,0.03010434870187936,1795.0971435292004,25.30982276000113,1739.5938971144176,30.19342365478162,0.11555291461697438,5.348301632641054,4.825322122219811,4.6473297882890744e-08,3.975970207727747e-07,0.49277032176015567,0.41064884426514453
second_life,plating_x1p5,$\delta_{\mathrm{plating}}\times1.5$,106.0,2.866038393656522,0.6438838026405788,0.030764905224807394,1913.2516837757237,25.379492357162714,1857.5397736845957,30.33241773396533,0.11361286671529638,5.346830613170495,4.82203334005686,4.660122354926042e-08,4.1085468598478004e-07,0.4924344655823528,0.4105358976725683
second_life,plating_x1p5,$\delta_{\mathrm{plating}}\times1.5$,107.0,2.8135412265556425,0.6320897960928691,0.03143557848135856,2036.8918516610674,25.44523863466893,1980.9788391106792,30.467773915719405,0.11165207152116914,5.345400495201509,4.818830635317117,4.6721945308879616e-08,4.242863910615586e-07,0.4921073997813281,0.4104260915450413
second_life,plating_x1p5,$\delta_{\mathrm{plating}}\times1.5$,108.0,2.7611767771959363,0.6203256058951615,0.03210815176497306,2164.4592725853436,25.5078690419437,2108.3501035519034,30.601299991496294,0.10969588821346937,5.343997704241241,4.8156712332844345,4.683694578128146e-08,4.3771411204908075e-07,0.4917847561283696,0.4103183836171518
second_life,plating_x1p5,$\delta_{\mathrm{plating}}\times1.5$,109.0,2.7093400056031913,0.6086799637140862,0.03277805119380723,2294.9574053003266,25.568403780320033,2238.6545824220498,30.734419097957016,0.10775836070248335,5.342606382917861,4.812521460679392,4.6948098236022167e-08,4.5103757967374213e-07,0.49146309584937786,0.410211556341375
second_life,SEI_x2,$\delta_{\mathrm{SEI}}\times2$,0.0,4.451173304721824,1.0,0.013137379291491983,62.970119767990525,28.914788121615814,21.12576703109742,12.92956461527729,0.17301961107654837,5.526933335243084,5.233807663519556,5.3092650009393534e-08,4.381526340964325e-08,0.5344855785911435,0.4243643949691191
second_life,SEI_x2,$\delta_{\mathrm{SEI}}\times2$,1.0,4.445162675285642,0.9986496527938363,0.013187548315677162,64.02776941805968,29.028833969543815,21.90370692988297,13.095228518632888,0.172792434130678,5.525185660889564,5.229887838347143,5.330205829776136e-08,4.4614701726297705e-08,0.5340852791992006,0.4242302064915948
second_life,SEI_x2,$\delta_{\mathrm{SEI}}\times2$,2.0,4.4391226258450445,0.9972926960934108,0.01323806356079274,65.10626311703703,29.142706150164983,22.702627816228343,13.260929150643703,0.17256416891543347,5.523438400672214,5.22596714412659,5.351114770232824e-08,4.54210582577429e-08,0.5336848910585438,0.4240960498119293
second_life,SEI_x2,$\delta_{\mathrm{SEI}}\times2$,3.0,4.433054463537767,0.9959294235601125,0.013288932494022134,66.20608680611946,29.256409571372053,23.52301271266724,13.42666452208017,0.17233486445191196,5.521691576588136,5.222045627925674,5.3719927234850724e-08,4.62344457206676e-08,0.533284418975817,0.42396192661908555
second_life,SEI_x2,$\delta_{\mathrm{SEI}}\times2$,4.0,4.42695963217824,0.9945601595610987,0.013340160433801885,67.32769209481299,29.369941184656653,24.365319291944903,13.59243161821144,0.1721045748873116,5.519945221318059,5.218123361076882,5.3928391297729845e-08,4.7054941441781744e-08,0.5328838702356182,0.4238278394223282
second_life,SEI_x2,$\delta_{\mathrm{SEI}}\times2$,5.0,4.420842242708467,0.9931858276600506,0.013391752213858582,68.47146478289719,29.483298406686494,25.22993122522493,13.758235150985769,0.17187345439123414,5.51819928618239,5.214200232089339,5.413653514751197e-08,4.788254408300082e-08,0.5324832334523046,0.42369378448398126
second_life,SEI_x2,$\delta_{\mathrm{SEI}}\times2$,6.0,4.414706700770124,0.9918074176278386,0.013443665791009352,69.63670664602526,29.596428290664324,26.11620291383842,13.924075441522518,0.17164166816422402,5.516453768746219,5.21027623336494,5.434426156454035e-08,4.8716289313221204e-08,0.5320825078499445,0.4235597616170896
second_life,SEI_x2,$\delta_{\mathrm{SEI}}\times2$,7.0,4.408547480272066,0.9904236879735642,0.013495960960986935,70.82525970198036,29.7093977886027,27.025909690951696,14.089952222425962,0.1714090086537481,5.514708672857703,5.206351371230619,5.4551693484516804e-08,4.9557494841931794e-08,0.5316816940746553,0.42342577111711893
second_life,SEI_x2,$\delta_{\mathrm{SEI}}\times2$,8.0,4.402364209066599,0.9890345550905764,0.013548643063514306,72.03765921927555,29.822200999369382,27.95959222066311,14.255865999243058,0.1711754617897978,5.5129639941492465,5.202425633724472,5.4758820071921895e-08,5.040627452709816e-08,0.5312807909048665,0.4232918126487205
second_life,SEI_x2,$\delta_{\mathrm{SEI}}\times2$,9.0,4.3961564592151126,0.9876399228382438,0.013601718396406568,73.27447217782351,29.93483755576001,28.9178178305782,14.421816791485297,0.17094101142797938,5.51121973338068,5.198499020384832,5.496564065250364e-08,5.12627549952785e-08,0.5308797982934318,0.4231578862702348
second_life,SEI_x2,$\delta_{\mathrm{SEI}}\times2$,10.0,4.389923827352979,0.9862397005967233,0.013655193061801754,74.53627245208008,30.04730726424755,29.901160509254215,14.587804678578324,0.17070564235911043,5.509475890665246,5.194571529332382,5.5172154870912304e-08,5.212705698104543e-08,0.5304787160484323,0.42302399199035673
second_life,SEI_x2,$\delta_{\mathrm{SEI}}\times2$,11.0,4.383665624552331,0.9848337335915724,0.013709073007300248,75.82365004285174,30.159609519136026,30.910211319962126,14.75382920375359,0.17046932868073772,5.507732471722485,5.190643171374868,5.537836161498325e-08,5.2999304554159376e-08,0.5300775452735736,0.4228901302482393
second_life,SEI_x2,$\delta_{\mathrm{SEI}}\times2$,12.0,4.377382115159113,0.9834220812107153,0.013763365296804296,77.13721422175045,30.271743931529635,31.945580036936203,14.919890253284626,0.1702320802541999,5.5059894786960415,5.186713949203204,5.55842601706352e-08,5.387962605034399e-08,0.5296762862436569,0.4227563012084741
second_life,SEI_x2,$\delta_{\mathrm{SEI}}\times2$,13.0,4.371074641795247,0.9820050450874138,0.013818078306969569,78.47759735843174,30.383710120205677,33.0078996497161,15.085987588509962,0.16999394737549423,5.504246915069934,5.182783868464436,5.578984983787605e-08,5.4768157280746005e-08,0.5292749395353681,0.42262250513856797
second_life,SEI_x2,$\delta_{\mathrm{SEI}}\times2$,14.0,4.3647406184613775,0.9805820442513982,0.013873216506086977,79.8454358964651,30.495507463011684,34.09780735491102,15.252121078542405,0.16975483301743952,5.502504783018612,5.178852932255525,5.599512947432417e-08,5.5665025226526184e-08,0.5288735054649744,0.4224887422054779
second_life,SEI_x2,$\delta_{\mathrm{SEI}}\times2$,15.0,4.358379572616996,0.9791529725417809,0.01392878674959121,81.24139332656415,30.60713551017822,35.215967215803374,15.418290600582552,0.16951471943291413,5.500763084707775,5.174921143482067,5.6200098254123534e-08,5.6570366746716156e-08,0.5284719843292002,0.4223550125754887
second_life,SEI_x2,$\delta_{\mathrm{SEI}}\times2$,16.0,4.351991029631036,0.9777177233280101,0.013984796115718155,82.66615419633303,30.718593813404425,36.36306426343695,15.584496119491654,0.16927358880460713,5.499021821368547,5.17098850297549,5.640475535411473e-08,5.7484322944791273e-08,0.5280703762129525,0.42222131634312754
second_life,SEI_x2,$\delta_{\mathrm{SEI}}\times2$,17.0,4.345574527479333,0.9762761928117984,0.014041251599099667,84.12041604026615,30.829881720839712,37.5397967988807,15.750737520545739,0.16903142379686348,5.497280995043718,5.167055013450314,5.6609099577385126e-08,5.840703264491178e-08,0.5276686813934428,0.42208765366524215
second_life,SEI_x2,$\delta_{\mathrm{SEI}}\times2$,18.0,4.339128933294858,0.9748281264833907,0.014098159282980874,85.604883164509,30.940998092453533,38.7468703055357,15.917014766519763,0.16878818193807232,5.4955406068997394,5.163120675787332,5.681312883063758e-08,5.9338627702839825e-08,0.5272668999606193,0.42195402463139414
second_life,SEI_x2,$\delta_{\mathrm{SEI}}\times2$,19.0,4.332644200691561,0.973371267323039,0.014155519464857918,87.12033843950964,31.051940640829052,39.98507014698031,16.083327651700273,0.1685434867383208,5.493800660014094,5.159185494853995,5.7016838913771416e-08,6.027928814409075e-08,0.5268650324115544,0.42182042947787624
second_life,SEI_x2,$\delta_{\mathrm{SEI}}\times2$,20.0,4.32612690328444,0.9719070921582105,0.014213344400487245,88.66749895857215,31.162708979375605,41.2551149536489,16.24967502554765,0.16829758464612732,5.492061168521746,5.1552494978735774,5.7220229116938e-08,6.122912943624226e-08,0.5264630815263366,0.4216868692899874
second_life,SEI_x2,$\delta_{\mathrm{SEI}}\times2$,21.0,4.319575573472189,0.970435271277792,0.014271642517488487,90.24719605992998,31.273303235070887,42.55783704810382,16.416055776755268,0.16805042072033446,5.490322145562944,5.151312711141053,5.742329967329077e-08,6.218833902750341e-08,0.5260610499902544,0.42155334507665126
second_life,SEI_x2,$\delta_{\mathrm{SEI}}\times2$,22.0,4.312993409715847,0.9689565232476132,0.014330426084936648,91.86026672309193,31.383725208315404,43.89406925904405,16.582472255732466,0.1678021148132595,5.488583567371135,5.147375079042654,5.7626053888682546e-08,6.315708922876145e-08,0.5256589321239328,0.42141985501304424
second_life,SEI_x2,$\delta_{\mathrm{SEI}}\times2$,23.0,4.306379970546692,0.9674707488873698,0.014389704276971572,93.50757586186768,31.493975316553435,45.26467572147449,16.74892482383976,0.16755265039391354,5.486845431031277,5.143436593028115,5.782849252961465e-08,6.413555991214011e-08,0.5252567270542039,0.42128639887534586
second_life,SEI_x2,$\delta_{\mathrm{SEI}}\times2$,24.0,4.299734635412305,0.9659778087838387,0.014449485815534473,95.19000834436912,31.6040486713566,46.670546025369575,16.91541364764293,0.16730200422918692,5.4851077356558005,5.139497249156275,5.803060662007051e-08,6.512393360004634e-08,0.5248544343785891,0.4211529765954076
second_life,SEI_x2,$\delta_{\mathrm{SEI}}\times2$,25.0,4.293056829511427,0.9644775738022453,0.014509779582564164,96.90846380818557,31.713947672860535,48.112578726668566,17.081937408656476,0.16705015482094127,5.483370495831203,5.135557078624227,5.82324005671224e-08,6.61223836675647e-08,0.5244520572829904,0.4210195892931978
second_life,SEI_x2,$\delta_{\mathrm{SEI}}\times2$,26.0,4.286345967181851,0.9629699123677968,0.014570594513647138,98.66386816778018,31.823672668593105,49.59170073196824,17.248494767218823,0.16679708026973175,5.48163372632792,5.131616113130121,5.8433875008892796e-08,6.713108787825682e-08,0.524049599004478,0.42088623810280773
second_life,SEI_x2,$\delta_{\mathrm{SEI}}\times2$,27.0,4.279601388190927,0.9614546761527141,0.01463194012502754,100.45718413298391,31.9332246475681,51.10887165945687,17.41508782595895,0.16654275585234843,5.47989740599438,5.127674302922998,5.863503176138539e-08,6.815023070498645e-08,0.5236470544623972,0.4207529214001949
second_life,SEI_x2,$\delta_{\mathrm{SEI}}\times2$,28.0,4.2728224548513865,0.9599317218942606,0.014693825886520955,102.28940125111765,32.04260290959329,52.66508222272036,17.58171611880399,0.16628715772170702,5.478161540487325,5.123731659030754,5.8835869538923806e-08,6.918000150329714e-08,0.523244424782936,0.42061963961969073
second_life,SEI_x2,$\delta_{\mathrm{SEI}}\times2$,29.0,4.266008525184243,0.958400905365523,0.014756261388395302,104.16153565787161,32.151807065478664,54.26134925777502,17.748379334617944,0.16603026187292672,5.4764261337833,5.119788188815275,5.903638762688651e-08,7.022059065518177e-08,0.5228417107179029,0.4204863930666189
second_life,SEI_x2,$\delta_{\mathrm{SEI}}\times2$,30.0,4.2591594371248105,0.9568621901570707,0.014819257156797789,106.07464522050178,32.26083676844459,55.89873124167261,17.91507721038458,0.1657720622714936,5.474691189355933,5.115843898499869,5.9236585388524986e-08,7.127219910177348e-08,0.5224389129028331,0.4203531820076886
second_life,SEI_x2,$\delta_{\mathrm{SEI}}\times2$,31.0,4.252275187539375,0.9553155755648839,0.014882823946519182,108.02981420979432,32.36969218632467,57.57831187605069,18.08181014741897,0.16551255882294244,5.47295670374607,5.111898778588896,5.94364631320113e-08,7.233502696847442e-08,0.5220360303680152,0.4202200061773021
second_life,SEI_x2,$\delta_{\mathrm{SEI}}\times2$,32.0,4.245354022865439,0.953760667633846,0.014946972256940683,110.02819842477066,32.47837324529189,59.30124750425665,18.24857767522212,0.16525168591773082,5.471222682682304,5.107952840214978,5.963602072178602e-08,7.340930266921339e-08,0.5216330642503321,0.42008686601530726
second_life,SEI_x2,$\delta_{\mathrm{SEI}}\times2$,33.0,4.238395063953748,0.952197268854403,0.015011712078381834,112.07093769143877,32.58687902843428,61.0686791087009,18.415379554303584,0.16498941068783524,5.469489129083617,5.104006089044773,5.983525647423712e-08,7.449522686511042e-08,0.5212300151284728,0.4199537617458271
second_life,SEI_x2,$\delta_{\mathrm{SEI}}\times2$,34.0,4.231395485852072,0.9506247445731646,0.01507705300730578,114.15924217117592,32.69520968695494,62.88181715256987,18.582215331651092,0.16472562745195266,5.467756048220711,5.100058535797147,6.003417066700012e-08,7.559302512633238e-08,0.5208268840970665,0.41982069377355213
second_life,SEI_x2,$\delta_{\mathrm{SEI}}\times2$,35.0,4.2243425382353355,0.9490402303038021,0.015142996185370237,116.29435733353255,32.803363208579405,64.7419131440116,18.74908098094154,0.16445985917034184,5.4660234828128615,5.096110275740182,6.023275960518427e-08,7.670292897794271e-08,0.5204236808850562,0.4196876653785183
second_life,SEI_x2,$\delta_{\mathrm{SEI}}\times2$,36.0,4.217247208560661,0.9474461944869652,0.015209563213340688,118.47755752499808,32.911340563341234,66.65023853817307,18.91597842348377,0.16419251712469615,5.464291413429471,5.0921612634131925,6.043102506994222e-08,7.782516280544832e-08,0.5200204008499173,0.4195546750688216
second_life,SEI_x2,$\delta_{\mathrm{SEI}}\times2$,37.0,4.210110907773126,0.9458429541053867,0.015276768400407264,120.71017599318756,33.019143649967496,68.60812203300638,19.082910310213684,0.16392365413626367,5.462559812918644,5.08821143609156,6.062897054767172e-08,7.895996547105743e-08,0.5196170375861021,0.4194217207597078
second_life,SEI_x2,$\delta_{\mathrm{SEI}}\times2$,38.0,4.202932728797571,0.9442303053756821,0.015344624904591484,122.99362153594411,33.126772233915126,70.61697391383191,19.249875388197083,0.16365323632220088,5.460828694902149,5.084260823421348,6.082659560771033e-08,8.010760273641192e-08,0.5192135941211187,0.41928880349707215
second_life,SEI_x2,$\delta_{\mathrm{SEI}}\times2$,39.0,4.195713687347398,0.9426084764878885,0.015413125091126575,125.32848702014456,33.23421197892337,72.67740097611255,19.41687406510864,0.1633813017177455,5.459098055684489,5.080309415756442,6.102387392615518e-08,8.126787012353588e-08,0.5188100694698886,0.41915592299717014
second_life,SEI_x2,$\delta_{\mathrm{SEI}}\times2$,40.0,4.1884524744377245,0.9409771733656374,0.015482286729783539,127.71639596601169,33.34147018643046,74.79101956191052,19.5839062176707,0.16310780138481704,5.4573678970503625,5.076357216013752,6.122081890973442e-08,8.244112520429668e-08,0.518406463930292,0.41902307939703304
second_life,SEI_x2,$\delta_{\mathrm{SEI}}\times2$,41.0,4.181146653455698,0.9393358485998106,0.015552139733002833,130.15953582579482,33.4485580793079,76.96000633432826,19.75097141215867,0.16283264421792362,5.455638223972643,5.07240423445577,6.141745116561925e-08,8.362800397761361e-08,0.5180027785503525,0.4188902730784837
second_life,SEI_x2,$\delta_{\mathrm{SEI}}\times2$,42.0,4.173795231022202,0.9376842790179889,0.015622698195954144,132.65951136508323,33.55547016514292,79.18597194379444,19.91806925614588,0.16255579311100182,5.453909040921621,5.068450480367825,6.161376060877128e-08,8.482879731093823e-08,0.5175990142783041,0.4187575043847565
second_life,SEI_x2,$\delta_{\mathrm{SEI}}\times2$,43.0,4.1663971915935,0.9360222364682517,0.015693976838280575,135.2179805583851,33.662206199501114,81.47057448567355,20.085199873210446,0.1622772101266462,5.452180346990294,5.064495950825899,6.18097467903658e-08,8.604379823140668e-08,0.5171951708155409,0.4186247732462105
second_life,SEI_x2,$\delta_{\mathrm{SEI}}\times2$,44.0,4.158951021775699,0.9343493809517293,0.015765996026321574,137.83688707627823,33.768770591070044,83.81575366991615,20.252362815292017,0.1619968387189286,5.450452147162924,5.060540656431685,6.200541780553064e-08,8.727342322015215e-08,0.5167912492447264,0.41849208004554334
second_life,SEI_x2,$\delta_{\mathrm{SEI}}\times2$,45.0,4.151453232880994,0.9326649287002855,0.01583879764079967,140.51918578997908,33.87517867552372,86.22444915376039,20.419557960694974,0.1617145484804693,5.448724443032114,5.056584600064662,6.22008018132677e-08,8.851857178172745e-08,0.516387249859918,0.4183594249050368
second_life,SEI_x2,$\delta_{\mathrm{SEI}}\times2$,46.0,4.143905726247295,0.9309693068682413,0.01591236542455377,143.26533307414346,33.98140948647919,88.69713818701449,20.58678540064978,0.161430410573583,5.44699723384705,5.052627779566198,6.23958603156005e-08,8.977883955976311e-08,0.5159831724406724,0.4182268077670426
second_life,SEI_x2,$\delta_{\mathrm{SEI}}\times2$,47.0,4.1363085965007595,0.9292625367142964,0.015986716595224805,146.07723699150057,34.08746181029915,91.2357307748909,20.754044406310534,0.1611444285905801,5.445270527460538,5.048670212181741,6.259059108407696e-08,9.105455187484917e-08,0.515579018748125,0.41809422923450834
second_life,SEI_x2,$\delta_{\mathrm{SEI}}\times2$,48.0,4.128654548268115,0.9275429792608662,0.01606186271769289,148.9568747349464,34.19333307374195,93.84220924165943,20.921332419545017,0.16085632984214496,5.443544350354886,5.044711958440056,6.278498939377159e-08,9.234604401260795e-08,0.5151747949635787,0.41796169134077643
second_life,SEI_x2,$\delta_{\mathrm{SEI}}\times2$,49.0,4.120935450863935,0.9258088078692486,0.01613781667149155,151.90635176259215,34.299020352593715,96.51868111736523,21.08865029263321,0.16056581043225493,5.441818694053584,5.04075299817508,6.297904987531209e-08,9.365368564432787e-08,0.51477049902764,0.4178291934350107
second_life,SEI_x2,$\delta_{\mathrm{SEI}}\times2$,50.0,4.113160194974813,0.9240620199199063,0.01621460603775887,154.92786296417714,34.40452693322143,99.26733741072223,21.255998620233477,0.16027320283996616,5.440093551859918,5.036793317316415,6.317277856304774e-08,9.497785790506192e-08,0.5143661295034156,0.4176967350030295
second_life,SEI_x2,$\delta_{\mathrm{SEI}}\times2$,51.0,4.105329224084545,0.9223027150458496,0.01629224853047063,158.0235340428166,34.509851079295,102.09030478545058,21.42337817807103,0.15997852368995535,5.438368916170901,5.032832897509388,6.33661722687703e-08,9.631888223526973e-08,0.5139616845164939,0.4175643154610667
second_life,SEI_x2,$\delta_{\mathrm{SEI}}\times2$,52.0,4.097441284617306,0.9205306116189012,0.016370762564652353,161.1956427213347,34.61499129537425,104.98986306383223,21.59078836212822,0.1596817261759706,5.436644793177828,5.028871753045847,6.355922824658793e-08,9.767712505587102e-08,0.5135571655263835,0.4174319352844971
second_life,SEI_x2,$\delta_{\mathrm{SEI}}\times2$,53.0,4.089495042825235,0.9187454099994448,0.016450167462179623,164.44657719166355,34.719944357958205,107.96840438027351,21.75822845343182,0.1593827604986737,5.4349211901837,5.02490990093764,6.375194057758434e-08,9.905297535562692e-08,0.5131525742703642,0.4172995950340537
second_life,SEI_x2,$\delta_{\mathrm{SEI}}\times2$,54.0,4.081489119074612,0.9169468002391529,0.01653048311099397,167.7788222819621,34.82470558413522,111.02841909492564,21.925697602901252,0.15908157514772595,5.433198115759919,5.020947361275129,6.394430066310796e-08,1.0044683611862117e-07,0.5127479128000986,0.41716729536785874
second_life,SEI_x2,$\delta_{\mathrm{SEI}}\times2$,55.0,4.073422079696964,0.9151344602502581,0.016611730599509118,171.19495691499029,34.929279327159044,114.17248122784419,22.093196359987036,0.15877811657933896,5.4314755640192995,5.016984121057595,6.413631649650032e-08,1.0185911617674208e-07,0.5123431797879304,0.41703503583388724
second_life,SEI_x2,$\delta_{\mathrm{SEI}}\times2$,56.0,4.065292463795368,0.913308061827853,0.016693931216114066,174.6976622024611,35.033663971060555,117.40327442328359,22.26072380811694,0.158472330251727,5.429753544082957,5.013020201972336,6.432798511055719e-08,1.0329024051560222e-07,0.5119383774486048,0.416902817132469
second_life,SEI_x2,$\delta_{\mathrm{SEI}}\times2$,57.0,4.057098741170562,0.9114672611975756,0.016777107160049667,178.28973495987287,35.13785846035024,120.72359676073043,22.428279738792224,0.15816415902725375,5.428032057711013,5.009055608952707,6.451930456721367e-08,1.0474065051621745e-07,0.5115335062859244,0.4167706393987483
second_life,SEI_x2,$\delta_{\mathrm{SEI}}\times2$,58.0,4.048838989313919,0.9096116264488945,0.01686128097548874,181.9740811208003,35.241861646138446,124.13635588321777,22.595863591444072,0.15785353111560416,5.426311110194293,5.005090355262501,6.471027275690577e-08,1.0621079997369077e-07,0.511128567654411,0.416638503038961
second_life,SEI_x2,$\delta_{\mathrm{SEI}}\times2$,59.0,4.040507165226882,0.9077397999625615,0.016946469493476855,185.75357490892196,35.3456690368591,127.64443473414534,22.76347113791751,0.15754022081592378,5.4245907443958785,5.001124540945409,6.490088143232606e-08,1.0770109679604885e-07,0.5107235717707008,0.41650641134418437
second_life,SEI_x2,$\delta_{\mathrm{SEI}}\times2$,60.0,4.032105871251261,0.9058523663803397,0.017032700869470715,189.6313620876901,35.44928251137631,131.25097308831857,22.9311064879952,0.1572243253739349,5.422870917544547,4.997158068758584,6.509113404340044e-08,1.0921202247774106e-07,0.5103185087041847,0.416374361030394
second_life,SEI_x2,$\delta_{\mathrm{SEI}}\times2$,61.0,4.023632675620678,0.9039487793819196,0.0171200015142756,193.61079960992942,35.552703019172775,134.95932651425542,23.0987700765012,0.15690575397052828,5.421151623917792,4.99319092841352,6.528103233354652e-08,1.1074410942306743e-07,0.5099133774041823,0.41624235165820933
second_life,SEI_x2,$\delta_{\mathrm{SEI}}\times2$,62.0,4.01507808043864,0.9020269051711439,0.017208392491396437,197.6953416460964,35.65593050770779,138.77295021377958,23.26646092460905,0.15658415182936536,5.419432873130798,4.989223143070532,6.547057620629035e-08,1.122978895298046e-07,0.5095081802358656,0.41611038396589534
second_life,SEI_x2,$\delta_{\mathrm{SEI}}\times2$,63.0,4.006448050807506,0.9000880838671119,0.017297906526716957,201.88854568673182,35.75896393005769,142.69540347788788,23.43417827878625,0.15625974187828787,5.417714672055908,4.9852547305591886,6.565976373929543e-08,1.1387389500037794e-07,0.5091029190200212,0.41597845848111853
second_life,SEI_x2,$\delta_{\mathrm{SEI}}\times2$,64.0,3.9977418337984423,0.898132146316932,0.017388572319891295,206.19412476482785,35.861802579921964,146.73040093013404,23.60192125477185,0.15593249603886583,5.415997028728202,4.981285711802263,6.58485936356695e-08,1.1547267747282553e-07,0.5086975958933193,0.41584657582082174
second_life,SEI_x2,$\delta_{\mathrm{SEI}}\times2$,65.0,3.988957452088463,0.8961586482954865,0.017480418697005576,210.61595056977774,35.96444631641817,150.88181508387748,23.769689169482085,0.1556023404884978,5.414279948996411,4.977316102962414,6.60370656367275e-08,1.170948066446613e-07,0.5082922125063186,0.4157147364340774
second_life,SEI_x2,$\delta_{\mathrm{SEI}}\times2$,66.0,3.980092826254581,0.8941671226398851,0.017573475346220845,215.15808629500972,36.06688690501311,155.15371790865086,23.93748148134577,0.1552691975909901,5.4125634371186315,4.973345916853924,6.622516462241439e-08,1.1874088385577449e-07,0.5078867701676363,0.4155829406478272
second_life,SEI_x2,$\delta_{\mathrm{SEI}}\times2$,67.0,3.971145878957676,0.8921571026553982,0.0176677735113104,219.82472240323028,36.169136924772715,159.55028869822598,24.105296780231583,0.15493298980040035,5.410847506094026,4.969375186842349,6.64129136901135e-08,1.2041150400965965e-07,0.5074812722846211,0.4154511894601618
second_life,SEI_x2,$\delta_{\mathrm{SEI}}\times2$,68.0,3.962112995234961,0.8901277762049693,0.01776334385683114,224.62025930826093,36.271192785239755,164.07593247419933,24.27313404882183,0.1545935821388598,5.409132164765622,4.965403936998761,6.660030624711216e-08,1.2210729888487122e-07,0.507075721315453,0.4153194835500594
second_life,SEI_x2,$\delta_{\mathrm{SEI}}\times2$,69.0,3.9529888039573313,0.8880779366114512,0.017860217214008715,229.54928986506775,36.37305370299567,168.73524297814336,24.440993183928715,0.1542507740391626,5.407417412479893,4.961432169764717,6.678734085491576e-08,1.2382891979892077e-07,0.506670117509468,0.4151878228673413
second_life,SEI_x2,$\delta_{\mathrm{SEI}}\times2$,70.0,3.9437754804277576,0.8860080725781186,0.017958431489145853,234.61662253009953,36.47472064020818,173.53302578569486,24.6088761041965,0.15390464675789747,5.405703227784681,4.95745983974258,6.697401928023389e-08,1.2557704332914246e-07,0.50626445623058,0.4150562057648859
second_life,SEI_x2,$\delta_{\mathrm{SEI}}\times2$,71.0,3.9344705502149346,0.8839176281995652,0.018058022176076067,239.82728117459817,36.57619262717985,178.47430661916184,24.776781928256483,0.1535551079178335,5.403989617671488,4.953486967786688,6.716033974253108e-08,1.273523711804007e-07,0.5058587396084706,0.41492463277950886
second_life,SEI_x2,$\delta_{\mathrm{SEI}}\times2$,72.0,3.925071508002739,0.8818060406318052,0.018159025820944804,245.1865055329017,36.677468187064704,183.56432800104818,24.944709344788816,0.1532020639952915,5.402276593319581,4.949513584924588,6.734629953005767e-08,1.2915562584765823e-07,0.505452970811727,0.4147931047695672
second_life,SEI_x2,$\delta_{\mathrm{SEI}}\times2$,73.0,3.915569240644568,0.8796712625165404,0.018261481839121244,250.70013733528467,36.778546947482795,188.8089319560888,25.112658431713065,0.15284517470214537,5.400564151580365,4.945539689312601,6.75318979590584e-08,1.3098768043741016e-07,0.5050471496520695,0.4146616214933083
second_life,SEI_x2,$\delta_{\mathrm{SEI}}\times2$,74.0,3.905960595845576,0.8775125856596319,0.018365429823580966,256.37396583519006,36.87942648536433,194.21391256289354,25.280626786932203,0.15248432239732992,5.3988523143703055,4.941565337787492,6.771713058034984e-08,1.3284932513806824e-07,0.5046412819337679,0.41453018463350394
second_life,SEI_x2,$\delta_{\mathrm{SEI}}\times2$,75.0,3.89624995299126,0.8753309939332404,0.018470909808139736,262.2136453757917,36.980104960846305,199.78492685684685,25.448613558098526,0.15211967065061138,5.397141087527153,4.937590550516926,6.790199401561908e-08,1.3474124110243053e-07,0.5042353697163792,0.41439879463838336
second_life,SEI_x2,$\delta_{\mathrm{SEI}}\times2$,76.0,3.8864340648172764,0.8731257578073922,0.018577961624736617,268.22532414754255,37.080579606176535,205.52812689857345,25.61661764279259,0.15175109823464766,5.395430479222007,4.933615353585592,6.8086483182785e-08,1.3666421652954986e-07,0.5038294156637174,0.41426745213533317
second_life,SEI_x2,$\delta_{\mathrm{SEI}}\times2$,77.0,3.8765094442231804,0.8708960938705673,0.018686592192236163,274.4132764320886,37.18083452035328,211.44780713305906,25.78463477867626,0.15137847500936852,5.3937205298682125,4.929639847845999,6.827056888480431e-08,1.38618366457419e-07,0.503423430075017,0.4141361602273372
second_life,SEI_x2,$\delta_{\mathrm{SEI}}\times2$,78.0,3.8664732856934787,0.8686413718360297,0.01879686781708557,280.7856210757688,37.28087169985325,217.5520818578726,25.95266751804299,0.15100169620116952,5.3920112098049024,4.925663972907538,6.845425478756036e-08,1.4060501324417639e-07,0.5030174067830834,0.41400491663699934
second_life,SEI_x2,$\delta_{\mathrm{SEI}}\times2$,79.0,3.856322526868052,0.8663609037143641,0.018908854962775622,287.35074496491507,37.380701497004516,223.8493265535952,26.120716914315345,0.15062064746479867,5.390302504347332,4.9216877038448485,6.863755989975307e-08,1.426254671544845e-07,0.5026113432424953,0.41387372023680785
second_life,SEI_x2,$\delta_{\mathrm{SEI}}\times2$,80.0,3.8460539754202747,0.8640539723178975,0.019022600743452217,294.1160887004627,37.48032146733071,230.34698546965276,26.28878176347924,0.15023520963073664,5.388594421576096,4.917711069146483,6.882047973289272e-08,1.446806497116185e-07,0.5022052423625536,0.4137425716472002
second_life,SEI_x2,$\delta_{\mathrm{SEI}}\times2$,81.0,3.8356640935493918,0.8617197828447846,0.019138156690399057,301.0896349227503,37.57973051475956,237.0530440439588,26.456860364031918,0.14984525063824877,5.3868869743058925,4.913734109072228,6.900301227439739e-08,1.467715741408033e-07,0.5017991082546578,0.4136114718521038
second_life,SEI_x2,$\delta_{\mathrm{SEI}}\times2$,82.0,3.825149179455179,0.8593575036490816,0.01925557651652099,308.2797809327031,37.67892594316676,243.97590356654297,26.62495142299339,0.1494506323001085,5.38518017082237,4.909756854215687,6.918515257370734e-08,1.488992983932422e-07,0.50139294404308,0.4134804214877005
second_life,SEI_x2,$\delta_{\mathrm{SEI}}\times2$,83.0,3.8145029565483544,0.856965724633079,0.019374912673644645,315.6952250944548,37.77790308429759,251.12426826239567,26.79305374776159,0.14905112031049728,5.38347401796609,4.905779332795386,6.936689205908373e-08,1.510648855461889e-07,0.5009867526095456,0.41334942107921663
second_life,SEI_x2,$\delta_{\mathrm{SEI}}\times2$,84.0,3.803717385565523,0.8545426396969363,0.019496178875775455,323.3422797653911,37.87665106549463,258.5044632805084,26.961165419388088,0.14864641458232788,5.3817685292697925,4.901801590216162,6.954821076641014e-08,1.532686057707794e-07,0.5005805385908758,0.4132184716657117
second_life,SEI_x2,$\delta_{\mathrm{SEI}}\times2$,85.0,3.792792496853658,0.8520882556584009,0.019619439246959445,331.2306244308924,37.97516919178129,266.12617125023684,27.129283988874324,0.14823651627826298,5.38006372351813,4.897823684424533,6.972910741958701e-08,1.5551166698411615e-07,0.5001743079046701,0.41308757468949325
second_life,SEI_x2,$\delta_{\mathrm{SEI}}\times2$,86.0,3.7817256896641407,0.849601988233635,0.019744806784782725,339.3738672507747,38.07347255106134,274.0029842031051,27.297410496608272,0.14782132828964892,5.378359583791979,4.893845590803553,6.990960972266639e-08,1.5779630529104207e-07,0.4997680580370032,0.4129567288514913
second_life,SEI_x2,$\delta_{\mathrm{SEI}}\times2$,87.0,3.7705122900985764,0.8470827873852498,0.019872349575076668,347.7830005497707,38.171556204861815,282.14589908702936,27.465545257879484,0.14740067612621152,5.376656099675207,4.8898673018930605,7.008970860774098e-08,1.6012386154037167e-07,0.4993617882260301,0.41282593335194295
second_life,SEI_x2,$\delta_{\mathrm{SEI}}\times2$,88.0,3.75914693852844,0.8445294490198171,0.020002143991919043,356.47001669608557,38.269424362531986,290.5669083702364,27.63368396331717,0.14697435976025647,5.374953307012673,4.8858889196584165,7.026941180391838e-08,1.6249584481401536e-07,0.4989555088846318,0.41269519094305834
second_life,SEI_x2,$\delta_{\mathrm{SEI}}\times2$,89.0,3.7476294342238803,0.8419419280413951,0.020134206072905555,365.44260432458606,38.36705401838008,299.2737271664068,27.8018231397992,0.14654237171457415,5.3732512330214295,4.881910526278246,7.04486770686915e-08,1.6491246376894612e-07,0.49854922840503285,0.41256450371459463
second_life,SEI_x2,$\delta_{\mathrm{SEI}}\times2$,90.0,3.735949728857451,0.8393179669940821,0.02026866732809353,374.71786680147284,38.46445346934127,308.2834536438598,27.969959688271757,0.14610433693432903,5.371549899494322,4.877932195080226,7.062751963669647e-08,1.673764266034765e-07,0.49814295427558364,0.41243387333983184
second_life,SEI_x2,$\delta_{\mathrm{SEI}}\times2$,91.0,3.7241001520148265,0.8366558426436206,0.02040563254104626,384.311403810205,38.56162276965002,317.6116897821953,28.138091258359673,0.1456599691235783,5.369849320045868,4.873953981677315,7.080593960751734e-08,1.6988984613731422e-07,0.4977366921755766,0.41230330086410866
second_life,SEI_x2,$\delta_{\mathrm{SEI}}\times2$,92.0,3.712069459962125,0.8339530289742585,0.020545204124284736,394.23940343272415,38.65855791240526,327.27463206346823,28.30621345685069,0.14520884865028788,5.368149528177659,4.869975990018673,7.098392962377711e-08,1.7245482728865554e-07,0.4973304527204817,0.4121727888597162
second_life,SEI_x2,$\delta_{\mathrm{SEI}}\times2$,93.0,3.699840239216056,0.8312056138751662,0.0206874837130232,404.5188849840906,38.75525146812496,337.2893118229571,28.474321693008566,0.1447503256281117,5.36645055836904,4.865998328727142,7.116147604363665e-08,1.7507352394739427e-07,0.496924247003053,0.41204233997401896
second_life,SEI_x2,$\delta_{\mathrm{SEI}}\times2$,94.0,3.6874165939562964,0.8284145193908018,0.020832594530756837,415.16818388023034,38.85170167990352,347.67406575320666,28.642416447120183,0.14428455321593364,5.364752392785492,4.862020986438502,7.133857564110744e-08,1.7774824933274275e-07,0.4965180738627567,0.41191195283766174
second_life,SEI_x2,$\delta_{\mathrm{SEI}}\times2$,95.0,3.67478999499526,0.8255778293550213,0.020980665806582265,426.20749658399797,38.94790312617758,358.4490999585529,28.81049349926747,0.14381121310868364,5.363055059999694,4.858044063001549,7.151521846124306e-08,1.8048159939388235e-07,0.49611194349632615,0.4117816296444881
second_life,SEI_x2,$\delta_{\mathrm{SEI}}\times2$,96.0,3.6619501442838995,0.8226932302095017,0.02113183081615091,437.658254381137,39.043846696600525,369.6358598390024,28.978547845534095,0.1433299209993647,5.3613585957862515,4.8540676768155055,7.169138777584056e-08,1.8327626782446478e-07,0.4957058679948966,0.41165137314131417
second_life,SEI_x2,$\delta_{\mathrm{SEI}}\times2$,97.0,3.648885707606968,0.8197581756109596,0.02128624720711983,449.54488102252594,39.13952083552145,381.25878596593014,29.146574221074328,0.14284025391881175,5.359663036407385,4.850091952453523,7.186706236668708e-08,1.8613545882093495e-07,0.49529986008009597,0.4115211861123955
second_life,SEI_x2,$\delta_{\mathrm{SEI}}\times2$,98.0,3.6355844339230385,0.8167699132420647,0.02144408600163601,461.89394490757815,39.2349223486258,393.3444555937418,29.314566965210506,0.1423417546928196,5.357968420378567,4.846117023854658,7.204223636845778e-08,1.8906263232731483e-07,0.4948939334300146,0.41139107151499504
second_life,SEI_x2,$\delta_{\mathrm{SEI}}\times2$,99.0,3.622032532287476,0.8137253448310378,0.021605532784673757,474.73449548661216,39.330043891902555,405.92193113464276,29.48252046006683,0.14183390868460913,5.356274784073508,4.842143023945218,7.221689629625338e-08,1.920615554808031e-07,0.4944881016193191,0.41126103214192883
second_life,SEI_x2,$\delta_{\mathrm{SEI}}\times2$,100.0,3.6082088440132005,0.810619716870066,0.021770780535649265,488.0978380457133,39.424874840140546,419.0225355811976,29.650427624375155,0.14131592632795764,5.354582176923184,4.838170120277293,7.239102264031242e-08,1.9513621376170093e-07,0.4940823817587215,0.41113107178856473
second_life,SEI_x2,$\delta_{\mathrm{SEI}}\times2$,101.0,3.594093557100162,0.8074485783978648,0.021940039498985157,502.01803863614197,39.51940766843568,432.6803449594996,29.818286008206663,0.14078706827285245,5.352890599653607,4.8341983708194105,7.2564601583584e-08,1.982908924808758e-07,0.49367677976806906,0.411001190510647
second_life,SEI_x2,$\delta_{\mathrm{SEI}}\times2$,102.0,3.5796803745750094,0.8042105147372423,0.022113549109338066,516.5327868118723,39.613632042998944,446.93306900710996,29.98608576176329,0.14024709962551127,5.351200125254129,4.830228008630708,7.273761415140917e-08,2.0153033587316185e-07,0.4932713194477679,0.4108713939123832
second_life,SEI_x2,$\delta_{\mathrm{SEI}}\times2$,103.0,3.5649497870670928,0.8009011429155946,0.02229157149556201,531.6841937255107,39.70753879386383,461.82283639749625,30.153818534150563,0.13969529240715714,5.349510808956786,4.826259231304298,7.291004350611232e-08,2.0485986678685572e-07,0.49286602097637183,0.41074168623455365
second_life,SEI_x2,$\delta_{\mathrm{SEI}}\times2$,104.0,3.54987963212439,0.7975154839194112,0.022474404280299752,547.5197765774611,39.801122090317975,477.39717934420634,30.321475142936862,0.13913081965099403,5.347822711386721,4.822292256108553,7.308187894147733e-08,2.0828553406050663e-07,0.4924609065417064,0.41061207213202744
second_life,SEI_x2,$\delta_{\mathrm{SEI}}\times2$,105.0,3.5344462089056803,0.7940482131208697,0.022662366779258036,564.0914422940942,39.89437726142171,493.7080193747261,30.489045657946303,0.13855279699982087,5.346135897440065,4.818327318004455,7.325311188083529e-08,2.1181381120453307e-07,0.49205600013839734,0.4104825565876054
second_life,SEI_x2,$\delta_{\mathrm{SEI}}\times2$,106.0,3.518620674575589,0.7904928506924278,0.022855804487507642,581.4564694868899,39.987290142805186,510.81266130129444,30.65651804279022,0.13796014824972935,5.344450450218534,4.814364701788742,7.342371631590529e-08,2.1545174233799826e-07,0.491651330850385,0.41035314598193434
second_life,SEI_x2,$\delta_{\mathrm{SEI}}\times2$,107.0,3.5023715896627987,0.7868423334466595,0.023055091899817626,599.6778116299457,40.079852272633154,528.7740720284464,30.823887328866086,0.13735170025880356,5.3427664069773115,4.810404525025064,7.359367670926563e-08,2.1920691986111004e-07,0.4912469106834746,0.41022384317551075
second_life,SEI_x2,$\delta_{\mathrm{SEI}}\times2$,108.0,3.485669134193573,0.7830899620322489,0.023260606571367363,618.821829251571,40.17204915449005,547.6586346122899,30.99114548479104,0.13672634035015158,5.34108381919091,4.806446977746471,7.37629664429409e-08,2.23086943608626e-07,0.490842759044173,0.4100946521206077
second_life,SEI_x2,$\delta_{\mathrm{SEI}}\times2$,109.0,3.46849095214212,0.7792307139474282,0.023472777108042353,638.963185589708,40.26386883803091,567.5410386176734,31.15827813400366,0.13608323441618764,5.339402770012073,4.802492400121257,7.39315635739904e-08,2.2710035816124354e-07,0.4904389106710605,0.4099655792017901
second_life,SEI_x2,$\delta_{\mathrm{SEI}}\times2$,110.0,3.4508010666337787,0.7752565066323421,0.023692090660410087,660.1871746999775,40.35529985733029,588.506603971863,31.325270870784284,0.13542104004676486,5.337723313603881,4.798541133007637,7.409944704895299e-08,2.3125698229512026e-07,0.4900354003731733,0.4098366285777623
second_life,SEI_x2,$\delta_{\mathrm{SEI}}\times2$,111.0,3.4325565669609066,0.7711576997731443,0.02391907131625956,682.5879756218618,40.44632197747949,610.6495484574139,31.492105186968523,0.13473815615927626,5.336045546400081,4.794593614333049,7.426657971296798e-08,2.3556740835708443e-07,0.48963227287242606,0.40970780765282017
second_life,SEI_x2,$\delta_{\mathrm{SEI}}\times2$,112.0,3.4137182948128446,0.7669254960689933,0.02415429364421698,706.2701261133024,40.53691988264397,634.0744424865005,31.65876374415796,0.13403312168529785,5.3343695493639265,4.790650254346735,7.443293344346224e-08,2.4004314495552606e-07,0.4892295700641877,0.4095791226434167
second_life,SEI_x2,$\delta_{\mathrm{SEI}}\times2$,113.0,3.3942346043260794,0.7625482927670915,0.024398382860529467,731.3502125336463,40.627073835705964,658.897915005671,31.825223692269354,0.13330400965035086,5.332695447160414,4.786711593711623,7.459847199960699e-08,2.446967777641665e-07,0.4888273471619009,0.4094505831214761
second_life,SEI_x2,$\delta_{\mathrm{SEI}}\times2$,114.0,3.37405482292593,0.7580147057735808,0.0246520205692201,757.9577637666808,40.71676217487067,685.2495404284664,31.991461163343793,0.1325489294238952,5.3310233746167786,4.782778197174919,7.4763155606527e-08,2.4954194760557066e-07,0.4884256618385363,0.4093221994391907
second_life,SEI_x2,$\delta_{\mathrm{SEI}}\times2$,115.0,3.353127062336187,0.7533130778752595,0.02491596169723465,786.238404392443,40.80596127944232,713.2749957386878,32.15744737431299,0.13176594505847905,5.329353496460742,4.778850745781757,7.492694089245942e-08,2.545937182086043e-07,0.48802458364361256,0.40919398424454745
second_life,SEI_x2,$\delta_{\mathrm{SEI}}\times2$,116.0,3.3313945494177637,0.7484306544262849,0.0251910426013022,816.356139246363,40.89465163780123,743.1383301788361,32.32315742972577,0.13095293825998802,5.327685913952356,4.774929828591156,7.508979203062968e-08,2.5986872459896335e-07,0.48762417273286524,0.4090659453124113
second_life,SEI_x2,$\delta_{\mathrm{SEI}}\times2$,117.0,3.308788292122762,0.743351935682393,0.0254781878663394,848.4961528488167,40.982818652323466,775.024775570537,32.488558625956195,0.1301073348664044,5.326020776498363,4.771016219413787,7.525168221722602e-08,2.6538536949513333e-07,0.4872245081291914,0.40893809411440635
second_life,SEI_x2,$\delta_{\mathrm{SEI}}\times2$,118.0,3.2852258550993776,0.7380584017284603,0.025778394971156474,882.865103001418,41.07042480663545,809.1410733628911,32.65360483189153,0.12922605926377925,5.3243583592497785,4.767111009772265,7.541254256557068e-08,2.7116354782789144e-07,0.48682570130078656,0.4088104517769489
second_life,SEI_x2,$\delta_{\mathrm{SEI}}\times2$,119.0,3.26063418655351,0.7325336407581828,0.026092745334758832,919.6930040953328,41.157438616402324,845.7173166621424,32.818248816788014,0.1283063859815177,5.3226989343367395,4.763215317207914,7.557231526487271e-08,2.772246190903003e-07,0.4864278663729226,0.40868303919450866
second_life,SEI_x2,$\delta_{\mathrm{SEI}}\times2$,120.0,3.2349340908290576,0.726759860686041,0.026422427275077924,959.2392570485454,41.2438212117867,885.0130060478015,32.98242978895727,0.12734536040880975,5.3210428572349615,4.7593305801317936,7.57309289432561e-08,2.8359202281771294e-07,0.48603115023864873,0.40855588366092604
second_life,SEI_x2,$\delta_{\mathrm{SEI}}\times2$,121.0,3.208027293955408,0.7207149832949257,0.026768707365002628,1001.7921876564784,41.329514859167936,927.3166001889813,33.14607260832922,0.12633931619473351,5.319390588139073,4.755458576456485,7.588827759161222e-08,2.9029075237571816e-07,0.48563573446150254,0.408429020510482
second_life,SEI_x2,$\delta_{\mathrm{SEI}}\times2$,122.0,3.1798188515766665,0.714377678398525,0.027132932461187947,1047.6704909701534,41.41448268904233,972.9469090092042,33.309099271906994,0.12528471123352822,5.317742585650653,4.751601151835173,7.604429351103051e-08,2.9734713283401646e-07,0.4852418075228103,0.4083024849551414
second_life,SEI_x2,$\delta_{\mathrm{SEI}}\times2$,123.0,3.150210429846133,0.707725854327976,0.027516481598096904,1097.2208563730483,41.49865319090824,1022.2508068705126,33.471396311627416,0.1241778773411044,5.316099622595183,4.74776099107101,7.619884539561932e-08,3.047880355971522e-07,0.4848496435993588,0.4081763363333468
second_life,SEI_x2,$\delta_{\mathrm{SEI}}\times2$,124.0,3.119107059844935,0.7007381753786519,0.027920724950511584,1150.8139688342196,41.58193580688615,1075.5991997427986,33.63283328453494,0.12301527204353206,5.314462598477922,4.743941180615362,7.63517669651423e-08,3.1263991146450214e-07,0.4844595578849513,0.4080506437101626
second_life,SEI_x2,$\delta_{\mathrm{SEI}}\times2$,125.0,3.0864268737712592,0.6933962491411342,0.02834692483609132,1208.83245228224,41.66423039224778,1133.3749985098493,33.79322338014279,0.12179384240457876,5.312832984604217,4.740146140649293,7.650287433621817e-08,3.2092680900482456e-07,0.4840720017761973,0.4079255200541311
second_life,SEI_x2,$\delta_{\mathrm{SEI}}\times2$,126.0,3.05209932834551,0.6856842273716528,0.02879605286044381,1271.6440021013009,41.745404246454115,1195.946253256817,33.95234459802955,0.1205109584885982,5.3112126515719105,4.736381123993863,7.665192384725605e-08,3.29666650149383e-07,0.4836875117003564,0.40780110899193883
second_life,SEI_x2,$\delta_{\mathrm{SEI}}\times2$,127.0,3.0161094465476195,0.6775987453348801,0.029268542840971464,1339.5601199657067,41.82527983544936,1263.6249351887855,34.109904941471726,0.11916606460817229,5.309604294221975,4.732653039674414,7.679858951442198e-08,3.3886621943850156e-07,0.4833067932191623,0.4076776174366224
second_life,SEI_x2,$\delta_{\mathrm{SEI}}\times2$,128.0,2.9785018596772144,0.6691498298926278,0.029764059121213222,1412.7920974940175,41.90360339717053,1336.622979500135,34.265514596711995,0.11776083070881775,5.30801202025756,4.728971111195571,7.694240538581835e-08,3.48516741990565e-07,0.4829307882530145,0.4075553607824258
second_life,SEI_x2,$\delta_{\mathrm{SEI}}\times2$,129.0,2.9394042523685098,0.6603661666577613,0.030281004509507596,1491.3564088059964,41.980051235172546,1414.9576641413423,34.41869342948133,0.11630002711141764,5.306441619437258,4.725346699163691,7.708277709768925e-08,3.585839994284409e-07,0.4825606569668738,0.4074347835737744
second_life,SEI_x2,$\delta_{\mathrm{SEI}}\times2$,130.0,2.899072243661796,0.6513051829697235,0.03081631759367511,1575.0131736783446,42.05417626556738,1498.3900790106866,34.56891840209072,0.11479319813447718,5.304900492052921,4.7217921793363065,7.721888372517467e-08,3.690044710012847e-07,0.4821976631947114,0.40731645401371724
second_life,SEI_x2,$\delta_{\mathrm{SEI}}\times2$,131.0,2.857837789827111,0.6420414560797946,0.031365741350631283,1663.2752758437193,42.125489957507035,1586.4340652026522,34.71572068356027,0.1132527327231301,5.3033960775615885,4.718318644869134,7.734982823948704e-08,3.79690907570595e-07,0.48184293978896164,0.40720094331245255
second_life,SEI_x2,$\delta_{\mathrm{SEI}}\times2$,132.0,2.816077337917312,0.6326595585325795,0.03192440878466584,1755.4733808501928,42.19363150239148,1678.4208622186716,34.85888712912971,0.1116926681701033,5.301933485594566,4.714931139046677,7.74749481324094e-08,3.9054368373051104e-07,0.48149700177864524,0.4070886437934382
second_life,SEI_x2,$\delta_{\mathrm{SEI}}\times2$,133.0,2.774170163440106,0.6232446983129717,0.03248754580306823,1850.851625079859,42.25858712657122,1773.5942209323784,34.9988170209094,0.11012711891930975,5.300511335074973,4.711620214330666,7.759421811309234e-08,4.0146373094959665e-07,0.4811588843646554,0.4069794494159787
second_life,SEI_x2,$\delta_{\mathrm{SEI}}\times2$,134.0,2.732375823771572,0.6138551875464063,0.033051780738399546,1948.807519450124,42.32074748061856,1871.3503827947925,35.13638917471286,0.10856567582590337,5.299120140840636,4.708365076786645,7.770835548487643e-08,4.123791878808448e-07,0.4808264640340925,0.406872631898247
second_life,SEI_x2,$\delta_{\mathrm{SEI}}\times2$,135.0,2.6908589274220986,0.604528007158837,0.03361511832364045,2048.9339966092393,42.38072328544342,1971.2809021888086,35.27237113498701,0.10701428272617455,5.29775134139857,4.705147565306594,7.781848163905074e-08,4.232465639693064e-07,0.48049788614289,0.40676753387881504
second_life,Cp_x0p90,$C_p\times0.9$,0.0,4.356705938035811,1.0,0.0121760292311999,48.51272570718261,14.457394060807909,21.12576703109742,12.92956461527729,0.1730196110765483,4.974240001718775,5.233807663519556,2.6546325004696767e-08,4.381526340964325e-08,0.5344855785911435,0.3819279554722071
second_life,Cp_x0p90,$C_p\times0.9$,1.0,4.354408301568774,0.9994726207139716,0.0122260658136062,49.58893933700273,14.571997188671016,21.927839118620227,13.089103029711485,0.1727855178054348,4.972354482133749,5.230032775446784,2.675675655729976e-08,4.463927186006594e-08,0.5341000804289249,0.3817831830768537
second_life,Cp_x0p90,$C_p\times0.9$,2.0,4.3520648547443725,0.9989347265210352,0.0122764878459305,50.68773736023505,14.686442905775088,22.752528059235857,13.2487663952241,0.1725503760123755,4.970468167529407,5.226254930867659,2.6966899075990324e-08,4.5470948468239457e-08,0.5337142803431145,0.3816383496389889
second_life,Cp_x0p90,$C_p\times0.9$,3.0,4.349672803072773,0.9983856759985484,0.0123273059756358,51.809726614457865,14.800732177676691,23.60044008128444,13.408554355496738,0.1723142425926815,4.968581064268388,5.222474138213143,2.7176754333700617e-08,4.63104748960949e-08,0.5333281791946969,0.3814934556471436
second_life,Cp_x0p90,$C_p\times0.9$,4.0,4.347228876800655,0.9978247186360646,0.0123785275876143,52.955499935429216,14.914865275988898,24.472168202348016,13.568466457092304,0.1720770976995817,4.966693179790801,5.2186904082121535,2.7386322829160133e-08,4.7158003280671225e-08,0.5329417780793276,0.3813485016725779
second_life,Cp_x0p90,$C_p\times0.9$,5.0,4.344729625728753,0.9972510625051604,0.0124301592194112,54.12564363825713,15.02884153721267,25.3682999084257,13.72850219261876,0.1718389249197877,4.964804522150805,5.214903752870248,2.7595603344067626e-08,4.801366583172815e-08,0.5325550782230356,0.3812034883336997
second_life,Cp_x0p90,$C_p\times0.9$,6.0,4.342171401532179,0.996663870201397,0.0124822075514576,55.32076147290353,15.142660254829812,26.2894403885504,13.888660829523316,0.1715997075595123,4.962915102016328,5.21111418952059,2.7804594581131123e-08,4.88775979404826e-08,0.5321680813959133,0.381058416449605
second_life,Cp_x0p90,$C_p\times0.9$,7.0,4.339550352255048,0.9960622575806672,0.0125346794507591,56.54147604810226,15.25632088529952,27.236213585536383,14.048941577266357,0.1713594284363233,4.961024930677489,5.20732173686838,2.8013295542313803e-08,4.974993864241636e-08,0.5317807895081689,0.3809132868871622
second_life,Cp_x0p90,$C_p\times0.9$,8.0,4.336862418016442,0.9954452927735776,0.0125875820368654,57.7884303116882,15.369823718704977,28.209262744481965,14.209343848501256,0.1711180696926613,4.959134017141694,5.20352640881101,2.8221706760259592e-08,5.06308305695472e-08,0.5313932039790281,0.3807681003379704
second_life,Cp_x0p90,$C_p\times0.9$,9.0,4.334103335920436,0.9948119973124546,0.0126409225545359,59.06228589457584,15.48316886223954,29.209249990852857,14.369867041483449,0.1708756131576049,4.957242370544773,5.199728219586548,2.8429828431794383e-08,5.1520419039038384e-08,0.5310053262625072,0.3806228575034895
second_life,Cp_x0p90,$C_p\times0.9$,10.0,4.331268633494763,0.994161344625312,0.0126947083219506,60.3637237599205,15.5963560264205,30.236857342022407,14.530510391477588,0.1706320385684069,4.955350001891592,5.195927187289631,2.863766002537688e-08,5.2418852465276826e-08,0.5306171582064624,0.3804775592286858
second_life,Cp_x0p90,$C_p\times0.9$,11.0,4.32835314012448,0.9934921478946286,0.0127489450580115,61.69344884483656,15.7093816219912,31.292794889576403,14.691272333268962,0.1703872547373186,4.953456931594782,5.192123348955295,2.8845194950498882e-08,5.3326288829153024e-08,0.5302287035929759,0.380332207080865
second_life,Cp_x0p90,$C_p\times0.9$,12.0,4.325351666441785,0.9928032159985162,0.0128036395033798,63.05218010138255,15.8222464158996,32.37778202233273,14.852151663150218,0.1701412079482945,4.951563175773637,5.188316733064832,2.905243461541213e-08,5.4242878897111255e-08,0.5298399653306073,0.3801868022976854
second_life,Cp_x0p90,$C_p\times0.9$,13.0,4.322259872052541,0.9920935526810424,0.0128588021598359,64.44066649005737,15.934950641366893,33.49256764879061,15.013148199899868,0.1698939785678415,4.949668738493791,5.184507343906182,2.925937944835185e-08,5.5168783221642313e-08,0.5294509438572482,0.380041345191311
second_life,Cp_x0p90,$C_p\times0.9$,14.0,4.319072637373468,0.9913619828380454,0.0129144421618516,65.85970280800228,16.04749437673371,34.6379473956748,15.174261035593778,0.1696455510862939,4.947773632373595,5.180695202962018,2.9466029593165225e-08,5.610418500602493e-08,0.529061641366747,0.3798958367305936
second_life,Cp_x0p90,$C_p\times0.9$,15.0,4.315784718376669,0.9906073028014394,0.0129705671507414,67.31006654498562,16.159876057003487,35.81470186360315,15.335488624378984,0.1693959070466222,4.945877877477668,5.1768803468092495,2.9672382176242604e-08,5.7049238787557463e-08,0.5286720615944015,0.3797502784561179
second_life,Cp_x0p90,$C_p\times0.9$,16.0,4.312390786265708,0.9898282894461128,0.0130271852311322,68.79256738577956,16.272094310539043,37.02364386040035,15.49682921484018,0.169145026553437,4.943981496255729,5.173062816888659,2.9878434679016263e-08,5.80041094939492e-08,0.5282822087722167,0.3796046720915997
second_life,Cp_x0p90,$C_p\times0.9$,17.0,4.308885461919546,0.9890237080958868,0.0130843050354746,70.30805031807304,16.384148056344795,38.26562122120261,15.658281040525637,0.1688928880081374,4.942084511304693,5.169242654996811,3.008418511658764e-08,5.8968973511269145e-08,0.5278920871685306,0.3794590193720566
second_life,Cp_x0p90,$C_p\times0.9$,18.0,4.3052633751213465,0.9881923261183754,0.0131419353617003,71.8573859782606,16.49603623985741,39.54150751314951,15.819842225253671,0.1686394694474506,4.940186946464586,5.165419905526624,3.028963155259252e-08,5.994401043395984e-08,0.5275017013168258,0.3793133221279535
second_life,Cp_x0p90,$C_p\times0.9$,19.0,4.301519218986072,0.987332925417817,0.0132000852153885,73.44147364690669,16.607757387114145,40.85220573532144,15.9815105244711,0.1683847484043158,4.938288829857739,5.161594621587168,3.0494771280575355e-08,6.092940527270017e-08,0.5271110566406934,0.3791675825185558
second_life,Cp_x0p90,$C_p\times0.9$,20.0,4.29764780842441,0.9864443158543708,0.0132587638361418,75.06124336104082,16.719309446701043,42.19865058367926,16.14328333066053,0.1681287017637155,4.936390193818234,5.157766864875724,3.0699600533778374e-08,6.192534938309589e-08,0.5267201594407672,0.379021803026512
second_life,Cp_x0p90,$C_p\times0.9$,21.0,4.29364415126046,0.9855253515678448,0.0133179806224943,76.7176523503791,16.830690968043776,43.58180357831833,16.305157804017,0.1678713062788021,4.934491073344481,5.153936702585803,3.090411664869132e-08,6.293203613285952e-08,0.5263290165789659,0.3788759863390412
second_life,Cp_x0p90,$C_p\times0.9$,22.0,4.289503527587851,0.9845749491924034,0.0133777449943133,78.4116853631079,16.941899650044288,45.00265633159842,16.467129381465195,0.1676125386090695,4.932591523570953,5.150104242685749,3.1108315400092334e-08,6.394966274523002e-08,0.5259376390812054,0.3787301366894323
second_life,Cp_x0p90,$C_p\times0.9$,23.0,4.285221413391444,0.9835920703253626,0.0134380664836336,80.14436248000311,17.0529332532933,46.46223561202133,16.629193614688496,0.1673523651362031,4.930691598199656,5.146269590428564,3.1312192676031115e-08,6.497843321216899e-08,0.5255460376961062,0.378584258200988
second_life,Cp_x0p90,$C_p\times0.9$,24.0,4.28079512339168,0.9825760986112472,0.0134989593357059,81.91679040345349,17.163793785738026,47.9616456112616,16.791351006453862,0.1670908544947081,4.928791292951677,5.142432733918125,3.151575216345279e-08,6.601858652141552e-08,0.5251542112088152,0.3784383505451687
second_life,Cp_x0p90,$C_p\times0.9$,25.0,4.276220013102692,0.9815259679955805,0.0135604319483366,83.7300617022988,17.27448019476415,49.50198312056696,16.953598386967677,0.1668278956862961,4.92689064632633,5.138593748155904,3.1718991929571896e-08,6.707033610677208e-08,0.5247621672786139,0.3782924166779964
second_life,Cp_x0p90,$C_p\times0.9$,26.0,4.271492923130939,0.98044095329893,0.0136224967030058,85.5853691222112,17.384992358539012,51.08444424358135,17.115932520090833,0.1665634511890329,4.9249896976127685,5.134752709713195,3.192191175068216e-08,6.813394260337829e-08,0.5243699137250966,0.3781464596161383
second_life,Cp_x0p90,$C_p\times0.9$,27.0,4.266611586434053,0.9793205341643104,0.0136851621227909,87.48379633785879,17.495327657961308,52.71011863369974,17.27835004619774,0.166297502511097,4.923088487522604,5.130909698083146,3.212450681765173e-08,6.9209574733358e-08,0.5239774586662421,0.3780004824854794
second_life,Cp_x0p90,$C_p\times0.9$,28.0,4.261574822167852,0.978164439551124,0.0137484401886317,89.42654805055001,17.605485403620055,54.38021549158452,17.440847155345434,0.1660300549544847,4.921187061926425,5.127064803414002,3.2326775864600463e-08,7.029746204756387e-08,0.5235848113081469,0.3778544888080171
second_life,Cp_x0p90,$C_p\times0.9$,29.0,4.256378214226012,0.9769716558251276,0.0138123384771482,91.41489160780807,17.7154624517578,56.09600760973331,17.603421546316966,0.1657608865920289,4.919285448960981,5.123218080155574,3.2528713119035285e-08,7.13978543427952e-08,0.5231919772113207,0.3777084807441238
second_life,Cp_x0p90,$C_p\times0.9$,30.0,4.25102273544236,0.9757424062820506,0.0138768694077565,93.45007882293564,17.82525181912247,57.85875966050317,17.766067343310013,0.1654900575511946,4.917383718473567,5.1193696673370495,3.2730305758473896e-08,7.25109747800222e-08,0.5227989705736669,0.3775624636567564
second_life,Cp_x0p90,$C_p\times0.9$,31.0,4.245509642106935,0.9744769792796694,0.0139420466779731,95.53343856608704,17.934858052723797,59.66979779179343,17.928782721569796,0.1652175935949551,4.9154818928336805,5.115519608134518,3.293156213202805e-08,7.36370644357891e-08,0.5224057958044032,0.3774164392634711
second_life,Cp_x0p90,$C_p\times0.9$,32.0,4.239833848713375,0.9731742075355384,0.0140078772631929,97.6664095965698,18.04428055294025,61.53056501497744,18.09156402865212,0.1649431510597066,4.913580015804655,5.1116679889696,3.313248113868686e-08,7.477641420996017e-08,0.5220124617290562,0.3772704109244677
second_life,Cp_x0p90,$C_p\times0.9$,33.0,4.234002244014128,0.9718356722333658,0.0140743813942988,99.85044917339604,18.1535189579763,63.44252280366286,18.25440741175688,0.164666986611174,4.911678133333921,5.107814901004597,3.3333062114129925e-08,7.59293017434509e-08,0.5216189776572796,0.3771243821676436
second_life,Cp_x0p90,$C_p\times0.9$,34.0,4.228017671997377,0.9704620261572092,0.0141415732949357,102.08705273244836,18.26257242068158,65.40717128984994,18.41730902191685,0.1643890976849873,4.909776291187754,5.103960435311119,3.353330350283979e-08,7.709600381835952e-08,0.5212253528894653,0.3769783565069868
second_life,Cp_x0p90,$C_p\times0.9$,35.0,4.221882950065625,0.9690539159888836,0.0142094661127752,104.3777435706149,18.371438179286287,67.42604001561863,18.58026537570999,0.1641094512821057,4.907874530761647,5.100104674311501,3.3733200233720067e-08,7.82767905693331e-08,0.5208315958427258,0.3768323371208916
second_life,Cp_x0p90,$C_p\times0.9$,36.0,4.215601337833813,0.9676120899117616,0.0142780739256247,106.72410699321787,18.48012022434109,69.50071438210355,18.74327238677324,0.1638280130546602,4.905972900472949,5.09624771469445,3.39327596341255e-08,7.94719406192603e-08,0.5204377163910808,0.3766863277268987
second_life,Cp_x0p90,$C_p\times0.9$,37.0,4.209176423484379,0.966137371525712,0.0143474112176969,109.12780035417715,18.58861662791164,71.63285791992944,18.906325806336085,0.1635447463147597,4.904071450577869,5.092389656991449,3.413197816402864e-08,8.068175250864313e-08,0.5200437248009809,0.3765403321837384
second_life,Cp_x0p90,$C_p\times0.9$,38.0,4.202611979787885,0.9646306267993386,0.0144174936325487,111.5905780898876,18.696923502714007,73.82423286409332,19.069421723080254,0.1632596100242576,4.902170227182279,5.088530593749414,3.433084868569069e-08,8.190655412683138e-08,0.519649630523479,0.3763943540314733
second_life,Cp_x0p90,$C_p\times0.9$,39.0,4.195911964974457,0.9630927642700058,0.0144883369887639,114.11423941447131,18.80504019605092,76.0766421424737,19.23255707594669,0.1629725633799333,4.90026926630477,5.084670597397017,3.452937000064435e-08,8.314666829028266e-08,0.5192554409551174,0.3762483960356531
second_life,Cp_x0p90,$C_p\times0.9$,40.0,4.189080388217299,0.9615247041681028,0.0145599577045602,116.70065868530511,18.91296578824688,78.39196453422208,19.395728362836163,0.1626835639388107,4.898368609087823,5.080809750798519,3.4727540420203235e-08,8.440243145827438e-08,0.5188611645581391,0.3761024613552454
second_life,Cp_x0p90,$C_p\times0.9$,41.0,4.182121226520748,0.9599273593402604,0.0146323726114621,119.35177820926896,19.020699226312377,80.77214656673273,19.55893241622385,0.162392568103689,4.8964682927044,5.0769481289017095,3.4925358010892895e-08,8.567418783989159e-08,0.5184668089863433,0.3759565528444337
second_life,Cp_x0p90,$C_p\times0.9$,42.0,4.1750383057050735,0.9583016079316474,0.0147055993613527,122.06962768240372,19.12823980188594,83.21922156401436,19.72216631650344,0.1620995298039532,4.894568351277764,5.073085800788302,3.5122821472036766e-08,8.696229816067339e-08,0.5180723812944753,0.3758106731232418
second_life,Cp_x0p90,$C_p\times0.9$,43.0,4.167834905937634,0.9566482028430572,0.0147796554678451,124.85630411610076,19.23558586084921,85.73529183533826,19.885426419913298,0.1618043876251341,4.892668827279749,5.069222852674476,3.5319927766381826e-08,8.826712864278587e-08,0.5176778902870817,0.3756648254527069
second_life,Cp_x0p90,$C_p\times0.9$,44.0,4.160512811502779,0.9549675536234415,0.0148545565362471,127.7139378643813,19.34273341582973,88.32249798349648,20.048706465055087,0.1615070297910995,4.890769793402691,5.065359432713123,3.5516669572409126e-08,8.9589034367828e-08,0.5172833510937948,0.3755190154142313
second_life,Cp_x0p90,$C_p\times0.9$,45.0,4.15307619470337,0.9532606179465384,0.0149303249954064,130.64487680508194,19.44968397411361,90.9831855716305,20.21200725933781,0.1612074568318272,4.8888712402256695,5.06149552179989,3.5713049657761724e-08,9.092844269983529e-08,0.5168887617636444,0.3753732422844659
second_life,Cp_x0p90,$C_p\times0.9$,46.0,4.145528144953274,0.9515281049292612,0.0150069824986991,133.65153646065747,19.556437812265138,93.71977025917842,20.37532838921389,0.1609056389583247,4.886973172358265,5.057631129719854,3.5909068530260435e-08,9.228578090586021e-08,0.5164941232958998,0.3752275064173395
second_life,Cp_x0p90,$C_p\times0.9$,47.0,4.137869118174767,0.9497701192200032,0.0150845487119477,136.73640572611845,19.66299329172319,96.53474482072342,20.53866761367182,0.1606014581535079,4.88507561551375,5.053766309498286,3.61047231812181e-08,9.366147875969496e-08,0.5160994411055944,0.3750818097871472
second_life,Cp_x0p90,$C_p\times0.9$,48.0,4.130095556226062,0.9479858441141624,0.0151630407062474,139.9020659062208,19.76934581698012,99.43069738279004,20.70202270645063,0.1602946586416162,4.8831785953185225,5.04990111381144,3.630000517247225e-08,9.505597625967793e-08,0.5157047205721189,0.3749361543615139
second_life,Cp_x0p90,$C_p\times0.9$,49.0,4.122213549028899,0.9461766774388656,0.0152424853423235,143.15121830374204,19.875492753347,102.41033409154716,20.865391458847885,0.159985387420501,4.881282136976033,5.046035594920109,3.6494909666269444e-08,9.64697327284118e-08,0.5153099670324373,0.3747905420755898
second_life,Cp_x0p90,$C_p\times0.9$,50.0,4.114224957283155,0.9443430462828124,0.0153229071414507,146.48667406901183,19.981436185072965,105.47646629742356,21.02877158651532,0.1596736372966814,4.879386266451114,5.0421698068749725,3.66894404896586e-08,9.790321859567549e-08,0.5149151860062987,0.3746449749229852
second_life,Cp_x0p90,$C_p\times0.9$,51.0,4.106129920895,0.942484982758836,0.0154043302627937,149.9113753230932,20.08717436844962,108.6320396922531,21.192161262390503,0.1593593438134999,4.87749100428821,5.03830379290672,3.688359444088361e-08,9.935692700963137e-08,0.5145203819084971,0.3744994544811264
second_life,Cp_x0p90,$C_p\times0.9$,52.0,4.097928511979188,0.940602503419524,0.0154867796771213,153.42839268190772,20.19270508146811,111.88012951796586,21.35555808247375,0.1590424404173893,4.875596377609315,5.034437609897138,3.7077367439944376e-08,1.0083136908531165e-07,0.5141255605478997,0.3743539828324719
second_life,Cp_x0p90,$C_p\times0.9$,53.0,4.089621040395959,0.938695679387472,0.0155702815686382,157.04094722274104,20.29802617839444,115.22396108385615,21.518959960490445,0.1587228569461001,4.873702409726141,5.030571307210217,3.7270755546894923e-08,1.0232708071547285e-07,0.5137307269656436,0.374208561766922
second_life,Cp_x0p90,$C_p\times0.9$,54.0,4.081208368610837,0.9367647086254391,0.0156548631070253,160.75240192178737,20.403136006547843,118.66690037799384,21.682365537245687,0.158400520425526,4.871809115400742,5.026704917006294,3.746375572712188e-08,1.0384461561917989e-07,0.5133358844459982,0.3740631924179246
second_life,Cp_x0p90,$C_p\times0.9$,55.0,4.072692043587724,0.9348099462099264,0.0157405523696563,164.5662745261738,20.50803161655329,122.21247147030074,21.84577143931977,0.1580753572283266,4.869916532597903,5.0228385191049,3.765636256505258e-08,1.053845504475853e-07,0.5129410411402737,0.3739178777004601
second_life,Cp_x0p90,$C_p\times0.9$,56.0,4.064074190769945,0.9328318799965196,0.0158273794034791,168.48626835073313,20.612710598430148,125.86437890415804,22.009178848144938,0.1577472971244479,4.868024646399058,5.018972085551798,3.7848571635537624e-08,1.0694749147721708e-07,0.5125461941937347,0.3737726164690637
second_life,Cp_x0p90,$C_p\times0.9$,57.0,4.055351610433007,0.9308297755485726,0.0159153636015851,172.5158948853449,20.717165517327707,129.6261463036444,22.172583064372787,0.1574160654624458,4.866133509915337,5.015105727539737,3.804036928687999e-08,1.085339199451371e-07,0.5121513549615785,0.3736274128016699
second_life,Cp_x0p90,$C_p\times0.9$,58.0,4.046530867367725,0.928805139690487,0.0160045466128218,176.6594524719522,20.821403156603623,133.50206294240735,22.335986372941207,0.1570817680824106,4.864243095198109,5.011239391004088,3.8231767974520534e-08,1.1014459038695856e-07,0.511756517922631,0.3734822645523502
second_life,Cp_x0p90,$C_p\times0.9$,59.0,4.037613746370496,0.9267583820887452,0.0160949615395342,180.9211364641739,20.925422182001554,137.49632661483005,22.49938766734233,0.1567443492559252,4.86235341356698,5.007373102126277,3.842276524852932e-08,1.117801612142099e-07,0.5113616857505853,0.3733371725902372
second_life,Cp_x0p90,$C_p\times0.9$,60.0,4.02859771169441,0.924688920710282,0.0161866410710078,185.3053989126468,21.029221302999595,141.6133922762492,22.662785333398,0.156403613507169,4.860464481835352,5.003506899099877,3.8613358739280574e-08,1.134413397565887e-07,0.5109668623458355,0.3731921382062834
second_life,Cp_x0p90,$C_p\times0.9$,61.0,4.019475728830327,0.9225951409156796,0.0162796156528204,189.8168593715019,21.132799248476715,145.85788165645124,22.826178466573943,0.156059218263525,4.858576308544186,4.999640803327356,3.8803546112771924e-08,1.1512884156211048e-07,0.5105720498940391,0.373047162056274
second_life,Cp_x0p90,$C_p\times0.9$,62.0,4.01025500248412,0.9204786964098188,0.0163739292086266,194.46041794814803,21.23615570121055,150.2346973614722,22.98956488546529,0.1557113734488036,4.856688916844848,4.995774866423611,3.899332678652714e-08,1.1684343259326452e-07,0.5101772536661997,0.3729022459177977
second_life,Cp_x0p90,$C_p\times0.9$,63.0,4.000934034284464,0.9183392432697112,0.0164696202640979,199.2411646526324,21.339293302220057,154.7489288138949,23.15294253651743,0.1553599760919524,4.854802328219759,4.991909136978439,3.91827056099228e-08,1.185858878738409e-07,0.509782478624392,0.3727573914403
second_life,Cp_x0p90,$C_p\times0.9$,64.0,3.991510930188692,0.9161763467534456,0.0165667283870161,204.16443052695263,21.44220882620095,159.40591140251266,23.316310298239017,0.1550049194461778,4.852916553192324,4.988043641527795,3.937167666073145e-08,1.2035701140390693e-07,0.509387727478514,0.37261259943178
second_life,Cp_x0p90,$C_p\times0.9$,65.0,3.9819833561082825,0.9139894711148512,0.0166652959631055,209.23588296970604,21.544900299075163,164.2113161944984,23.479666476132465,0.1546460886773094,4.851031608691478,4.984178420165713,3.9560236314197615e-08,1.2215766560056137e-07,0.5089930043230387,0.3724678711920615
second_life,Cp_x0p90,$C_p\times0.9$,66.0,3.9723487611401698,0.9117780308420528,0.016765366061102,214.46140238198413,21.64736738356968,169.17102486544863,23.64301013296584,0.1542833671427123,4.849147502688705,4.98031349506833,3.9748383951028575e-08,1.2398871926646677e-07,0.5085983114226319,0.372323207333204
second_life,Cp_x0p90,$C_p\times0.9$,67.0,3.9626002832552354,0.9095404508851808,0.016866980422008,219.8472128456022,21.749600269678304,174.29127761684225,23.806334959081667,0.15391648174881,4.847264304893501,4.976449015530415,3.993610155832304e-08,1.258510984678409e-07,0.508203664023536,0.372178613207584
second_life,Cp_x0p90,$C_p\times0.9$,68.0,3.952737962965896,0.9072767405430994,0.0169701896467665,225.39986193513977,21.851606407894693,179.57861111389488,23.96964441335017,0.1535454211629668,4.845381972102249,4.972584899710563,4.012340281650115e-08,1.277457581167257e-07,0.5078090537679639,0.3720340854979777
second_life,Cp_x0p90,$C_p\times0.9$,69.0,3.942759382879645,0.9049863449487734,0.0170750443586172,231.12625501963475,21.95338708778981,185.0399292151685,24.1329387166764,0.1531700847871583,4.843500498211511,4.968721142381873,4.031029009344267e-08,1.2967370233976178e-07,0.5074144801221352,0.3718896237357555
second_life,Cp_x0p90,$C_p\times0.9$,70.0,3.9326610179948687,0.9026684550043056,0.0171815963307724,237.0336608558134,22.054940724410272,190.68250382042737,24.29621631097574,0.1527903327035073,4.841619897303101,4.964857780410666,4.049676047889365e-08,1.3163597872652637e-07,0.5070199468509032,0.3717452290021359
second_life,Cp_x0p90,$C_p\times0.9$,71.0,3.92243358129731,0.9003209390500454,0.017289895403818,243.1297235368745,22.1562636066758,196.51398450735164,24.459475422847103,0.1524058112428464,4.839740185427022,4.96099485575794,4.068280715865628e-08,1.3363367581887045e-07,0.5066254582393982,0.3716009025294568
second_life,Cp_x0p90,$C_p\times0.9$,72.0,3.91207498174116,0.8979433171257115,0.0173999996440242,249.42253449860183,22.25735417415353,202.5424658736036,24.62271445084472,0.1520164370425827,4.837861376702065,4.957132406316001,4.0868427267500654e-08,1.3566793990299748e-07,0.5062310181572486,0.3714566454017753
second_life,Cp_x0p90,$C_p\times0.9$,73.0,3.901584901207697,0.8955355162131274,0.0175119705467632,255.9206302631256,22.35820887481272,208.7764934614802,24.78592792683268,0.1516221939749831,4.835983529491405,4.953270561468114,4.1053614283271926e-08,1.3773996977856008e-07,0.5058366398172994,0.3713124621002843
second_life,Cp_x0p90,$C_p\times0.9$,74.0,3.8909588472922336,0.8930965051651947,0.0176258702136108,262.6330290539241,22.458826365141327,215.22508652240865,24.94911616637415,0.1512229105752622,4.834106635031739,4.949409313747641,4.1238365739045057e-08,1.398510171472943e-07,0.5054423224570446,0.3711683519521271
second_life,Cp_x0p90,$C_p\times0.9$,75.0,3.880192197427022,0.8906252229583295,0.0177417634880575,269.56925431284844,22.55920444754291,221.8977714558416,25.11227840946391,0.1508184111591381,4.8322306965620205,4.945548681137303,4.1422677599645453e-08,1.420023900665195e-07,0.5050480679129108,0.3710243152059942
second_life,Cp_x0p90,$C_p\times0.9$,76.0,3.869276971521055,0.8881198379125607,0.0178597156468563,276.73935890569845,22.65933896364042,228.80460892975125,25.2754110123068,0.1504083951636043,4.830355750024007,4.94168874985407,4.160654222955953e-08,1.4419545376836545e-07,0.5046538849895258,0.370880354621536
second_life,Cp_x0p90,$C_p\times0.9$,77.0,3.858210265615708,0.8855796834787418,0.0179797894687435,284.15332895754995,22.75922475310264,235.95559038584767,25.43851381859965,0.1499927520336214,4.828481790901398,4.937829523596279,4.1789950153509193e-08,1.4643143537273437e-07,0.5042597740645702,0.3707364698519854
second_life,Cp_x0p90,$C_p\times0.9$,78.0,3.846993795757232,0.8830051535430506,0.0181020004625224,291.8180639515767,22.858839972247697,243.35763748037607,25.60158649895288,0.1495715440763953,4.826608816822359,4.933971010157721,4.197286126264245e-08,1.487105138008315e-07,0.5038657359339596,0.3705926607152303
second_life,Cp_x0p90,$C_p\times0.9$,79.0,3.835616485652606,0.8803937057505116,0.0182264885882985,299.74983014701127,22.95820177319535,251.02700187927064,25.76462649454525,0.1491443560718408,4.824736849223047,4.930113270083462,4.2155307051275865e-08,1.510356272068811e-07,0.5034717767806616,0.3704489288571638
second_life,Cp_x0p90,$C_p\times0.9$,80.0,3.8240721421941295,0.8777439185895995,0.0183533358978016,307.9612835484852,23.057308623784905,258.9763441102008,25.92763081449945,0.1487109554576171,4.822865914461572,4.92625637414158,4.2337284706092265e-08,1.534084322562921e-07,0.5030779038316361,0.3703052763015925
second_life,Cp_x0p90,$C_p\times0.9$,81.0,3.812347865654766,0.8750528311703166,0.018482624828912,316.4658778463979,23.15615743934909,267.2191239715841,26.09059643546468,0.1482708594260542,4.8209960386502,4.92240039386852,4.251878856309854e-08,1.5583067497031512e-07,0.5026841243923097,0.3701617050534465
second_life,Cp_x0p90,$C_p\times0.9$,82.0,3.800440645701503,0.8723197525272739,0.0186144592921134,325.27865589452324,23.25474986255317,275.7703845617188,26.25352147025128,0.1478239546425191,4.819127234242608,4.918545373917661,4.2699821638517786e-08,1.583044037018004e-07,0.5022904430227637,0.3700182160689339
second_life,Cp_x0p90,$C_p\times0.9$,83.0,3.788346938547521,0.8695438692507831,0.0187489203359398,334.4135807027117,23.353082282283484,284.64409555420434,26.416402866223912,0.1473701079731376,4.817259526206881,4.914691386518362,4.288037730170853e-08,1.608311893656036e-07,0.501896867099186,0.3698748112651331
second_life,Cp_x0p90,$C_p\times0.9$,84.0,3.776056568039164,0.8667228455959486,0.0188861031751098,343.88650379627256,23.45115361673468,293.8561155653657,26.579234614172137,0.1469089387872118,4.815392972623789,4.910838573856418,4.306045356628538e-08,1.634129802600824e-07,0.5015034111418386,0.3697314951015537
second_life,Cp_x0p90,$C_p\times0.9$,85.0,3.7635654601902826,0.8638557464557864,0.0190261124134322,353.7142713484324,23.54896105811005,303.42329132203844,26.742018968283872,0.1464402942811437,4.813527535933382,4.906986882594788,4.3240045276638426e-08,1.6605182049745005e-07,0.5011100697038496,0.3695882646942988
second_life,Cp_x0p90,$C_p\times0.9$,86.0,3.750866264946568,0.8609408847634135,0.0191690571883717,363.9149053142885,23.646503192818503,313.36364934490234,26.90475277656764,0.1459638994837289,4.811663239628461,4.903136387313725,4.341914983716514e-08,1.6874988749354308e-07,0.5007168504014846,0.369445121847173
second_life,Cp_x0p90,$C_p\times0.9$,87.0,3.737950925808604,0.8579764113007435,0.0193150499254832,374.50743474409467,23.74377691729356,323.696226541689,27.06743128511207,0.145479453145503,4.80980012444572,4.899287200497003,4.359776154917016e-08,1.7150942944353297e-07,0.5003237647217832,0.3693020696879873
second_life,Cp_x0p90,$C_p\times0.9$,88.0,3.724810937541745,0.8549603738509488,0.0194642091746025,385.5121184457265,23.84078012580199,334.4412860748046,27.230052245119897,0.1449866372948996,4.80793820123827,4.8954393753541146,4.377587654615595e-08,1.743328083196365e-07,0.4999308180985916,0.3691591090500563
second_life,Cp_x0p90,$C_p\times0.9$,89.0,3.711433396539104,0.8518898106334845,0.0196166593370483,396.9506998744629,23.93750901491793,345.6205774388227,27.392613420722338,0.1444849698300537,4.806077479435441,4.891592964788647,4.395348784436189e-08,1.772225493342647e-07,0.4995380159345166,0.369016240657375
second_life,Cp_x0p90,$C_p\times0.9$,90.0,3.69781179280946,0.8487632274021669,0.0197724406735021,408.83858173629056,24.033939537945592,357.2495346201388,27.55510757820621,0.1439742074475037,4.804218024226313,4.88774813995974,4.413055128981398e-08,1.8017935159106241e-07,0.4991453757086283,0.3688734695152369
second_life,Cp_x0p90,$C_p\times0.9$,91.0,3.6839439565933527,0.8455801261294749,0.0199316729372884,421.198031612529,24.13006619213436,369.35043383369424,27.71753158670045,0.1434542688216521,4.802359852562613,4.883904974947907,4.4307056778491695e-08,1.832054928792643e-07,0.4987529049861582,0.3687307969252155
second_life,Cp_x0p90,$C_p\times0.9$,92.0,3.669811373161951,0.8423362571072351,0.0200946272697116,434.06588860712094,24.22590718776172,381.96009867700144,27.87988274235778,0.1429244625408416,4.800502974525058,4.88006353372972,4.44830377476758e-08,1.863065751238295e-07,0.4983606103005056,0.36858822366132
second_life,Cp_x0p90,$C_p\times0.9$,93.0,3.6554018508798793,0.8390288219745882,0.0202614709103818,447.4714793566356,24.32145567511492,395.1078673644392,28.042156317081425,0.1423843332974357,4.798647421159552,4.876223928178148,4.465848162008578e-08,1.894859539716331e-07,0.4979685030763335,0.3684457521072911
second_life,Cp_x0p90,$C_p\times0.9$,94.0,3.640701669666333,0.8356546715447397,0.0204323904138486,461.4471850495896,24.416703240758267,408.8261357406586,28.204346068172686,0.1418333687921579,4.796793238574887,4.872386306003628,4.4833372947170024e-08,1.927473916995244e-07,0.4975765983980895,0.3683033858034159
second_life,Cp_x0p90,$C_p\times0.9$,95.0,3.625695527096046,0.8322102934334522,0.020607592350817,476.0287089506341,24.511637458967314,423.1506260510718,28.366445440595,0.1412709977057691,4.794940473838216,4.86855082230692,4.50076889131072e-08,1.960950711044126e-07,0.4971849121049342,0.3681611283635651
second_life,Cp_x0p90,$C_p\times0.9$,96.0,3.610366275670475,0.8286917517545797,0.0207872987099564,491.254800483384,24.60625288930412,438.1201003763559,28.52844721772396,0.1406965798985312,4.793089178647873,4.864717647842821,4.5181419528293864e-08,1.995334781958279e-07,0.4967934616346456,0.3680189837571972
second_life,Cp_x0p90,$C_p\times0.9$,97.0,3.594682138597945,0.8250917527425735,0.0209717600323271,507.1694019876096,24.70053656559975,453.7785271041291,28.690338317880688,0.1401089293608804,4.791239468480862,4.860887092141004,4.53545409845573e-08,2.030678423751959e-07,0.4964022785969345,0.3678769608507717
second_life,Cp_x0p90,$C_p\times0.9$,98.0,3.578634873987559,0.8214084046262164,0.0211612636042669,523.8207520039338,24.79448256403248,470.1741525743223,28.852116865579067,0.1395077383268564,4.789391327002585,4.857059199577932,4.552704240471618e-08,2.067038468302509e-07,0.4960113675236027,0.3677350583900987
second_life,Cp_x0p90,$C_p\times0.9$,99.0,3.5622007802331264,0.8176362671470819,0.0213561317734026,541.263594867094,24.888085595959293,487.361736054132,29.01377321700275,0.1388921221762038,4.787544822252841,4.853234198338941,4.56989140778893e-08,2.1044804623103042e-07,0.4956207517173355,0.3675932815993536
second_life,Cp_x0p90,$C_p\times0.9$,100.0,3.545351778825596,0.8137688954109197,0.0215567281189314,559.5597273198385,24.981330937378427,505.4031011176945,29.17529526476567,0.1382610330130159,4.785700048823561,4.849412374900665,4.5870128968212896e-08,2.143078774799803e-07,0.4952304604336266,0.3674516377414153
second_life,Cp_x0p90,$C_p\times0.9$,101.0,3.5280572978351024,0.8097992722055741,0.0217634630598881,578.778839521652,25.07420720738808,524.3679594419472,29.336672872316747,0.1376133298863434,4.783857067706756,4.845593969107191,4.60406661783443e-08,2.1829171724386059e-07,0.4948405181657733,0.3673101314993217
second_life,Cp_x0p90,$C_p\times0.9$,102.0,3.510281530063173,0.8057191786613347,0.0219768071899036,599.0007044345731,25.166700896763253,544.3361138052762,29.497889732533647,0.1369476765929906,4.782016006399024,4.841779366806416,4.6210500902964063e-08,2.2240920516182082e-07,0.4944509643172367,0.3671687726624103
second_life,Cp_x0p90,$C_p\times0.9$,103.0,3.4919755362147047,0.8015173816824177,0.0221972806794248,620.3151444574012,25.25879312745936,565.3974215384761,29.65892979146565,0.1362622468960613,4.780176982156317,4.837968947855865,4.637959847865328e-08,2.266710704773724e-07,0.4940618376797303,0.3670275702337301
second_life,plating_x2,$\delta_{\mathrm{plating}}\times2$,0.0,4.451173304721828,1.0,0.0138999943086292,111.89002680047489,14.457394060807909,84.50306812438969,12.92956461527729,0.1730196110765483,5.526933335243084,5.233807663519556,2.6546325004696767e-08,8.76305268192865e-08,0.5344855785911435,0.4243643949691191
second_life,plating_x2,$\delta_{\mathrm{plating}}\times2$,1.0,4.443198738577115,0.9982084350352628,0.0139712226955764,114.69356634357764,14.574227934391132,87.02299757560522,13.096340833581271,0.1727186730322825,5.525173055484048,5.2298615195169935,2.6760852599825812e-08,8.892752457009086e-08,0.5340825914743041,0.4242292386338407
second_life,plating_x2,$\delta_{\mathrm{plating}}\times2$,2.0,4.435160540092868,0.9964025744376268,0.0140431734303719,117.56420106345168,14.690806376850793,89.61026256018157,13.263132126419343,0.1724153883040464,5.523413406100845,5.225915018831189,2.6974911178367625e-08,9.02397864191112e-08,0.5336795679323492,0.4240941306995547
second_life,plating_x2,$\delta_{\mathrm{plating}}\times2$,3.0,4.427063317621736,0.994583453518982,0.014115924855816,120.50639971869283,14.807173272407091,92.26928868816128,13.429937758124453,0.1721099295676046,5.52165439476472,5.2219681788689885,2.7188581319489345e-08,9.156885214273525e-08,0.5332765097428962,0.4239590717552685
second_life,plating_x2,$\delta_{\mathrm{plating}}\times2$,4.0,4.418902347538712,0.992750011070366,0.0141894919734281,123.52242085698728,14.923325428670788,95.0023398572684,13.59675557104806,0.1718021191985465,5.519896044019246,5.218021050683187,2.7401857161401347e-08,9.291510772912441e-08,0.5328734221195457,0.4238240635319037
second_life,plating_x2,$\delta_{\mathrm{plating}}\times2$,5.0,4.410678163194193,0.9909023669142072,0.0142638955859784,126.61460739747498,15.039265493324551,97.81175558459236,13.763586319558067,0.1714919769519137,5.518138345640608,5.214073616424449,2.7614743565715925e-08,9.427894430013341e-08,0.5324703032394925,0.4236891053980264
second_life,plating_x2,$\delta_{\mathrm{plating}}\times2$,6.0,4.402392343397175,0.989040875745524,0.0143391580679954,129.78540121778065,15.154994002130158,100.699975963124,13.930431252526486,0.1711795617930254,5.516381286163466,5.210125846542828,2.7827241516186185e-08,9.566076889297448e-08,0.5320671500850442,0.423554196319752
second_life,plating_x2,$\delta_{\mathrm{plating}}\times2$,7.0,4.394043108102988,0.9871651376597186,0.0144152998033909,133.03736799143357,15.27051019482808,103.66956737711892,14.09729041948658,0.1708648066910325,5.514624864727868,5.206177739866298,2.8039349616841562e-08,9.706101463396129e-08,0.5316639625365119,0.4234193362310521
second_life,plating_x2,$\delta_{\mathrm{plating}}\times2$,8.0,4.385627755088106,0.9852745455756148,0.01449234189318,136.37322797683757,15.38581235446383,106.72325428324554,14.26416133912822,0.1705476101178034,5.512869107089863,5.202229355105914,2.8251064715050824e-08,9.848015277014861e-08,0.5312607465895707,0.4232845271095067
second_life,plating_x2,$\delta_{\mathrm{plating}}\times2$,9.0,4.377144988137213,0.9833688082856524,0.0145703029898248,139.7955940726115,15.500897765729926,109.8636534095823,14.431042897299273,0.1702279233204593,5.511114024264959,5.198280718623975,2.8462381825030617e-08,9.991856824743077e-08,0.5308575049363846,0.4231497698008991
second_life,plating_x2,$\delta_{\mathrm{plating}}\times2$,10.0,4.368592922806668,0.9814475024309752,0.0146492072572938,143.30743480593924,15.615766877189015,113.0937319743974,14.59793595435284,0.1699056755087129,5.509359606707276,5.194331810063398,2.8673301770421065e-08,1.0137677040095532e-07,0.5304542354980529,0.4230150635722856
second_life,plating_x2,$\delta_{\mathrm{plating}}\times2$,11.0,4.359969814949008,0.979510236171647,0.0147290777969352,146.9117475240558,15.730420177316963,116.41648767704964,14.764839669689218,0.169580801208033,5.507605862598783,5.190382649313874,2.8883825448149988e-08,1.0285524192133749e-07,0.5300509403057456,0.422880409051887
second_life,plating_x2,$\delta_{\mathrm{plating}}\times2$,12.0,4.351273841417015,0.9775565999196574,0.0148099384479509,150.6116655683476,15.844854596430324,119.8350575632001,14.931753408717173,0.1692532320144794,5.505852797856384,5.186433251390665,2.9093947221737253e-08,1.043544871913618e-07,0.5296476208928473,0.4227458066940106
second_life,plating_x2,$\delta_{\mathrm{plating}}\times2$,13.0,4.342502932703372,0.9755861287397688,0.0148918157643298,154.41055777699677,15.959068632578768,123.35281237860386,15.09867676581414,0.1689228903221343,5.50410041587207,5.182483625891331,2.930366433333719e-08,1.0587507028570369e-07,0.5292442782394778,0.4226112567590971
second_life,plating_x2,$\delta_{\mathrm{plating}}\times2$,14.0,4.333650253129291,0.9735972869292984,0.0149747341452294,158.31199347157732,16.073061510570078,126.97332311962845,15.2656088413788,0.168589520024741,5.502348725934352,5.17853379410162,2.95129753595602e-08,1.0741759554913829e-07,0.5288409145193748,0.4224767599603293
second_life,plating_x2,$\delta_{\mathrm{plating}}\times2$,15.0,4.32470776740407,0.97158826928091,0.0150587150567454,162.31956186149475,16.18682895917742,130.70018730972154,15.4325455925958,0.1682528202584834,5.500597771352836,5.174583851679844,2.9721872457680573e-08,1.0898263115755286e-07,0.528437539501332,0.4223423196230693
second_life,plating_x2,$\delta_{\mathrm{plating}}\times2$,16.0,4.3156811910788,0.9695603598495484,0.015143793526969,166.4370176038288,16.30037221863501,134.53715824874067,15.599487136453131,0.1679130052122504,5.498847550031108,5.170633795857914,2.993035790498708e-08,1.1057076361211289e-07,0.5280341529026674,0.4222079355863521
second_life,plating_x2,$\delta_{\mathrm{plating}}\times2$,17.0,4.30657101661961,0.9675136692725884,0.015230001606619,170.66830517809854,16.41369219491906,138.48817676326368,15.766436219915777,0.1675700933211558,5.497098032093332,5.1666835616390365,3.013843336501177e-08,1.1218260812803037e-07,0.527630748085795,0.422073605556276
second_life,plating_x2,$\delta_{\mathrm{plating}}\times2$,18.0,4.297374622903462,0.9654476086888786,0.0153173694246497,175.01754703055366,16.52678727889394,142.55736774262158,15.93339200903814,0.1672239864539283,5.495349225147734,5.162733168755457,3.034609588309788e-08,1.1381880398263893e-07,0.5272273270658062,0.4219393301170095
second_life,plating_x2,$\delta_{\mathrm{plating}}\times2$,19.0,4.288091141583002,0.963361983015618,0.0154059285668923,179.48899105710584,16.63965541560367,146.748982941762,16.100352699740178,0.1668746521260651,5.493601146652733,5.158782659894076,3.055334168598386e-08,1.154799890002685e-07,0.5268238942019617,0.4218051106090303
second_life,plating_x2,$\delta_{\mathrm{plating}}\times2$,20.0,4.278717603852727,0.9612561252813592,0.0154957119555325,184.08718158082647,16.752295256123624,151.0675684289325,16.267317895770404,0.1665219792114469,5.491853799396832,5.154832044430722,3.07601682968062e-08,1.1716686324635265e-07,0.5264204504517377,0.4216709472464432
second_life,plating_x2,$\delta_{\mathrm{plating}}\times2$,21.0,4.269250539707772,0.9591292559152726,0.0155867537900603,188.81691613788485,16.864701022550612,155.51792839724413,16.434286718090103,0.1661658378608318,5.490107191143293,5.150881343164604,3.0966565106315736e-08,1.1888016935326705e-07,0.5260169979391855,0.4215368406253202
second_life,plating_x2,$\delta_{\mathrm{plating}}\times2$,22.0,4.259687448036906,0.9569808130180434,0.0156790874672441,193.6830110854012,16.976875052117443,160.10487757237615,16.601258460907623,0.1658061345101773,5.488361327584332,5.146930572795679,3.1172536406084074e-08,1.2062059467194106e-07,0.525613538369734,0.4214027911827165
second_life,plating_x2,$\delta_{\mathrm{plating}}\times2$,23.0,4.250025341151307,0.9548101253758998,0.0157727514683014,198.69076181288523,17.088817597928326,164.83371174891633,16.768232466040544,0.1654427574024123,5.486616213871225,5.142979748897405,3.137808266085515e-08,1.2238894832567752e-07,0.5252100733337719,0.4212687993141531
second_life,plating_x2,$\delta_{\mathrm{plating}}\times2$,24.0,4.240261251006452,0.9526165261883558,0.0158677845638975,203.84563723288457,17.2005310655473,169.70989852833858,16.935207638998698,0.1650755955380357,5.484871859481923,5.139028897366854,3.1583208287668786e-08,1.241860377279777e-07,0.5248066054759535,0.421134865747358
second_life,plating_x2,$\delta_{\mathrm{plating}}\times2$,25.0,4.23038389607078,0.9503974809480382,0.0159642198884868,209.1533675546336,17.31201283786128,174.73917369075622,17.10218102601609,0.1647042269940615,5.483128293037892,5.135078088094004,3.1787908481043825e-08,1.2601270163634256e-07,0.5244031419335652,0.4210009926799208
second_life,plating_x2,$\delta_{\mathrm{plating}}\times2$,26.0,4.220388583788156,0.9481519354259124,0.0160620980155324,214.6199725081844,17.423260451510025,179.92755931950154,17.26915273717283,0.1643284763925138,5.481385511128324,5.131127318474214,3.1992178717816466e-08,1.2786981247660606e-07,0.5239996824406167,0.4208671798499558
second_life,plating_x2,$\delta_{\mathrm{plating}}\times2$,27.0,4.210281376641706,0.9458812516186278,0.0161614732535103,220.25198084019124,17.53427410693371,185.28158518623653,17.436121547020978,0.1639485705957261,5.479643524039823,5.12717661750319,3.2196019366030216e-08,1.297583494756204e-07,0.5235962299582,0.4207334280472804
second_life,plating_x2,$\delta_{\mathrm{plating}}\times2$,28.0,4.200058821300667,0.943584653701356,0.016262390560998,226.0560200135357,17.64505395860283,190.8078780886048,17.603087966328122,0.1635643804876755,5.477902323743001,5.123225973095501,3.239943070932012e-08,1.316792471235789e-07,0.5231927832521298,0.4205997366553887
second_life,plating_x2,$\delta_{\mathrm{plating}}\times2$,29.0,4.189717353435976,0.9412613409124068,0.0163648964738702,232.0390518267181,17.755598530188255,196.5134029943865,17.770050302143314,0.16317577283897,5.476161924986133,5.119275425308586,3.260241003688557e-08,1.3363347809815161e-07,0.5227893464131418,0.4204661068066707
second_life,plating_x2,$\delta_{\mathrm{plating}}\times2$,30.0,4.179253221767579,0.9389104704897032,0.0164690380925826,238.2083144322987,17.865905236697543,202.4054028635661,17.937006332034997,0.1627826074478329,5.47442234774851,5.1153250267280885,3.2804952602224616e-08,1.356220280418233e-07,0.5223859248113738,0.4203325400351594
second_life,plating_x2,$\delta_{\mathrm{plating}}\times2$,31.0,4.168663755874542,0.936531442496836,0.0165748698134765,244.57168728872225,17.975974118019398,208.4917568904756,18.103956280227298,0.1623847844979716,5.472683586475628,5.111374772048573,3.30070584785799e-08,1.376460104744649e-07,0.5219825179050254,0.4201990359143739
second_life,plating_x2,$\delta_{\mathrm{plating}}\times2$,32.0,4.157943632431378,0.9341230609962118,0.0166824442374201,251.1373596580217,18.08580034699844,214.7806611761454,18.270898134877907,0.1619821050330382,5.470945658373487,5.107424708872866,3.3208718802442915e-08,1.397065510524905e-07,0.5215791305553803,0.4200655957654106
second_life,plating_x2,$\delta_{\mathrm{plating}}\times2$,33.0,4.147085271518657,0.9316836230841444,0.0167918138706514,257.9138984695983,18.19538104315095,221.2806892732333,18.437828153214088,0.1615742858066864,5.469208598541051,5.103474925759879,3.3409928284737606e-08,1.418048032446259e-07,0.5211757718062292,0.4199322222832091
second_life,plating_x2,$\delta_{\mathrm{plating}}\times2$,34.0,4.136084764424762,0.929212250630004,0.0169030379153309,264.9103902373474,18.30471647251532,228.0009273674084,18.6047463974238,0.161161180775351,5.4674724020946845,5.0995254212381615,3.3610687413957355e-08,1.4394198603583204e-07,0.5207724415073052,0.4197989150927982
second_life,plating_x2,$\delta_{\mathrm{plating}}\times2$,35.0,4.124933270627588,0.9267069575232754,0.0170161748228224,272.1364383056806,18.413804211886607,234.9509796066328,18.771654487161243,0.1607424595854098,5.465737047292246,5.095576156984573,3.381099174067058e-08,1.4611937768083762e-07,0.520369135744982,0.4196656725247908
second_life,plating_x2,$\delta_{\mathrm{plating}}\times2$,36.0,4.113627497643859,0.9241670040751055,0.0171312892162279,279.6021683846732,18.522634857891536,242.1409839986209,18.938549528160745,0.1603179992950368,5.464002559548794,5.091627201481233,3.4010823998625685e-08,1.483383128916387e-07,0.5199658615127735,0.4195324965305847
second_life,plating_x2,$\delta_{\mathrm{plating}}\times2$,37.0,4.102167382466481,0.9215923761303296,0.0172484534805818,287.3183835714029,18.63121076222757,249.58174314098665,19.10542966818868,0.1598877975938704,5.462268952824423,5.08767859855442,3.4210188505953936e-08,1.5060021457294046e-07,0.5195626232862954,0.4193993881820524
second_life,plating_x2,$\delta_{\mathrm{plating}}\times2$,38.0,4.090547474746333,0.9189818492142416,0.0173677376604888,295.2964157788067,18.739528430190905,257.2845942958532,19.272293052762645,0.1594516508542571,5.460536240665808,5.083730392083616,3.4409078845762853e-08,1.5290654487888265e-07,0.5191594255465976,0.4192663485193235
second_life,plating_x2,$\delta_{\mathrm{plating}}\times2$,39.0,4.078762184150755,0.9163341674034536,0.0174892148972088,303.54823054919655,18.84758430608988,265.2615084451071,19.43913779799959,0.1590093502282068,5.458804436462796,5.079782626643968,3.4607488489175526e-08,1.5525882722567748e-07,0.5187562728457713,0.4191333785704859
second_life,plating_x2,$\delta_{\mathrm{plating}}\times2$,40.0,4.066805004440173,0.9136478690070514,0.0176129601211499,312.0864126896681,18.95537318282543,273.5250785814774,19.60596092536528,0.1585606526755227,5.457073564416934,5.075835372711498,3.4805407875039814e-08,1.576586340666336e-07,0.5183531723809515,0.4190004801937627
second_life,plating_x2,$\delta_{\mathrm{plating}}\times2$,41.0,4.054666471976216,0.9109208279253034,0.0177390461914681,320.92400299921496,19.062886527759083,282.0883563059853,19.772760165470565,0.1581052046977892,5.455343640629067,5.07188868398293,3.5002821335926774e-08,1.601075323252873e-07,0.5179501296357412,0.4188676546253956
second_life,plating_x2,$\delta_{\mathrm{plating}}\times2$,42.0,4.0423441288490345,0.9081524919645108,0.0178675656792933,330.07555201374026,19.17013035533727,290.9658843191659,19.93953733923708,0.1576429144406005,5.453614638783845,5.067942517372871,3.5199739915420704e-08,1.6260736765467788e-07,0.5175471402101848,0.4187348998448613
second_life,plating_x2,$\delta_{\mathrm{plating}}\times2$,43.0,4.029830849094875,0.9053412602066088,0.0179986059922637,339.556074721692,19.277101471627475,300.17268382249466,20.10628942756982,0.1571735157400272,5.451886581861589,5.063996944317067,3.5396157748898246e-08,1.6515995959456193e-07,0.5171442113994255,0.4186022176166156
second_life,plating_x2,$\delta_{\mathrm{plating}}\times2$,44.0,4.0171115663031145,0.9024837478337996,0.0181322534045101,349.38144633116696,19.38380090685756,309.724631469994,20.27301395431539,0.1566964459030295,5.450159486512868,5.0600520234045545,3.5592076728039446e-08,1.677671999861387e-07,0.5167413491866779,0.4184696092191087
second_life,plating_x2,$\delta_{\mathrm{plating}}\times2$,45.0,4.0041844137742935,0.899579535473632,0.0182686073957435,359.568472197385,19.490228007830428,319.63853640843155,20.439707781123023,0.1562116352250102,5.4484333754820415,5.056107828892828,3.578749565345922e-08,1.7043106213137953e-07,0.5163385611552471,0.418337076398679
second_life,plating_x2,$\delta_{\mathrm{plating}}\times2$,46.0,3.991045318423852,0.8966277080674729,0.0184077719761187,370.1351066867434,19.596378097763854,329.9323595333343,20.606369055645228,0.1557189315546885,5.446708257354729,5.052164404610856,3.5982405937760695e-08,1.731536458496354e-07,0.5159358517810241,0.4182046198145406
second_life,plating_x2,$\delta_{\mathrm{plating}}\times2$,47.0,3.977680148180068,0.8936250907059773,0.0185498472580323,381.1002867952996,19.702241926507355,340.6250561496563,20.77298871913592,0.1552178072183604,5.444984214413773,5.048221964900452,3.617679059603635e-08,1.7593712037508833e-07,0.5155332429529688,0.418072245784466
second_life,plating_x2,$\delta_{\mathrm{plating}}\times2$,48.0,3.964085207734833,0.8905708532017189,0.018694948385459,392.4841605260565,19.80782765204182,351.73676163309585,20.939571240918813,0.1547081240964326,5.44326118796977,5.044280404011554,3.637066460777771e-08,1.7878375899547657e-07,0.5151307238717004,0.4179399498022144
second_life,plating_x2,$\delta_{\mathrm{plating}}\times2$,49.0,3.950249468844298,0.887462517950908,0.0188432245173707,404.3110982794149,19.91313994140787,363.2918445715375,21.10611376646959,0.1541894703533662,5.441539194144454,5.04033978948595,3.65640365424944e-08,1.8169668681510734e-07,0.5147283014347045,0.4178077331056313
second_life,plating_x2,$\delta_{\mathrm{plating}}\times2$,50.0,3.9361663019385102,0.8842985955552448,0.0189947687747363,416.6013673248462,20.01816809845313,375.31058668744,21.272612538953048,0.1536615983993088,5.439818257069827,5.036400210215289,3.67568867601644e-08,1.8467775707650544e-07,0.5143259847197511,0.4176755975476001
second_life,plating_x2,$\delta_{\mathrm{plating}}\times2$,51.0,3.9218245720733313,0.8810765844396665,0.0191497063550529,429.3790627580192,20.122907522614323,387.8170912643326,21.43906397107228,0.153124092433664,5.438098397906017,5.032461751079718,3.694920681334225e-08,1.877295573785958e-07,0.5139237823949493,0.4175435447528199
second_life,plating_x2,$\delta_{\mathrm{plating}}\times2$,52.0,3.907204665519015,0.8777920781862687,0.0193081681821603,442.6702319264893,20.227351511971705,400.8374167295685,21.60546368494898,0.1525762201598965,5.436379644533792,5.028524515665579,3.714098439612145e-08,1.908548985234989e-07,0.5135217050387171,0.4174115768620089
second_life,plating_x2,$\delta_{\mathrm{plating}}\times2$,53.0,3.892301171649541,0.8744438612445324,0.0194703047715189,456.50293677114416,20.33149443934144,414.3996338327156,21.771808499087165,0.1520177795078912,5.434662010869795,5.024588579251238,3.7332209176000136e-08,1.940567998889968e-07,0.5131197603386127,0.417279694943703
second_life,plating_x2,$\delta_{\mathrm{plating}}\times2$,54.0,3.8771068375333626,0.8710303041718253,0.0196362767203368,470.9074324401712,20.435331654046177,428.534004509559,21.938096276565947,0.1514484995944937,5.432945498253924,5.020653992399044,3.7522872613514576e-08,1.9733850259606805e-07,0.5127179534581517,0.4171478991007811
second_life,plating_x2,$\delta_{\mathrm{plating}}\times2$,55.0,3.861608818600198,0.8675485213087036,0.019806251943777,485.9162809885706,20.538855733733755,443.27310217098346,22.104323083853405,0.1508679008222981,5.431230124555102,5.016720848181522,3.7712961079917286e-08,2.007034664099044e-07,0.5123162939020627,0.4170161907052402
second_life,plating_x2,$\delta_{\mathrm{plating}}\times2$,56.0,3.845792740260238,0.8639952832617415,0.0199804154049753,501.565231723,20.6420526188748,458.6526984907152,22.270480613410047,0.1502754465461175,5.429515950464878,5.012789343165948,3.790244875943298e-08,2.041555356951085e-07,0.5119148017441392,0.4168845744170482
second_life,plating_x2,$\delta_{\mathrm{plating}}\times2$,57.0,3.8296475411447752,0.8603681049853227,0.0201589106560452,517.8872721810392,20.74490761281108,474.7058031609397,22.436561407288487,0.1496707237820459,5.427803025112033,5.008859653817137,3.809130866640545e-08,2.076975885724725e-07,0.5115134950052762,0.4167530540083702
second_life,plating_x2,$\delta_{\mathrm{plating}}\times2$,58.0,3.8131397996737135,0.8566594779917275,0.0203420332922532,534.9331515249457,20.847423034064583,491.4831726325295,22.60255585835168,0.1490524850083565,5.426091417428322,5.004932007452546,3.8279545058049954e-08,2.113360132317593e-07,0.5111123968995297,0.4166216347718668
second_life,plating_x2,$\delta_{\mathrm{plating}}\times2$,59.0,3.796249808916045,0.8528649749244683,0.0205300610859028,552.7533554993247,20.949600070932423,509.03529397807614,22.76846145031616,0.1484199945496168,5.424381119556973,5.001006463610744,3.846716011628951e-08,2.1507658467002489e-07,0.510711513507082,0.416490316104286
second_life,plating_x2,$\delta_{\mathrm{plating}}\times2$,60.0,3.7789610799068303,0.848980891374885,0.0207232964311749,571.4032517190954,21.05143037271224,527.4175518207992,22.93426952558385,0.1477726369176933,5.422672183140231,4.997083227141852,3.865413850776196e-08,2.189255619158119e-07,0.5103108657475853,0.4163591019707797
second_life,plating_x2,$\delta_{\mathrm{plating}}\times2$,61.0,3.761245853044429,0.8450009908745812,0.020922084059761,590.9460211735832,21.152902879413634,546.6931486907903,23.09996960337921,0.1471093760143539,5.42096467429242,4.993162546034762,3.884045992437457e-08,2.2289021310730265e-07,0.5099104789460984,0.4162279974476827
second_life,plating_x2,$\delta_{\mathrm{plating}}\times2$,62.0,3.743075468786096,0.8409188347745127,0.0211267826775994,611.4495550900798,21.254002147466288,566.9300029602366,23.26554998237692,0.1464291421972545,5.419258667093676,4.989244697158174,3.9026096009008816e-08,2.269780729187752e-07,0.5095103813769364,0.4160970082229545
second_life,plating_x2,$\delta_{\mathrm{plating}}\times2$,63.0,3.7244161895378567,0.8367268435913238,0.0213377997796425,632.9907837135678,21.35471064667042,588.205075683645,23.430997383252368,0.145730676355089,5.417554246366619,4.98532999471832,3.921101457312649e-08,2.311977310856677e-07,0.5091106051273884,0.4159661408093748
second_life,plating_x2,$\delta_{\mathrm{plating}}\times2$,64.0,3.705213955160729,0.8324128721814131,0.021555701650244,655.6693402955993,21.455019742603344,610.6180226613869,23.59629789160914,0.1450119609998268,5.415851495275277,4.981418767948064,3.939519976240492e-08,2.3556132749946454e-07,0.5087111838192894,0.415835401592375
second_life,plating_x2,$\delta_{\mathrm{plating}}\times2$,65.0,3.685422820279576,0.8279665984629402,0.0217810659747603,679.5911741320037,21.554912188698133,634.2748215049911,23.76144043831443,0.1442712814975888,5.414150460586039,4.977511278757602,3.957861990910585e-08,2.400810709521221e-07,0.508312144199366,0.4157047941627327
second_life,plating_x2,$\delta_{\mathrm{plating}}\times2$,66.0,3.66500144163692,0.8233787342652031,0.0220144894195333,704.8702517740503,21.654359668683444,659.289488448769,23.92640365659785,0.143507095113492,5.412451287519953,4.973608032712737,3.97612230195616e-08,2.447694768319616e-07,0.507913537896881,0.4155743296706898
second_life,plating_x2,$\delta_{\mathrm{plating}}\times2$,67.0,3.64388901559182,0.818635619450351,0.022256728196624,731.6467745603062,21.75333881803832,685.8022687791473,24.09116696312065,0.1427171329040024,5.410754099990848,4.969709516842253,3.994296619239148e-08,2.496425686921468e-07,0.5075154146480643,0.4154440176304948
second_life,plating_x2,$\delta_{\mathrm{plating}}\times2$,68.0,3.6220199566313136,0.8137225195858035,0.0225085817367239,760.0747721141327,21.85181628388689,713.9672492789193,24.255706551326345,0.1418989475571031,5.409059043326869,4.965816294440493,4.0123788185833696e-08,2.547172334462343e-07,0.5071178319775177,0.4153138692006121
second_life,plating_x2,$\delta_{\mathrm{plating}}\times2$,69.0,3.5993120870026667,0.8086209726286095,0.0227709599808879,790.3318485380998,21.94976947183621,743.9620820439332,24.419997022330392,0.1410494726488766,5.407366263941119,4.961928966478365,4.0303647512598384e-08,2.600127139805783e-07,0.5067208512574403,0.415183895622811
second_life,plating_x2,$\delta_{\mathrm{plating}}\times2$,70.0,3.575683827832521,0.8033126510799785,0.0230449145708118,822.6241983096419,22.047181723406087,775.9930015070995,24.58401507913633,0.1401656641065564,5.4056758677405785,4.958048084193357,4.048251358477825e-08,2.655510885819988e-07,0.5063245287811664,0.4150541050287529
second_life,plating_x0p5,$\delta_{\mathrm{plating}}\times0.5$,0.0,4.451173304721826,1.0,0.0109976001018333,32.66840043385955,14.457394060807909,5.281441757774355,12.92956461527729,0.1730196110765483,5.526933335243084,5.233807663519556,2.6546325004696767e-08,2.1907631704821626e-08,0.5344855785911435,0.4243643949691191
second_life,plating_x0p5,$\delta_{\mathrm{plating}}\times0.5$,1.0,4.445866992546855,0.9988078846156492,0.011039009605714,33.251538242244,14.57136601171954,5.588172338544292,13.09199989198016,0.1728189129171511,5.5252200032128265,5.229964231887132,2.6755597605111072e-08,2.253481927467116e-08,0.5340930806409131,0.4242328433352745
second_life,plating_x0p5,$\delta_{\mathrm{plating}}\times0.5$,2.0,4.440540999517038,0.9976113477330776,0.0110806931502712,33.845994222271024,14.685230922729444,5.906290081719264,13.254473217822316,0.1726174862996072,5.523507045600149,5.226119899962182,2.6964673661389698e-08,2.3167361233498976e-08,0.5337004907512377,0.4241013204496489
second_life,plating_x0p5,$\delta_{\mathrm{plating}}\times0.5$,3.0,4.435191275489979,0.996409479447836,0.0111226216515925,34.45168095748718,14.798946022275803,6.235752242446859,13.416982692764511,0.1724151791122258,5.521794483518182,5.222274712702126,2.7173474637402563e-08,2.3804749166370823e-08,0.5333078135132476,0.423969827933333
second_life,plating_x0p5,$\delta_{\mathrm{plating}}\times0.5$,4.0,4.42982734061458,0.9952044185553048,0.0111648000420728,35.06874755281179,14.912501515275446,6.576718100016926,13.579527937519424,0.1722123487741569,5.520082322045307,5.2184286790814,2.73819825476496e-08,2.4446900071316123e-08,0.5329150498434279,0.4238383661762511
second_life,plating_x0p5,$\delta_{\mathrm{plating}}\times0.5$,5.0,4.4244502625087,0.9939964049063698,0.0112072306287512,35.69740465551108,15.025895443941865,6.929399646948733,13.742109564620486,0.1720090352523769,5.518370555799477,5.21458178460666,2.7590193797289564e-08,2.5093832145454075e-08,0.5325221982616928,0.4237069347651631
second_life,plating_x0p5,$\delta_{\mathrm{plating}}\times0.5$,6.0,4.419060795684259,0.9927856080095776,0.0112499128913621,36.33783321214122,15.139122429694286,7.293982308158698,13.904728474288238,0.1718052667504172,5.516659176380465,5.210734007977506,2.779809851029964e-08,2.5745512212229565e-08,0.5321292565928085,0.4235755330550899
second_life,plating_x0p5,$\delta_{\mathrm{plating}}\times0.5$,7.0,4.413657846116599,0.991571782081495,0.0112928412711058,36.99017019717992,15.252171395773772,7.670614054381022,14.06738474702513,0.1716010020959901,5.514948184030831,5.206885347289146,2.8005676347797094e-08,2.6401843339573563e-08,0.5317362246422542,0.4234441610646555
second_life,plating_x0p5,$\delta_{\mathrm{plating}}\times0.5$,8.0,4.408241352757221,0.9903549134069746,0.0113360160734322,37.65461380372899,15.365038711996316,8.059496664379962,14.230078427352712,0.1713962389061861,5.51323757939904,5.2030358014881415,2.821292064412389e-08,2.70628259076116e-08,0.531343102302451,0.4233128188436497
second_life,plating_x0p5,$\delta_{\mathrm{plating}}\times0.5$,9.0,4.402811086464046,0.9891349505069872,0.0113794408135443,38.3314093487394,15.477724610671926,8.460875146471459,14.392809591596016,0.1711909684971002,5.511527362786622,5.199185368768542,2.8419831825842213e-08,2.7728528756953863e-08,0.5309498893889719,0.4231815064152246
second_life,plating_x0p5,$\delta_{\mathrm{plating}}\times0.5$,10.0,4.397365583712118,0.987911564586212,0.011423132283119,39.02100702134885,15.59024788184237,8.875180834137385,14.5555783053691,0.1709851358778017,5.509817534564493,5.195334047577832,2.8626444394782268e-08,2.8399310050941734e-08,0.5305565857432716,0.4230502238078593
second_life,plating_x0p5,$\delta_{\mathrm{plating}}\times0.5$,11.0,4.391904295599752,0.9866846323284691,0.0114670977015961,39.7237313477843,15.702615930176714,9.302730776404347,14.718384641203238,0.1707787203974611,5.508108095097655,5.191481836199828,2.883277194722225e-08,2.9075313765583345e-08,0.5301631911900901,0.4229189710495791
second_life,plating_x0p5,$\delta_{\mathrm{plating}}\times0.5$,12.0,4.386428015484761,0.9854543319694196,0.0115113420801463,40.43986792457801,15.814828870604355,9.743810224643257,14.881228829330398,0.1705717517696471,5.506399043060906,5.187628729186939,2.9038814694192843e-08,2.9756619540446253e-08,0.5297697051731102,0.4227877480386336
second_life,plating_x0p5,$\delta_{\mathrm{plating}}\times0.5$,13.0,4.380929312224838,0.9842189940296252,0.0115558599725322,41.16966440669293,15.926882666405833,10.19867268645581,15.044109053831292,0.1703639512089396,5.504690398519951,5.183774769506197,2.9244565223565183e-08,3.0443249765339015e-08,0.5293761320802,0.4226565563156909
second_life,plating_x0p5,$\delta_{\mathrm{plating}}\times0.5$,14.0,4.375413095845434,0.9829797215947476,0.0116006618377744,41.91344223592041,16.038780232752718,10.667635138675733,15.207026864491958,0.1701555028920803,5.502982146328656,5.179919920487631,2.945002888810841e-08,3.1135314754070494e-08,0.5289824681665581,0.4225253947178133
second_life,plating_x0p5,$\delta_{\mathrm{plating}}\times0.5$,15.0,4.369880295862668,0.9817367234897544,0.0116457511478955,42.67147959428887,16.150520105116183,11.15097682366188,15.3699826655108,0.1699464416554897,5.501274283284514,5.1760641725673775,2.96552029986893e-08,3.183285862047329e-08,0.5285887124555062,0.4223942629991085
second_life,plating_x0p5,$\delta_{\mathrm{plating}}\times0.5$,16.0,4.364330602375361,0.9804899300922878,0.0116911324670334,43.444093968152856,16.26210313161794,11.649013810599026,15.532977025935892,0.1697367558442715,5.499566804511867,5.172207512281013,2.9860089112608924e-08,3.2535970371412775e-08,0.5281948635720337,0.4222631607852177
second_life,plating_x0p5,$\delta_{\mathrm{plating}}\times0.5$,17.0,4.358763788893003,0.97923929051902,0.0117368096164247,44.23159737202822,16.373528172498084,12.16206039367012,15.696008805860014,0.1695264369536938,5.497859723013738,5.168349966600237,3.006468513706705e-08,3.324472628998255e-08,0.5278009242705377,0.4221320890745283
second_life,plating_x0p5,$\delta_{\mathrm{plating}}\times0.5$,18.0,4.3531795937163125,0.9779847459766255,0.0117827866790557,45.03431278884816,16.48479546735095,12.69043849237992,15.859078829117289,0.1693154751447922,5.496153031220444,5.164491516032054,3.0268991512001153e-08,3.3959203704405544e-08,0.5274068925603594,0.4220010472858312
second_life,plating_x0p5,$\delta_{\mathrm{plating}}\times0.5$,19.0,4.347577762007512,0.9767262392132834,0.0118290677717534,45.852570498708616,16.595905101633775,13.234478339512291,16.022187057562547,0.1691038608488599,5.494446730579415,5.160632161479029,3.04730083943258e-08,3.467948165586624e-08,0.5270127685336704,0.4218700355302618
second_life,plating_x0p5,$\delta_{\mathrm{plating}}\times0.5$,20.0,4.341958014964531,0.9754637075933577,0.0118756572879389,46.68671276711088,16.706857460945365,13.79452175420607,16.18533355195945,0.1688915836022791,5.492740821519453,5.156771901503412,3.067673649206839e-08,3.540564479745694e-08,0.5266185520436453,0.4217390538407438
second_life,plating_x0p5,$\delta_{\mathrm{plating}}\times0.5$,21.0,4.33631951465351,0.9741969628667392,0.0119225587972749,47.53708443706927,16.817650827508437,14.370914936054456,16.348518673506373,0.1686786119834432,5.491035301310164,5.152910727558779,3.08801726510869e-08,3.6137773637829533e-08,0.526224242217508,0.4216081020076346
second_life,plating_x0p5,$\delta_{\mathrm{plating}}\times0.5$,22.0,4.330652432316089,0.972923796905888,0.0119697677804757,48.4040373498423,16.928281702165318,14.964013751713122,16.511741895963862,0.1684645775906353,5.489330176487208,5.149048652096644,3.1083310446310786e-08,3.6875951333855554e-08,0.525829840326829,0.4214771805327497
second_life,plating_x0p5,$\delta_{\mathrm{plating}}\times0.5$,23.0,4.324965457263978,0.9716461618504124,0.0120172965910994,49.28793377433368,17.038751915390147,15.574178924542853,16.67500293440068,0.1682498061884956,5.487625451051125,5.145185681858853,3.1286153238813375e-08,3.7620257490288506e-08,0.5254353470600975,0.4213462897232553
second_life,plating_x0p5,$\delta_{\mathrm{plating}}\times0.5$,24.0,4.319259528656176,0.9703642686916468,0.0120651505387323,50.18914268623091,17.149061265453167,16.20177983027288,16.838301590504862,0.1680343329864796,5.4859211282707925,5.141321821537728,3.1488700658183235e-08,3.837077286980927e-08,0.5250407628965016,0.4212154298301395
second_life,plating_x0p5,$\delta_{\mathrm{plating}}\times0.5$,25.0,4.313534293795063,0.9690780381925918,0.012113334922168,51.108062057970514,17.259210251635288,16.847213920110775,17.001637886224447,0.1678181447711189,5.484217209918001,5.137457070613949,3.1690953621188166e-08,3.912760171061287e-08,0.5246460877830074,0.4210846009894426
second_life,plating_x0p5,$\delta_{\mathrm{plating}}\times0.5$,26.0,4.307789439692818,0.9677874000374448,0.012161854497353,52.0450894792606,17.36919649755827,17.510881071630347,17.165011910071982,0.1676012298198287,5.48251369666886,5.133591426993194,3.1892907764378685e-08,3.989084013902166e-08,0.5242513215057389,0.420953803253077
second_life,plating_x0p5,$\delta_{\mathrm{plating}}\times0.5$,27.0,4.30202522586839,0.9664924125296988,0.0122107155095277,53.00064808319684,17.479021958139164,18.193202534365792,17.32842359069188,0.1673835978650376,5.480810590338701,5.129724892363829,3.2094566677327194e-08,4.066059794520944e-08,0.5238564642371153,0.4208230367604259
second_life,plating_x0p5,$\delta_{\mathrm{plating}}\times0.5$,28.0,4.29624267488947,0.9651933053992742,0.012259924805419,53.97517014165823,17.58868740961335,18.894609680363388,17.491873051681495,0.1671652872216975,5.479107890764206,5.1258574638013785,3.2295931785338774e-08,4.143698481800257e-08,0.5234615156784839,0.4206923014989497
second_life,plating_x0p5,$\delta_{\mathrm{plating}}\times0.5$,29.0,4.290439516422935,0.9638895685934348,0.012309485497616,54.969083032101096,17.69819120508066,19.61553286649884,17.655358960521596,0.1669462128479182,5.47740561281527,5.121989172834995,3.2497000064414285e-08,4.22200981970544e-08,0.5230664790496568,0.4205615986103761
second_life,plating_x0p5,$\delta_{\mathrm{plating}}\times0.5$,30.0,4.284615417984138,0.9625811274162246,0.012359402623904,55.982827442191336,17.807532309109977,20.356415498479752,17.81887963460161,0.1667263623214983,5.475703775029003,5.118120059277451,3.2697769613319585e-08,4.301003908482726e-08,0.5226713584163838,0.4204309295180063
second_life,plating_x0p5,$\delta_{\mathrm{plating}}\times0.5$,31.0,4.278770006613264,0.9612678980785412,0.0124096817499803,57.016862310363,17.91671230776036,21.117712598047127,17.982437404555508,0.1665057216659524,5.474002354180315,5.114250067982891,3.2898243344338814e-08,4.380691008573682e-08,0.5222761481470739,0.4203002924385906
second_life,plating_x0p5,$\delta_{\mathrm{plating}}\times0.5$,32.0,4.272902036099908,0.9599496006069216,0.0124603276302391,58.07165775437647,18.0257305091666,21.899894048620485,18.14603319658938,0.1662842442151808,5.47230134167987,5.110379177036064,3.3098419987085445e-08,4.4610818411833656e-08,0.5218808460037034,0.4201696867126298
second_life,plating_x0p5,$\delta_{\mathrm{plating}}\times0.5$,33.0,4.267008279472591,0.958625510030384,0.0125113433011605,59.14769426309456,18.134586481936243,22.703440120551708,18.309667660606607,0.1660618091357288,5.470600731822705,5.106507371059403,3.3298298749446844e-08,4.5421870837508233e-08,0.5214854504158885,0.4200391119020902
second_life,plating_x0p5,$\delta_{\mathrm{plating}}\times0.5$,34.0,4.261090381634345,0.9572959958926244,0.0125627362762247,60.2454661552484,18.243281745878743,23.528843926300347,18.473340483069304,0.1658384780826808,5.468900528916322,5.102634657471628,3.3497882422061194e-08,4.6240175986329853e-08,0.5210899621412414,0.4199085683377069
second_life,plating_x0p5,$\delta_{\mathrm{plating}}\times0.5$,35.0,4.255149720109944,0.9559613676681744,0.012614513936155,61.36548264470942,18.35181604227402,24.37661510514652,18.63705149728888,0.1656143026781156,5.467200735728627,5.098761040216807,3.369717052987279e-08,4.7065847562747296e-08,0.5206943815825376,0.4197780562320028
second_life,plating_x0p5,$\delta_{\mathrm{plating}}\times0.5$,36.0,4.249185914621297,0.9546215399238084,0.012666682256351,62.50826705244742,18.46018933224976,25.24727703578155,18.80080068441611,0.1653892687081571,5.4655013534853145,5.094886519740939,3.3896163001505234e-08,4.7899001100374167e-08,0.520298708785323,0.4196475756790881
second_life,plating_x0p5,$\delta_{\mathrm{plating}}\times0.5$,37.0,4.243198573861804,0.9532764247486384,0.0127192473587713,63.67435767502427,18.568401728100152,26.141367669216248,18.96458827770787,0.1651633615457009,5.463802380787887,5.0910110905248604,3.409486004315042e-08,4.873975440751412e-08,0.5199029431859712,0.4195171265715848
second_life,plating_x0p5,$\delta_{\mathrm{plating}}\times0.5$,38.0,4.237187299232046,0.951925932593372,0.012772215492057,64.86430794241588,18.67645335514317,27.05944017081273,19.128414416459982,0.1649365662939152,5.462103817237714,5.087134749272648,3.4293261884914294e-08,4.9588227785175974e-08,0.5195070844478967,0.4193867088788854
second_life,plating_x0p5,$\delta_{\mathrm{plating}}\times0.5$,39.0,4.231151058652668,0.9505698315911992,0.0128255923090819,66.0786833283843,18.784343550545447,28.00206081848581,19.292278959353045,0.1647088443464086,5.460405665473649,5.083257499328106,3.4491367309717864e-08,5.0444541743489584e-08,0.5191111329125746,0.4192563228036042
second_life,plating_x0p5,$\delta_{\mathrm{plating}}\times0.5$,40.0,4.22507953010979,0.9492058027998608,0.0128793752746963,67.31805900199248,18.892070811462165,28.969808423073854,19.45617976745645,0.1644798093715747,5.458707948498475,5.079379391301135,3.468917355807305e-08,5.1308816288380083e-08,0.5187150937483764,0.4191259701119217
second_life,plating_x0p5,$\delta_{\mathrm{plating}}\times0.5$,41.0,4.218983913027603,0.947836362280499,0.0129335577583223,68.5824683084361,18.99961669428564,29.962733819328736,19.62011779482173,0.1642498806737267,5.457010657299956,5.075500402617627,3.488664676426367e-08,5.218070012974505e-08,0.5183189646499947,0.418995650111868
second_life,plating_x0p5,$\delta_{\mathrm{plating}}\times0.5$,42.0,4.212861034638412,0.9464607972395478,0.0129881879473948,69.87357467260267,19.1070247101381,30.98245651550879,19.78409344695578,0.1640189395197509,5.4553137887978345,5.071620523682756,3.508386682238317e-08,5.306120497895104e-08,0.5179227446375891,0.4188653625669372
second_life,plating_x0p5,$\delta_{\mathrm{plating}}\times0.5$,43.0,4.2067117001507714,0.9450792885750532,0.0130432587959772,71.1916675586843,19.214275774870373,32.02928527206983,19.948106511744104,0.1637870160919616,5.453617346166639,5.06773975951543,3.5280798690568246e-08,5.3950168771687246e-08,0.5175264342236993,0.4187351077208734
second_life,plating_x0p5,$\delta_{\mathrm{plating}}\times0.5$,44.0,4.2005358479314365,0.9436918224404984,0.0130987731841366,72.53729130411182,19.321367082753103,33.1037671506149,20.112157070743816,0.1635541081187275,5.45192132946005,5.063858108185898,3.547743721700502e-08,5.4847633400048666e-08,0.5171300332112558,0.4186048855777982
second_life,plating_x0p5,$\delta_{\mathrm{plating}}\times0.5$,45.0,4.194333017413479,0.9422982953649794,0.013154738468621,73.91112205816717,19.428300254735152,34.206576908726724,20.27624489470528,0.1633201984012742,5.450225741940422,5.059975575118511,3.5673785378041445e-08,5.575373824988152e-08,0.5167335421542026,0.4184746963881989
second_life,plating_x0p5,$\delta_{\mathrm{plating}}\times0.5$,46.0,4.188102688944494,0.940898590603456,0.0132111624310991,75.313868867633,19.53507309162717,35.3384258174756,20.440369958530223,0.1630852675293999,5.448530584642357,5.0560921609071245,3.5869839135578073e-08,5.666863915871992e-08,0.5163369611131855,0.4183445402315137
second_life,plating_x0p5,$\delta_{\mathrm{plating}}\times0.5$,47.0,4.181843854845972,0.9394924817710092,0.0132680522832735,76.74625132610527,19.64168471441928,36.50003430943143,20.60453230225457,0.1628492778344993,5.446835858308133,5.052207864604436,3.606559687559772e-08,5.759248530648489e-08,0.5159402899914642,0.4182144171647354
second_life,plating_x0p5,$\delta_{\mathrm{plating}}\times0.5$,48.0,4.175558366116171,0.9380803847126596,0.0133254165449211,78.2089748111017,19.748133984854903,37.69210900889329,20.7687318173535,0.1626122986120803,5.445141564969014,5.048322688778287,3.626105650806063e-08,5.852540167699357e-08,0.5155435290512711,0.4180843273438269
second_life,plating_x0p5,$\delta_{\mathrm{plating}}\times0.5$,49.0,4.169245037035532,0.93666203304481,0.0133832629488433,79.70280892155262,19.854420876240525,38.91541948820529,20.93296855710681,0.1623742855256252,5.443447704898382,5.044436632168004,3.6456217983952784e-08,5.9467549394943464e-08,0.5151466781638643,0.4179542707897786
second_life,plating_x0p5,$\delta_{\mathrm{plating}}\times0.5$,50.0,4.162897489436057,0.9352359938490904,0.0134415955526986,81.22857065824799,19.96054235446872,40.170791476646976,21.097236827132296,0.1621350000599458,5.4417543377286695,5.040549829510141,3.665107573211788e-08,6.04191175840839e-08,0.5147497510887755,0.4178242520812384
second_life,plating_x0p5,$\delta_{\mathrm{plating}}\times0.5$,51.0,4.156518273040219,0.9338028399458104,0.0135004253261766,82.78706282280984,20.066500290849184,41.45902201505251,21.261540516908145,0.1618945376213818,5.440061424049145,5.036662188774541,3.6845633188610544e-08,6.138025812366024e-08,0.5143527384277248,0.4176942681922045
second_life,plating_x0p5,$\delta_{\mathrm{plating}}\times0.5$,52.0,4.15010855987101,0.9323628346414988,0.0135597620047038,84.37910821743506,20.172294918816043,42.780931224401655,21.425882074217363,0.1616529420726246,5.438368939784366,5.032773652043449,3.703989078205696e-08,6.23511259846861e-08,0.5139556342660497,0.4175643172741361
second_life,plating_x0p5,$\delta_{\mathrm{plating}}\times0.5$,53.0,4.143667620961985,0.9309158141666516,0.0136196155000627,86.00560376342756,20.277926832782708,44.13741538158749,21.59026154905736,0.1614101861849474,5.4366768851519005,5.028884218133862,3.7233849603905007e-08,6.333191683787362e-08,0.5135584384829399,0.4174343993437384
second_life,plating_x0p5,$\delta_{\mathrm{plating}}\times0.5$,54.0,4.1371948310532405,0.9294616380504628,0.013679995331383,87.66745511130972,20.38339578227605,45.52938043446972,21.75467889456396,0.1611662466125955,5.434985261428324,5.024993888154647,3.742750919424184e-08,6.432281671844205e-08,0.5131611511916349,0.4173045144990283
second_life,plating_x0p5,$\delta_{\mathrm{plating}}\times0.5$,55.0,4.130689294602104,0.9280001051004346,0.0137409106471019,89.36558596574993,20.488700965812168,46.95775103066925,21.91913396926851,0.1609210899044365,5.433294070887508,5.021102665453137,3.762086808140168e-08,6.532400874444132e-08,0.5127637727339701,0.4171746629145964
second_life,plating_x0p5,$\delta_{\mathrm{plating}}\times0.5$,56.0,4.124145185303087,0.9265299063795548,0.0138023664234758,91.1009402343942,20.59384033490745,48.42347309287147,22.08362680661526,0.1606744982130824,5.431603313928487,5.017210549237999,3.781392250400737e-08,6.633567481704957e-08,0.5123663030291332,0.417044844621081
second_life,plating_x0p5,$\delta_{\mathrm{plating}}\times0.5$,57.0,4.117561025851953,0.9250507099968504,0.0138643713578532,92.8744870713636,20.698812363813083,49.92751812237734,22.24815658517318,0.160426416377527,5.429912999776721,5.013317558945366,3.8006669660515016e-08,6.735799833362319e-08,0.5119687440619762,0.4169150603268236
second_life,plating_x0p5,$\delta_{\mathrm{plating}}\times0.5$,58.0,4.110942296989173,0.9235637472547442,0.0139269411433332,94.68725588085962,20.80361758011129,51.470915304517824,22.412722996230507,0.1601770494241548,5.4282231324394985,5.009423701879766,3.819911051965864e-08,6.8391185123477e-08,0.51157109657845,0.4167853103395086
second_life,plating_x0p5,$\delta_{\mathrm{plating}}\times0.5$,59.0,4.104288477441261,0.922068901044004,0.0139900867586503,96.54031714905317,20.90825220533566,53.05473927037836,22.577325673339143,0.1599263779077709,5.426533716417126,5.005528986711839,3.839123814350757e-08,6.94354534687819e-08,0.5111733614640157,0.4166555950046748
second_life,plating_x0p5,$\delta_{\mathrm{plating}}\times0.5$,60.0,4.09759889868237,0.920566021173702,0.0140538187814266,98.43474682352868,21.012718442328687,54.680063674175535,22.74196470702447,0.1596743768726528,5.424844751489752,5.001633411299637,3.858305657686912e-08,7.049100292905308e-08,0.5107755384999337,0.4165259143054417
second_life,plating_x0p5,$\delta_{\mathrm{plating}}\times0.5$,61.0,4.090872841843359,0.9190549461427936,0.0141181482794384,100.37166948579328,21.11701595136244,56.34801366242701,22.90663987200383,0.1594210194858105,5.423156240655239,4.9977369809736425,3.8774565195942846e-08,7.15580487118175e-08,0.5103776282305623,0.4163962684719887
second_life,plating_x0p5,$\delta_{\mathrm{plating}}\times0.5$,62.0,4.084109512009067,0.9175354973657448,0.0141830872135116,102.35226970781343,21.22114437125468,58.05977425077954,23.07135108577922,0.1591662760711827,5.421468185418752,4.993839697685867,3.8965763337534523e-08,7.263682543798164e-08,0.5099796308552442,0.4162666576198841
second_life,plating_x0p5,$\delta_{\mathrm{plating}}\times0.5$,63.0,4.077308214299213,0.9160075187308444,0.014248646499111,104.37772431708484,21.32510226141524,59.81652388042296,23.23609817524663,0.1589101206954421,5.419780588195387,4.9899415655321775,3.9156648356466535e-08,7.372754441922262e-08,0.5095815467922566,0.4161370819345618
second_life,plating_x0p5,$\delta_{\mathrm{plating}}\times0.5$,64.0,4.07046784751841,0.914470762843684,0.0143148376336584,106.44926987699742,21.42888846474836,61.61950053033166,23.4008808819174,0.1586525122384134,5.418093452238058,4.986042590628755,3.9347218128107015e-08,7.483043514743997e-08,0.5091833766661946,0.4160075416657843
second_life,plating_x0p5,$\delta_{\mathrm{plating}}\times0.5$,65.0,4.063582919869375,0.9129239959178193,0.0143816686190277,108.56818451718924,21.5324981946378,63.46998954330368,23.565696779247794,0.1583932454868908,5.416406802910156,4.982142830390806,3.953746386338443e-08,7.594573634119353e-08,0.5087851263403993,0.4158780387609824
second_life,plating_x0p5,$\delta_{\mathrm{plating}}\times0.5$,66.0,4.056657570982867,0.911368147962144,0.0144491565748538,110.73580838104525,21.635932078503004,65.36932752395722,23.730548778585003,0.1581324752094777,5.414720611082636,4.978242215932039,3.972738671435156e-08,7.707369720268984e-08,0.5083867887800823,0.4157485709835941
second_life,plating_x0p5,$\delta_{\mathrm{plating}}\times0.5$,67.0,4.049692032103772,0.9098032709281032,0.0145173154141542,112.95351450318792,21.7391924486459,67.31888539016592,23.89543666437612,0.1578702100937392,5.413034879521145,4.974340752352719,3.991699096352601e-08,7.821456642491363e-08,0.5079883645060914,0.4156191385459689
second_life,plating_x0p5,$\delta_{\mathrm{plating}}\times0.5$,68.0,4.042684406953221,0.9082289387979392,0.0145861577377944,115.22273644888826,21.84227755173535,69.32010063309014,24.06035826406277,0.1576063793277204,5.41134963087768,4.970438491058424,4.010627339148262e-08,7.936861029544087e-08,0.5075898587680543,0.4154897431873536
second_life,plating_x0p5,$\delta_{\mathrm{plating}}\times0.5$,69.0,4.035633775336817,0.9066449448409024,0.0146556979022108,117.54496601159715,21.94518854118113,71.37446129736387,24.22531617305215,0.1573409485323152,5.409664839104579,4.966535370638417,4.029523611608515e-08,8.053610198066041e-08,0.5071912652945992,0.4153603829077784
second_life,plating_x0p5,$\delta_{\mathrm{plating}}\times0.5$,70.0,4.028539229244548,0.905051085063584,0.0147259498999481,119.92172598796228,22.04792516113216,73.48349050604827,24.390310320781868,0.1570738838162106,5.407980505380236,4.962631392762298,4.048387866754587e-08,8.171731199045024e-08,0.5067925842562285,0.4152310577977215
second_life,plating_x0p5,$\delta_{\mathrm{plating}}\times0.5$,71.0,4.021399238320305,0.9034470156563856,0.0147969278900423,122.3546054873969,22.150486299383203,75.64877896394809,24.55534022406561,0.156805128037188,5.406296635055423,4.958726568862888,4.067219900365987e-08,8.291252573422566e-08,0.5063938168204819,0.4151017682680217
second_life,plating_x0p5,$\delta_{\mathrm{plating}}\times0.5$,72.0,4.014202402366456,0.9018301754524296,0.0148686385419128,124.84523907247012,22.25287171540166,77.8719617567362,24.72040560033228,0.1565342552362051,5.404613231392829,4.95482090562619,4.086019668276686e-08,8.412202947284365e-08,0.5059949636701456,0.414972514569192
second_life,plating_x0p5,$\delta_{\mathrm{plating}}\times0.5$,73.0,4.00695772597853,0.9002025874229452,0.014941105115696,127.3953286750783,22.35508118533174,80.15474197291661,24.885505516829955,0.1562616019906445,5.402930304236207,4.9509144251223365,4.104787129382813e-08,8.534612236041075e-08,0.5055960270590603,0.4148432974570472
second_life,plating_x0p5,$\delta_{\mathrm{plating}}\times0.5$,74.0,3.999665159891816,0.8985642405001286,0.015014344388466,130.0066443157466,22.45711450968856,82.49889013884368,25.050639667214373,0.1559871665081585,5.401247856990832,4.9470071345998345,4.123522247055426e-08,8.658511474816033e-08,0.505197007727456,0.4147141171930483
second_life,plating_x0p5,$\delta_{\mathrm{plating}}\times0.5$,75.0,3.992323637625346,0.8969148950885084,0.015088372895008,132.6810161329527,22.55897454522757,84.90623370935464,25.215807878370484,0.1557109089830405,5.399565891656561,4.943099038154815,4.1422255458452054e-08,8.78393214469133e-08,0.5047979060936367,0.4145849739307467
second_life,plating_x0p5,$\delta_{\mathrm{plating}}\times0.5$,76.0,3.9849320418780594,0.8952543001753771,0.0151632077058307,135.42035183759188,22.660661510253348,87.37868032137071,25.381010005967816,0.1554327877118299,5.397884409892089,4.939190139202324,4.1608970658367174e-08,8.910907274207388e-08,0.5043987225063531,0.4144558677974988
second_life,plating_x0p5,$\delta_{\mathrm{plating}}\times0.5$,77.0,3.9774885152916655,0.8935820384868698,0.0152388657200637,138.2266383078756,22.76217140850299,89.91822187945685,25.54624501991575,0.1551527333539789,5.396203422314775,4.935280462115657,4.1795360732456243e-08,9.039471481148312e-08,0.5039994594546485,0.4143267996085181
second_life,plating_x0p5,$\delta_{\mathrm{plating}}\times0.5$,78.0,3.969987378664364,0.8918968341342679,0.0153153608925536,141.10192018744883,22.8635011312852,92.52691167733728,25.711507378826383,0.1548705338472471,5.3945229853283125,4.931370138011318,4.19814199726138e-08,9.169659669481093e-08,0.5036001303283694,0.4141977736945457
second_life,plating_x0p5,$\delta_{\mathrm{plating}}\times0.5$,79.0,3.962432384809064,0.890199530224019,0.0153927166732859,144.0483486587366,22.964654841474257,95.2068903039436,25.876803513318745,0.154586329373199,5.392843033528552,4.927459014732429,4.2167156022611154e-08,9.30150821476984e-08,0.5032007195889895,0.4140687850337748
second_life,plating_x0p5,$\delta_{\mathrm{plating}}\times0.5$,80.0,3.9548224389488658,0.8884898808036907,0.0154709525850272,147.068154601312,23.06562997915021,97.96039075426344,26.042133867898343,0.1543000790685121,5.391163562405357,4.923547081761407,4.235256418198383e-08,9.435055045433465e-08,0.5028012261624349,0.413939833279912
second_life,plating_x0p5,$\delta_{\mathrm{plating}}\times0.5$,81.0,3.947156388876961,0.8867676270186555,0.0155500886755007,150.1636549360709,23.16642416911237,100.78973258475516,26.207498182203366,0.1540117399330436,5.3894845743469775,4.9196343452587525,4.2537640089444507e-08,9.570339191712665e-08,0.5024016506778269,0.4138109186163297
second_life,plating_x0p5,$\delta_{\mathrm{plating}}\times0.5$,82.0,3.9394335795754896,0.8850326217126885,0.0156301459722685,153.33723602948157,23.2670423234658,103.69729793534717,26.372895770668617,0.153721287544051,5.387806076037186,4.915720821445838,4.272239276448432e-08,9.707399518466277e-08,0.5020019947917203,0.4136820415562158
second_life,plating_x0p5,$\delta_{\mathrm{plating}}\times0.5$,83.0,3.931652044468053,0.8832844230749987,0.0157111453234664,156.5913994172782,23.36748413274116,106.68558918378676,26.53832610075031,0.153428648485511,5.386128072906136,4.911806522923347,4.290682163886296e-08,9.846277327725945e-08,0.5016022597909188,0.413553202516504
second_life,plating_x0p5,$\delta_{\mathrm{plating}}\times0.5$,84.0,3.923810118823492,0.8815226571073058,0.0157931084599171,159.92874450547976,23.467749009410657,109.7572065882696,26.7037889077995,0.1531337606166682,5.38445056745021,4.907891455953222,4.3090925633775844e-08,9.987015099929877e-08,0.5012024463149028,0.4134244016888692
second_life,plating_x0p5,$\delta_{\mathrm{plating}}\times0.5$,85.0,3.915903188527445,0.8797462872032943,0.0158760392429348,163.35122757990868,23.5678269442324,112.91411691701806,26.869283718658213,0.152836451643453,5.382773564180082,4.903975631731,4.32746863704897e-08,1.0129623530123425e-07,0.5008025555069804,0.4132956394196464
second_life,plating_x0p5,$\delta_{\mathrm{plating}}\times0.5$,86.0,3.907927015338927,0.8779543612003107,0.0159599450237428,166.86098475076736,23.667709591986053,116.15846489339094,27.034810265390345,0.1525365633246514,5.381097065464982,4.9000590565964,4.34580885257084e-08,1.0274119571626161e-07,0.5004025880145746,0.4131669158907478
second_life,plating_x0p5,$\delta_{\mathrm{plating}}\times0.5$,87.0,3.8998859277203697,0.8761478515301464,0.0160448833509036,170.46225093872266,23.767413005628864,119.49446999655692,27.200367936536885,0.1522342573785661,5.379421076854944,4.896141745017346,4.364116157549231e-08,1.0420608683497144e-07,0.500002545315175,0.4130382315283115
second_life,plating_x0p5,$\delta_{\mathrm{plating}}\times0.5$,88.0,3.891776150753085,0.8743259101200733,0.0161308777097642,174.158092562682,23.86693496653081,122.92520327396834,27.36595432218288,0.1519293928890679,5.377745622133014,4.892223754015583,4.3823901446045446e-08,1.0569140018232241e-07,0.4996024332319419,0.4129095881584275
second_life,plating_x0p5,$\delta_{\mathrm{plating}}\times0.5$,89.0,3.883594418837363,0.8724878033208969,0.0162179518841173,177.9516515122285,23.96627372592872,126.45380964398744,27.53156814231232,0.1516218479582047,5.3760707135062455,4.88830511387797,4.4006304926330254e-08,1.0719761986538984e-07,0.4992022548578222,0.4127809867183676
second_life,plating_x0p5,$\delta_{\mathrm{plating}}\times0.5$,90.0,3.8753425324935296,0.8706339356372729,0.0163061352959972,181.846232612381,24.06543043154701,130.08358924531043,27.697212935523527,0.1513116898249343,5.374396314376857,4.88438574087663,4.4188374123771166e-08,1.0872525615648828e-07,0.4988020016423789,0.4126524243981114
second_life,plating_x0p5,$\delta_{\mathrm{plating}}\times0.5$,91.0,3.86701886826965,0.8687639423447067,0.0163954555483881,185.84528436227995,24.164404119984447,133.81799140823543,27.862888834060083,0.1509988578942379,5.372722422520424,4.880465631882508,4.437010726939359e-08,1.1027484024240365e-07,0.4984016732660673,0.4125239010268651
second_life,plating_x0p5,$\delta_{\mathrm{plating}}\times0.5$,92.0,3.8586215745379686,0.8668774074567539,0.0164859408434804,189.9523995994936,24.263192880153746,137.66061219715343,28.0285945221864,0.1506832830684707,5.371049050224606,4.876544818027631,4.45515008541043e-08,1.118469207675387e-07,0.4980012729081446,0.4123954175480895
second_life,plating_x0p5,$\delta_{\mathrm{plating}}\times0.5$,93.0,3.8501487185402414,0.8649738967602059,0.0165776203977547,194.1713295395629,24.36179360591157,141.61520607195217,28.19432986169916,0.1503648932073296,5.369376197746052,4.872623302582072,4.4732549174476366e-08,1.1344206623715825e-07,0.4976008009025562,0.4122669739814905
second_life,plating_x0p5,$\delta_{\mathrm{plating}}\times0.5$,94.0,3.84159829782281,0.8630529603840911,0.0166705244994626,198.5059951981981,24.46020284018447,145.68569827388023,28.36009408413334,0.1500436135768092,5.367703871571772,4.868701103728721,4.491324588271327e-08,1.1506086742563289e-07,0.4972002591061706,0.412138570825148
second_life,plating_x0p5,$\delta_{\mathrm{plating}}\times0.5$,95.0,3.8329680675219504,0.8611140939976252,0.016764688771785,202.96070080744445,24.55842418308729,149.87639007508218,28.525886549274947,0.1497193603912937,5.366032076796791,4.864778236615881,4.5093597589260745e-08,1.1670401458212697e-07,0.4967996490659589,0.4120102084702642
second_life,plating_x0p5,$\delta_{\mathrm{plating}}\times0.5$,96.0,3.824255488549682,0.8591567271696415,0.016860155079056,207.54023754292425,24.656459693273504,154.19207105052368,28.691706799127005,0.1493920388792068,5.364360816579866,4.86085471208036,4.527360807416959e-08,1.183723323215776e-07,0.496398971888595,0.4118818871593723
second_life,plating_x0p5,$\delta_{\mathrm{plating}}\times0.5$,97.0,3.815458127041,0.8571803131083536,0.0169569427075786,212.24832373091027,24.754302801221552,158.63646677817513,28.85755415151361,0.1490615582025601,5.362690096009331,4.856930546263333,4.545326527463975e-08,1.2006618128728028e-07,0.4959982292224439,0.4117536072831601
second_life,plating_x0p5,$\delta_{\mathrm{plating}}\times0.5$,98.0,3.806561043975528,0.8551814956154392,0.0170550771248272,217.089591506128,24.85195017575076,163.21421676152707,29.02342456885009,0.1487273606836743,5.361019953883673,4.853005834699351,4.563256307403603e-08,1.217862271259185e-07,0.4955974308236606,0.4116253718206211
second_life,plating_x0p5,$\delta_{\mathrm{plating}}\times0.5$,99.0,3.79757117350714,0.8531618325169811,0.0171546005788044,222.0688636577396,24.94940463194588,167.930138646657,29.1893203791367,0.1483897052340308,5.359350364723861,4.849080522304873,4.581150664135047e-08,1.2353314754631436e-07,0.4951965710670178,0.4114971788154454
second_life,plating_x0p5,$\delta_{\mathrm{plating}}\times0.5$,100.0,3.7884903635511193,0.8511217389653802,0.0172555533606714,227.19121829803063,25.046664477151367,172.78931074344467,29.35524307743464,0.1480486608537931,5.357681311298365,4.845154573704792,4.599009286856901e-08,1.2530765997849445e-07,0.4947956463399478,0.411369026944576
second_life,plating_x0p5,$\delta_{\mathrm{plating}}\times0.5$,101.0,3.77931605746228,0.8490606405850708,0.0173579743849714,232.46198402495733,25.143728930589536,177.79706316153627,29.52119193283153,0.1477041321220316,5.356012798585925,4.841228006193451,4.616832032204613e-08,1.2711051413744228e-07,0.4943946584085792,0.4112409165902864
second_life,plating_x0p5,$\delta_{\mathrm{plating}}\times0.5$,102.0,3.770045711728536,0.846977965950967,0.0174619030332183,237.88666311175547,25.240600964543468,182.9588966931496,29.687165454062463,0.1473560241181075,5.354344838955721,4.837300855056136,4.6346194459417686e-08,1.289424595903857e-07,0.4939936108763068,0.4111128487022967
second_life,plating_x0p5,$\delta_{\mathrm{plating}}\times0.5$,103.0,3.760676611738039,0.8448731051987337,0.0175673806461165,243.4710686777641,25.337277866295675,188.2806282239682,29.853162587500226,0.1470042355291626,5.352677440164682,4.833373145223047,4.6523710299656064e-08,1.3080429463209984e-07,0.4935925062890463,0.410984823876193
second_life,plating_x0p5,$\delta_{\mathrm{plating}}\times0.5$,104.0,3.7512076088466673,0.8427458002741363,0.0176744302144933,249.2200334864208,25.433750930866687,193.76710015926267,30.019182396291388,0.1466487234991122,5.351010608660491,4.8294448988613645,4.670085185888376e-08,1.326964192383358e-07,0.4931913469105489,0.4108568426070358
second_life,plating_x0p5,$\delta_{\mathrm{plating}}\times0.5$,105.0,3.7416382715079775,0.8405959542260081,0.0177830664869115,255.13798255091424,25.53001028859106,199.4227497548576,30.18522250746564,0.1462894719534971,5.349344365140976,4.825516172118677,4.687760101465464e-08,1.346190538840741e-07,0.4927901384747044,0.4107289064840286
second_life,plating_x0p5,$\delta_{\mathrm{plating}}\times0.5$,106.0,3.7319609808181977,0.8384218553924457,0.0178933804844203,261.23437777919844,25.62607071984126,205.25702312669364,30.35128393266352,0.1459261964764723,5.347678695594546,4.821586941058244,4.705398490633897e-08,1.3657405268907445e-07,0.4923888785370509,0.410601014431345
second_life,plating_x0p5,$\delta_{\mathrm{plating}}\times0.5$,107.0,3.722171171721489,0.8362224781886141,0.0180053821790647,267.5138923824353,25.721921109302656,211.2746064303735,30.51736484275914,0.1455587266945017,5.34601361419974,4.817657248959581,4.7229983124258944e-08,1.3856158242800425e-07,0.4919875715173684,0.41047316753763
second_life,plating_x0p5,$\delta_{\mathrm{plating}}\times0.5$,108.0,3.712270704561417,0.8339982405590504,0.0181191139128006,273.9830536346694,25.81755987485717,217.4820268749248,30.68346688488741,0.1451871320365656,5.344349100241995,4.813727056849317,4.7405592763366775e-08,1.405823729761157e-07,0.4915862134356279,0.410345364212395
second_life,plating_x0p5,$\delta_{\mathrm{plating}}\times0.5$,109.0,3.702243988498641,0.8317456398678709,0.0182346705256138,280.6526706946025,25.912997482112143,223.8900833587113,30.84958985377904,0.1448108305536001,5.342685151603284,4.809796369584394,4.7580833040363096e-08,1.4263845065076758e-07,0.4911848047878289,0.4102176042930155
second_life,plating_x0p5,$\delta_{\mathrm{plating}}\times0.5$,110.0,3.69209355505528,0.8294652448464964,0.0183521125066569,287.5310067131633,26.00823318070097,230.50704295473403,31.01573057772836,0.1444299167933248,5.341021795147054,4.805865262211524,4.775570257744252e-08,1.447309069345677e-07,0.4907833532378728,0.4100898898420985
second_life,plating_x0p5,$\delta_{\mathrm{plating}}\times0.5$,111.0,3.681818043976143,0.8271567499001785,0.0184715033206725,294.62695154357067,26.10326635329677,237.34179783005035,31.18188736022355,0.1440443400083221,5.339359042509808,4.8019337748724045,4.7930200241084043e-08,1.46860937999734e-07,0.4903818628850996,0.409962221753108
second_life,plating_x0p5,$\delta_{\mathrm{plating}}\times0.5$,112.0,3.671413342131151,0.824819230973662,0.0185929047275685,301.9496969674481,26.198094747985337,244.4035436832958,31.34805853616701,0.1436539466955959,5.337696904508075,4.798001946965425,4.8104321896376016e-08,1.4902973634711132e-07,0.489980337752942,0.4098346008565499
second_life,plating_x0p5,$\delta_{\mathrm{plating}}\times0.5$,113.0,3.6608759844905103,0.822451909613817,0.0187163746915342,309.50844894702,26.29271468638693,251.7014907174762,31.514243543156816,0.1432586075287019,5.336035380382033,4.794069791797754,4.8278060789164586e-08,1.5123840122208565e-07,0.4895787792003509,0.4097070270940841
second_life,plating_x0p5,$\delta_{\mathrm{plating}}\times0.5$,114.0,3.650198104216772,0.8200530184579927,0.0188419824969932,317.31371284793494,26.3871216268196,259.2461542455999,31.68043697551545,0.1428580289500944,5.3343745169864825,4.790137437274809,4.8451408580120814e-08,1.534883244467641e-07,0.4891772002892511,0.409579504063277
second_life,plating_x0p5,$\delta_{\mathrm{plating}}\times0.5$,115.0,3.6393739977231214,0.8176212761391378,0.0189698046852896,325.3767352359607,26.48131377396042,267.0487839869579,31.84663747504237,0.142451998101906,5.332714322636482,4.786204915533395,4.862436197271519e-08,1.5578099958422965e-07,0.4887756043015094,0.4094520324025684
second_life,plating_x0p5,$\delta_{\mathrm{plating}}\times0.5$,116.0,3.628402033262513,0.8151563160691782,0.0190999160604376,333.70886444033005,26.575282869052813,275.1207332677876,32.01284830348964,0.1420404540441794,5.331054761585129,4.782272149396184,4.879690580241423e-08,1.5811782946052268e-07,0.4883739833556419,0.4093246093672694
second_life,plating_x0p5,$\delta_{\mathrm{plating}}\times0.5$,117.0,3.617276716544798,0.8126569039016237,0.0192323980908167,342.3224828147356,26.669027422498782,283.4743885706156,32.1790668216212,0.1416231917415755,5.329395852064717,4.778339201310959,4.896903733405333e-08,1.605003920023677e-07,0.4879723438289255,0.4091972363572769
second_life,plating_x0p5,$\delta_{\mathrm{plating}}\times0.5$,118.0,3.605991784163472,0.8101216325004058,0.0193673414513745,351.23113462947924,26.76254376941677,292.12330118554087,32.34528967452159,0.1411999774642927,5.327737618558177,4.77440615065942,4.914074983826365e-08,1.6293046003309862e-07,0.4875706938279581,0.4090699152524187
second_life,plating_x0p5,$\delta_{\mathrm{plating}}\times0.5$,119.0,3.594532121591779,0.8075471062379624,0.0195047905030524,360.445806777044,26.855816498362344,301.07847679227325,32.511513486408404,0.1407702471575315,5.326080085487967,4.770473077317004,4.9312015016915486e-08,1.6540896300247494e-07,0.4871690415097587,0.4089426479278799
second_life,plating_x0p5,$\delta_{\mathrm{plating}}\times0.5$,120.0,3.582902180660891,0.8049343252620901,0.0196448506406183,369.98156417938793,26.94884058160258,310.3549885520922,32.677735045693154,0.1403341669980886,5.324423274482591,4.766540057274107,4.948282363820455e-08,1.67937834606186e-07,0.4867673946345992,0.4088154360443221
second_life,plating_x0p5,$\delta_{\mathrm{plating}}\times0.5$,121.0,3.5710907051747323,0.802280760757282,0.0197876904924025,379.8595312349275,27.041621795152523,319.97395844924586,32.84395099052907,0.1398913169276003,5.322767206990199,4.762607170076431,4.9653186307913054e-08,1.7052046209218077e-07,0.4863657613258257,0.4086882812485594
second_life,SEI_x0p5,$\delta_{\mathrm{SEI}}\times0.5$,0.0,4.451173304721826,1.0,0.0113789076104019,41.28402867677866,7.2286970304039535,21.12576703109742,12.92956461527729,0.1730196110765483,5.526933335243084,5.233807663519556,1.3273162502348384e-08,4.381526340964325e-08,0.5344855785911435,0.4243643949691191
second_life,SEI_x0p5,$\delta_{\mathrm{SEI}}\times0.5$,1.0,4.445147301272196,0.9986461988700288,0.0114283168755274,42.35411737556384,7.34415949105706,21.91740991817812,13.09254796632866,0.172791880169032,5.525213931722906,5.22995126372941,1.3485171941494025e-08,4.462865505281263e-08,0.5340917563099997,0.4242323771591891
second_life,SEI_x0p5,$\delta_{\mathrm{SEI}}\times0.5$,2.0,4.439096225160306,0.9972867649191036,0.0114780856433795,43.44581450740873,7.459444249413642,22.73080880229094,13.255561455704148,0.1725632248956462,5.523494985700611,5.226094150826997,1.3696855087886086e-08,4.5449240308830286e-08,0.533697861204586,0.4241003944764807
second_life,SEI_x0p5,$\delta_{\mathrm{SEI}}\times0.5$,3.0,4.433011398305912,0.9959197485308766,0.0115282084191507,44.5595481314362,7.574546573825301,23.566397874494967,13.418603683115936,0.1723333193127631,5.521776512782552,5.222236357944964,1.3908203253383709e-08,4.6277062814090656e-08,0.5333038966584659,0.423968448119268
second_life,SEI_x0p5,$\delta_{\mathrm{SEI}}\times0.5$,4.0,4.426900775200715,0.9945469367603902,0.011578702467731,45.69591796669492,7.689471487297074,24.42477113574004,13.581675343657803,0.1721024620090086,5.520058506480387,5.21837786863648,1.411922566110992e-08,4.71123139429065e-08,0.5329098609920605,0.4238365375893684
second_life,SEI_x0p5,$\delta_{\mathrm{SEI}}\times0.5$,5.0,4.420768157017881,0.9931691835787002,0.0116295533361234,46.85490828841745,7.804190926486449,25.30594038755533,13.744776974375668,0.1718707955367174,5.518340961978785,5.2145186701943365,1.4329870781819004e-08,4.7954616713783486e-08,0.5325157529076873,0.4237046625170553
second_life,SEI_x0p5,$\delta_{\mathrm{SEI}}\times0.5$,6.0,4.414613911153809,0.9917865715250326,0.0116807588042253,48.0368341630955,7.918696026830097,26.21022918663252,13.907908949632883,0.1716383335211581,5.516623876163206,5.210658753760603,1.4540122338609458e-08,4.8803907249689806e-08,0.5321215715007591,0.4235728226631907
second_life,SEI_x0p5,$\delta_{\mathrm{SEI}}\times0.5$,7.0,4.408434664384873,0.990398342771418,0.0117323562122091,49.24301873554121,8.0330264797284,27.13892175677449,14.071070499038322,0.1714049492384141,5.514907258011714,5.206798137563744,1.4750053211891812e-08,4.966100203657783e-08,0.5317273186327987,0.4234410187171207
second_life,SEI_x0p5,$\delta_{\mathrm{SEI}}\times0.5$,8.0,4.40222999695223,0.9890044030148912,0.0117843518153618,50.474041386268816,8.147183202519281,28.09259614463191,14.234262039117626,0.1711706268390048,5.5131911039562365,5.202936811748219,1.4959665086060267e-08,5.0526023737720814e-08,0.5313329932973406,0.4233092504048845
second_life,SEI_x0p5,$\delta_{\mathrm{SEI}}\times0.5$,9.0,4.395999489180458,0.9876046579712277,0.0118367520003292,51.73049701664775,8.261167920527438,29.07184558111952,14.39748351500079,0.1709353504957254,5.511475415378624,5.1990747776123225,1.5168961129115217e-08,5.1399096551857424e-08,0.5309385956269693,0.4231775178325824
second_life,SEI_x0p5,$\delta_{\mathrm{SEI}}\times0.5$,10.0,4.389742694775343,0.9861990073760288,0.0118895633387718,53.01300069848537,8.374980735471533,30.07728483057963,14.56073513243421,0.1706991033940004,5.509760190914764,5.195212030287824,1.5377941527830065e-08,5.228035141441612e-08,0.5305441251245326,0.4230458208954761
second_life,SEI_x0p5,$\delta_{\mathrm{SEI}}\times0.5$,11.0,4.38345915308348,0.9847873477389626,0.0119427925238129,54.3221874232672,8.488619805967742,31.10955106822379,14.724016549075666,0.1704618681986986,5.508045434944382,5.191348577874992,1.5586602901099396e-08,5.316992599428432e-08,0.5301495826172439,0.4229141599298461
second_life,SEI_x0p5,$\delta_{\mathrm{SEI}}\times0.5$,12.0,4.377148399958211,0.9833695747849024,0.0119964463861649,55.65870930363416,8.602084286740354,32.16929755240071,14.887327464493104,0.170223627455388,5.506331151392762,5.187484427482441,1.5794943696847936e-08,5.406795861728327e-08,0.5297549688310473,0.4227825352370802
second_life,SEI_x0p5,$\delta_{\mathrm{SEI}}\times0.5$,13.0,4.370809961801701,0.9819455821154222,0.0120505319158309,57.02323752763631,8.715373611591215,33.25719635998911,15.050667556055982,0.1699843633665894,5.504617344400251,5.183619586744032,1.6002962875436026e-08,5.497459026275023e-08,0.5293602845455263,0.4226509471350792
second_life,SEI_x0p5,$\delta_{\mathrm{SEI}}\times0.5$,14.0,4.3644433489198375,0.980515259715908,0.0121050562916157,58.41646424888388,8.828487104033632,34.373940550870806,15.214036593979436,0.169744057540774,5.502904017111265,5.179754061096778,1.6210659194714808e-08,5.5889965894847466e-08,0.5289655303159179,0.422519395865275
second_life,SEI_x0p5,$\delta_{\mathrm{SEI}}\times0.5$,15.0,4.358048041854299,0.9790784908849224,0.01216002697223,59.83910720239412,8.94142311997663,35.52024960046765,15.37743448194983,0.1695026904790052,5.501191171256681,5.175887852819586,1.6418029635843322e-08,5.68142382679491e-08,0.528570706374948,0.4223878815605663
second_life,SEI_x0p5,$\delta_{\mathrm{SEI}}\times0.5$,16.0,4.351623525603816,0.9776351599223496,0.0122154515111695,61.2919015193237,9.054181450459708,36.69685896084512,15.540861108018872,0.1692602428589567,5.499478808717271,5.172020964561297,1.6625073815133228e-08,5.7747558862275444e-08,0.5281758129931211,0.422256404365361
second_life,SEI_x0p5,$\delta_{\mathrm{SEI}}\times0.5$,17.0,4.345169295800161,0.9761851535168904,0.0122713374643478,62.7755989712788,9.166762166534768,37.90452086332587,15.704315941418155,0.1690166957695572,5.497766935739448,5.16815340888059,1.6831791863048363e-08,5.8690078374027055e-08,0.5277808514529513,0.422124964759266
second_life,SEI_x0p5,$\delta_{\mathrm{SEI}}\times0.5$,18.0,4.338684883551568,0.9747283663273838,0.0123276922105975,64.29096901242143,9.279162523542595,39.14401123354752,15.867795255331307,0.1687720316691086,5.496055591996838,5.164285273958826,1.7038178739910392e-08,5.964195181429542e-08,0.5273858307596732,0.4219935657884685
second_life,SEI_x0p5,$\delta_{\mathrm{SEI}}\times0.5$,19.0,4.33216604077638,0.9732638439803718,0.0123845211586686,65.83882899957041,9.391382999159497,40.41614408941415,16.031301910996774,0.1685260913368265,5.494344748158014,5.160416492095351,1.7244235322817234e-08,6.060334873095175e-08,0.5269907439995778,0.4218622052008675
second_life,SEI_x0p5,$\delta_{\mathrm{SEI}}\times0.5$,20.0,4.325604472885482,0.9717897230145724,0.0124418260428851,67.4200120881832,9.503423755966464,41.721750539477895,16.19483779273884,0.1682785640022999,5.492634385171858,5.156547018704583,1.744996191029629e-08,6.15744363274707e-08,0.5265955866195076,0.4217308815336957
second_life,SEI_x0p5,$\delta_{\mathrm{SEI}}\times0.5$,21.0,4.319007639207382,0.9703076792417312,0.0124996234491641,69.03539967769753,9.61528682966821,43.061710229420015,16.358402618609304,0.1680297292772557,5.490924507510949,5.152676860457785,1.7655362240260387e-08,6.25554022273575e-08,0.5262003593007436,0.4215995951303632
second_life,SEI_x0p5,$\delta_{\mathrm{SEI}}\times0.5$,22.0,4.312379522733234,0.968818607480109,0.0125579277029567,70.68592552762124,9.726971981590191,44.436958184731694,16.52199536129934,0.167779736433198,5.489215127602474,5.148806041662431,1.7860435874460978e-08,6.354645751734857e-08,0.5258050645256076,0.4214683469450437
second_life,SEI_x0p5,$\delta_{\mathrm{SEI}}\times0.5$,23.0,4.305719021753584,0.9673222602198068,0.0126167474566761,72.37250769919615,9.838478911640708,45.84841215545385,16.685616632101585,0.1675285441955203,5.487506239790791,5.144934547854536,1.806518226187677e-08,6.454778349370964e-08,0.5254097008170121,0.4213371365434905
second_life,SEI_x0p5,$\delta_{\mathrm{SEI}}\times0.5$,24.0,4.299024432320345,0.9658182546520756,0.0126760908155688,74.09608758791158,9.949806450041695,47.29701523697008,16.8492659008998,0.1672760887575331,5.485797850241035,5.141062391577346,1.8269599254588973e-08,6.555956317170082e-08,0.5250142694558952,0.4212059643990699
second_life,SEI_x0p5,$\delta_{\mathrm{SEI}}\times0.5$,25.0,4.292295134441671,0.9643064514896296,0.0127359674493449,75.85764706760924,10.060953923657822,48.78374969926927,17.01294344468215,0.1670223469212618,5.484089956716235,5.137189566276956,1.847368561660237e-08,6.658199030882829e-08,0.524618769772961,0.4210748303400246
second_life,SEI_x0p5,$\delta_{\mathrm{SEI}}\times0.5$,26.0,4.285530440844794,0.9627866963298604,0.0127963872185154,77.6582012891041,10.171920020985466,50.309632132938496,17.17664913518013,0.1667672929782479,5.482382561190916,5.13331607498837,1.8677438939765092e-08,6.761526503678134e-08,0.5242232020781489,0.4209437345179609
second_life,SEI_x0p5,$\delta_{\mathrm{SEI}}\times0.5$,27.0,4.2787296719114005,0.9612588364898088,0.0128573600167862,79.49879556320631,10.282701788359544,51.87571253219331,17.34038124265346,0.1665109015289585,5.48067568231074,5.129441958639507,1.8880853800627134e-08,6.865959246664532e-08,0.52382757055109,0.4208126783645145
second_life,SEI_x0p5,$\delta_{\mathrm{SEI}}\times0.5$,28.0,4.271892105791404,0.9597227097987312,0.012918896254459,81.38051285738602,10.393298819734945,53.48307440953298,17.504139628118093,0.1662531455809044,5.478969322098353,5.125567220518915,1.908392945361808e-08,6.971518207238014e-08,0.5234318755276162,0.4206816620349866
second_life,SEI_x0p5,$\delta_{\mathrm{SEI}}\times0.5$,29.0,4.265017003969647,0.95817815034191,0.0129810066462825,83.3044682409527,10.503712857298668,55.13283036610873,17.6679250175453,0.1659939975133539,5.477263473539822,5.121691843449161,1.92866690977005e-08,7.078224419522004e-08,0.5230361152535381,0.4205506849908392
second_life,SEI_x0p5,$\delta_{\mathrm{SEI}}\times0.5$,30.0,4.258103573623274,0.9566249800038694,0.0130437025206184,85.27183098584035,10.613943989767776,56.82614981355868,17.831737182513905,0.1657334276874168,5.475558139620854,5.11781583283499,1.9489072895774548e-08,7.186100717542478e-08,0.5226402902807977,0.4204197474613184
second_life,SEI_x0p5,$\delta_{\mathrm{SEI}}\times0.5$,31.0,4.251151009933907,0.9550630179742194,0.0131069953967309,87.2838069252438,10.723992001726748,58.56423899967979,17.99557592383726,0.1654714060198037,5.47385332295372,5.113939193389418,1.9691140452299347e-08,7.295170323226965e-08,0.5222444010906966,0.4202888496469972
second_life,SEI_x0p5,$\delta_{\mathrm{SEI}}\times0.5$,32.0,4.244158550927407,0.953492093067952,0.0131708964515569,89.34161806035956,10.83385671463002,60.34832038347244,18.15944096225711,0.1652079040362897,5.472149026886173,5.110061931720062,1.989287143943376e-08,7.405455515626536e-08,0.521848448358016,0.4201579918049203
second_life,SEI_x0p5,$\delta_{\mathrm{SEI}}\times0.5$,33.0,4.237125366014243,0.951912018684934,0.0132354177438922,91.44654657853674,10.943539658562974,62.17967478435632,18.32333213561745,0.1649428906972025,5.470445253560864,5.106184051663745,2.009426866668437e-08,7.516980211373274e-08,0.5214524324745792,0.4200271740996028
second_life,SEI_x0p5,$\delta_{\mathrm{SEI}}\times0.5$,34.0,4.230049424957417,0.950322338712393,0.0133005700750516,93.59990011484044,11.053040478586269,64.05960983416884,18.487249802085337,0.1646762900675268,5.468741999604283,5.102305544745767,2.0295331482319963e-08,7.62976792907324e-08,0.5210563525749347,0.4198963962720228
second_life,SEI_x0p5,$\delta_{\mathrm{SEI}}\times0.5$,35.0,4.222917545274824,0.94872009157566,0.0133663564051499,95.8030886280451,11.162355317450396,65.98954388874941,18.651189421845302,0.1644076089741553,5.467039312800368,5.098426518384112,2.04960528037502e-08,7.74384670346916e-08,0.5206602196287948,0.4197656619910865
second_life,SEI_x0p5,$\delta_{\mathrm{SEI}}\times0.5$,36.0,4.215738797207562,0.9471073149938884,0.0134327972403281,98.05750248621824,11.27148312817624,67.97086909149965,18.815150266542336,0.1641371869693133,5.465337200976031,5.094546989812617,2.0696430708536827e-08,7.85924079900844e-08,0.520264035396109,0.4196349718577538
second_life,SEI_x0p5,$\delta_{\mathrm{SEI}}\times0.5$,37.0,4.208515766782084,0.945484589943436,0.0134999092577214,100.36461545901707,11.380426222022702,70.00505271385747,18.979136523136912,0.1638651208371341,5.4636356208886045,5.090666859962305,2.089646944055875e-08,7.975976712964115e-08,0.5198677897597804,0.4195043225518018
second_life,SEI_x0p5,$\delta_{\mathrm{SEI}}\times0.5$,38.0,4.201247058226113,0.9438516028502888,0.0135677071933218,102.72600397524718,11.489184948130688,72.09367082422077,19.14314820289573,0.1635913584082764,5.461934572771014,5.086786128566592,2.1096169640900253e-08,8.094084862778216e-08,0.519471482692585,0.4193737140911149
second_life,SEI_x0p5,$\delta_{\mathrm{SEI}}\times0.5$,39.0,4.193933225400507,0.9422084781447538,0.0136362060466154,105.1432338619254,11.59775888823501,74.23828965911221,19.30718531457818,0.1633159204534429,5.460234056767751,5.08290479541822,2.129553054155269e-08,8.213592694717679e-08,0.5190751141733572,0.4192431464867875
second_life,SEI_x0p5,$\delta_{\mathrm{SEI}}\times0.5$,40.0,4.186573302069367,0.940554998752403,0.0137054206823594,107.6179557911883,11.70614771189392,76.44056034350776,19.471247735786623,0.1630387708718749,5.458534074419319,5.079022863413277,2.1494551535766733e-08,8.33453001261839e-08,0.5186786844978505,0.4191126198571012
second_life,SEI_x0p5,$\delta_{\mathrm{SEI}}\times0.5$,41.0,4.179164901876645,0.9388906285548052,0.0137753662971579,110.15192521332648,11.814350736135657,78.7022394305149,19.63533504667595,0.1627598204536348,5.456834630424557,5.075140342485849,2.1693231369485786e-08,8.45692986495593e-08,0.5182821946805511,0.4189821345628382
second_life,SEI_x0p5,$\delta_{\mathrm{SEI}}\times0.5$,42.0,4.171706961880669,0.9372151287516264,0.0138460584235399,112.74690508657544,11.922370572510554,81.02508798970231,19.79944652436257,0.1624790295054181,5.455135732459188,5.071257249740309,2.1891574837976817e-08,8.580822917005898e-08,0.5178856464681877,0.4188516911933496
second_life,SEI_x0p5,$\delta_{\mathrm{SEI}}\times0.5$,43.0,4.164201220078383,0.935528889801028,0.0139174819125014,115.4033845004335,12.030183790249708,83.40961918875607,19.96358152142773,0.1621964630832027,5.453437387341929,5.067373600495435,2.2089538918216173e-08,8.70617220381947e-08,0.5174890414251403,0.4187212902721844
second_life,SEI_x0p5,$\delta_{\mathrm{SEI}}\times0.5$,44.0,4.156644309759986,0.9338311553384356,0.0139896771718142,118.12426921309454,12.137806066888922,85.85872329113562,20.12773985506999,0.161911995323508,5.451739597107102,5.063489399076547,2.2287152396924263e-08,8.833064403688638e-08,0.5170923799931184,0.4185909319555402
second_life,SEI_x0p5,$\delta_{\mathrm{SEI}}\times0.5$,45.0,4.149034402844432,0.932121514667406,0.0140626681261854,120.91183542624093,12.245241209871804,88.37467307723271,20.29192113913641,0.1616255579238471,5.450042365810612,5.05960465462053,2.2484422265238984e-08,8.961549210089226e-08,0.5166956631051967,0.4184606165548342
second_life,SEI_x0p5,$\delta_{\mathrm{SEI}}\times0.5$,46.0,4.141370238512976,0.9303996845325682,0.0141364726480881,123.76815447294383,12.352488392850567,90.95954095104462,20.45612512904865,0.1613371037993798,5.44834569598849,5.05571937291443,2.268134700584008e-08,9.091662673507393e-08,0.5162988913523581,0.4183303442647857
second_life,SEI_x0p5,$\delta_{\mathrm{SEI}}\times0.5$,47.0,4.133650539983289,0.9286653780921744,0.0142111089213135,126.69536768790302,12.459546638926604,93.6154696222766,20.620351426699795,0.1610465852735429,5.446649591712953,5.051833563377977,2.2877924824969443e-08,9.223441423459744e-08,0.5159020656965622,0.4182001153980645
second_life,SEI_x0p5,$\delta_{\mathrm{SEI}}\times0.5$,48.0,4.125866017859048,0.9269165083916884,0.0142865895710657,129.6957204760816,12.566412508463957,96.34471044590586,20.78459752171177,0.1607536551476855,5.4449540787974255,5.047947285410009,2.3074149406848857e-08,9.35692442550398e-08,0.5155051922037218,0.4180699319366552
second_life,SEI_x0p5,$\delta_{\mathrm{SEI}}\times0.5$,49.0,4.118012555830555,0.9251521506615228,0.0143629415230395,132.77195013030956,12.673090155176425,99.14999563523288,20.94886433990027,0.1604581596435713,5.443259147515592,5.044060517104512,2.3270028378429378e-08,9.49217056688619e-08,0.5151082686367567,0.4179397931337602
second_life,SEI_x0p5,$\delta_{\mathrm{SEI}}\times0.5$,50.0,4.110096235660615,0.9233736712296968,0.0144402127846355,135.92745134883305,12.77959329816684,102.03470462820644,21.11315342245977,0.1601603262067909,5.44156478172709,5.040173221994804,2.346558693040311e-08,9.629265019315141e-08,0.5147112912716256,0.4178096977501033
second_life,SEI_x0p5,$\delta_{\mathrm{SEI}}\times0.5$,51.0,4.102118691405814,0.9215814372031452,0.0145183963630893,139.16343701820315,12.88590211400098,105.00007311713868,21.27746178706351,0.1598602160223173,5.439871011864534,5.0362854706466464,2.3660788663449042e-08,9.768187439251952e-08,0.5143142673146274,0.4176796481223365
second_life,SEI_x0p5,$\delta_{\mathrm{SEI}}\times0.5$,52.0,4.094078502035368,0.9197751293332814,0.0145975126620608,142.48246607147797,12.992015830012862,108.04865968352075,21.44179055794436,0.1595577760163459,5.4381778260772204,5.032397236459215,2.3855632158816147e-08,9.90897826507999e-08,0.5139171940492393,0.4175496433405487
second_life,SEI_x0p5,$\delta_{\mathrm{SEI}}\times0.5$,53.0,4.08597391412134,0.9179543536952198,0.014677584005787,145.88727269408324,13.097933478920332,111.1831990571562,21.606140158006696,0.1592529407021919,5.436485219598539,5.02850850942604,2.4050115640403843e-08,1.0051682605000209e-07,0.513520070453583,0.4174196830387542
second_life,SEI_x0p5,$\delta_{\mathrm{SEI}}\times0.5$,54.0,4.077804378707628,0.9161189869605556,0.0147586352329146,149.38074726587075,13.203653932637582,114.4065835795456,21.770509753687573,0.1589456896251717,5.434793200611666,5.02461930927031,2.4244237036847625e-08,1.0196349004842568e-07,0.5131228985418255,0.4172897678452667
second_life,SEI_x0p5,$\delta_{\mathrm{SEI}}\times0.5$,55.0,4.0695676910842815,0.9142685338194458,0.0148406936998951,152.9660437112017,13.309177531609002,117.7219672457354,21.93489893385732,0.1586359404450176,5.433101772764192,5.020729645719896,2.443799697326344e-08,1.0343033690437645e-07,0.5127256793073933,0.4171598980401525
second_life,SEI_x0p5,$\delta_{\mathrm{SEI}}\times0.5$,56.0,4.061261706942631,0.9124025125317912,0.0149237793587435,156.64605171237972,13.414499799598358,121.13224512762588,22.099306785155488,0.1583236130916917,5.431410944779542,5.0168395403861,2.4631387230492202e-08,1.049177738662465e-07,0.5123284149572709,0.4170300742932064
second_life,SEI_x0p5,$\delta_{\mathrm{SEI}}\times0.5$,57.0,4.052884621379748,0.9105205176083412,0.0150079176931907,160.4239966120998,13.519618272350844,124.64064560486618,22.263732734882783,0.1580086401792488,5.429720721830442,5.012949006819742,2.4824403283727523e-08,1.0642631592070153e-07,0.5119311068752912,0.4169002970015962
second_life,SEI_x0p5,$\delta_{\mathrm{SEI}}\times0.5$,58.0,4.044434585555169,0.908622133688844,0.0150931349037357,164.30323092402762,13.624531110933754,128.25052349969602,22.42817631339784,0.157690952681567,5.428031107939834,5.00905805613315,2.5017041756364653e-08,1.0795649030783137e-07,0.5115337561962648,0.4167705664742082
second_life,SEI_x0p5,$\delta_{\mathrm{SEI}}\times0.5$,59.0,4.035907195553965,0.90670637139036,0.0151794562278706,168.28725673567084,13.72923731934713,131.96538518458937,22.592634231734337,0.1573703861472662,5.426342135955173,5.00516676614758,2.5209300819572044e-08,1.095088450655918e-07,0.5111363708674344,0.4166408852331084
second_life,SEI_x0p5,$\delta_{\mathrm{SEI}}\times0.5$,60.0,4.027299264685148,0.9047725147913178,0.0152669089419639,172.37973052764838,13.833735469528817,135.78889026683566,22.757104791283886,0.1570468216023146,5.4246538224030205,5.001275177054334,2.5401177851175733e-08,1.1108394720513183e-07,0.5107389549932057,0.4165112545472254
second_life,SEI_x0p5,$\delta_{\mathrm{SEI}}\times0.5$,61.0,4.018607002629282,0.9028197123590592,0.0153555218724029,176.58448688279924,13.938028146469918,139.72486637458562,22.92159236174372,0.1567201174598894,5.422966121236787,4.997383185460646,2.5592677597675248e-08,1.1268238623520861e-07,0.5103414980149289,0.4163816708810481
second_life,SEI_x0p5,$\delta_{\mathrm{SEI}}\times0.5$,62.0,4.009826762047132,0.9008471446828388,0.0154453241228969,180.90551422520787,14.04211207861023,143.77730571300611,23.086096433591543,0.1563901375461517,5.421279036433577,4.993490803422482,2.578379405190913e-08,1.1430477005422808e-07,0.5099440011637804,0.4162521345399437
second_life,SEI_x0p5,$\delta_{\mathrm{SEI}}\times0.5$,63.0,4.000963309205494,0.8988558825515179,0.0155363526678563,185.34698397031684,14.14599155600478,147.95037651716632,23.250615897145725,0.1560570599904423,5.419592577833749,4.989598057196363,2.597453509117493e-08,1.1595172693073597e-07,0.509546467121122,0.4161226462794661
second_life,SEI_x0p5,$\delta_{\mathrm{SEI}}\times0.5$,64.0,3.9920145644105705,0.8968454587413665,0.0156286362959589,189.9130443162365,14.249663498832964,152.24823117910668,23.41514963829691,0.1557208071613784,5.417906755556147,4.985704973143578,2.6164895060378923e-08,1.1762382868379757e-07,0.5091488985790145,0.4159932068765519
second_life,SEI_x0p5,$\delta_{\mathrm{SEI}}\times0.5$,65.0,3.982978126562863,0.8948153338216914,0.0157222089480197,194.60825634696417,14.35312659355737,156.6754325862737,23.579697167133112,0.1553812894159466,5.416221573089498,4.981811562856088,2.6354871547634764e-08,1.1932175573553472e-07,0.5087512967212491,0.4158638165990699
second_life,SEI_x0p5,$\delta_{\mathrm{SEI}}\times0.5$,66.0,3.973851190438847,0.892764877571351,0.0158171094120611,199.43760510392104,14.4563813780905,161.23696612561776,23.74425760021275,0.1550384020242199,5.414537037625226,4.977917847237277,2.6544465540644685e-08,1.2104629268039225e-07,0.5083536636825161,0.4157344759991858
second_life,SEI_x0p5,$\delta_{\mathrm{SEI}}\times0.5$,67.0,3.964631552356602,0.8906935949114588,0.0159133748057595,204.4061103147805,14.559427155711614,165.9378526321725,23.9088305268964,0.1546920627210564,5.412853151318935,4.974023836003415,2.6733675760106524e-08,1.227981761909605e-07,0.5079560004550577,0.4156051852424094
second_life,SEI_x0p5,$\delta_{\mathrm{SEI}}\times0.5$,68.0,3.955315510429564,0.8886006541766743,0.0160110426882764,209.519043052367,14.662261833784047,170.78336731654545,24.07341390203751,0.154342133308544,5.411169932907987,4.9701295775453485,2.6922498363570348e-08,1.2457817658950798e-07,0.507558311980632,0.4154759457674174
second_life,SEI_x0p5,$\delta_{\mathrm{SEI}}\times0.5$,69.0,3.945896238251514,0.886484521747488,0.0161101493346274,214.78190556935743,14.764880358596267,175.77902109195972,24.23800411880149,0.1539883589316049,5.409487417247119,4.966235157205515,2.7110924071530585e-08,1.263870871115561e-07,0.5071606069745573,0.4153467602503971
second_life,SEI_x0p5,$\delta_{\mathrm{SEI}}\times0.5$,70.0,3.9363755444637,0.8843456039530012,0.0162107395456723,220.20044521893064,14.867287933046663,180.93055233667064,24.40260494921333,0.1536308071326559,5.407805563309693,4.962340485732855,2.7298962437426167e-08,1.2822571763187986e-07,0.5067628763223601,0.4152176255412752
second_life,SEI_x0p5,$\delta_{\mathrm{SEI}}\times0.5$,71.0,3.926750390395538,0.8821832181258865,0.0163128560270675,225.78070018842044,14.96948525647177,186.2439983995368,24.567216532411926,0.1532693644640948,5.406124367053873,4.958445559835162,2.748661474536232e-08,1.3009491665623585e-07,0.506365119687834,0.415088541329715
second_life,SEI_x0p5,$\delta_{\mathrm{SEI}}\times0.5$,72.0,3.917015867484865,0.8799962615092239,0.0164165418570068,231.5290209383343,15.071469619825416,191.72571443784105,24.731836880667856,0.1529038476831843,5.404443845935194,4.95455042654472,2.767387602105252e-08,1.3199557317635993e-07,0.5059673418739983,0.414959508955973
second_life,SEI_x0p5,$\delta_{\mathrm{SEI}}\times0.5$,73.0,3.907159970802177,0.8777820370771551,0.0165218369351757,237.4520599958224,15.173236958984967,197.38235813940057,24.896464897436825,0.1525338085729946,5.402764008050093,4.950655111807204,2.786073880205095e-08,1.3392860660158697e-07,0.5055695455304705,0.4148305290417027
second_life,SEI_x0p5,$\delta_{\mathrm{SEI}}\times0.5$,74.0,3.897189864604224,0.8755421543506442,0.0166287964777319,243.5567994639348,15.274787732823492,203.2209124133531,25.06109931775825,0.1521595147069659,5.401084862981362,4.946759645553241,2.8047203930929458e-08,1.3589497005802828e-07,0.5051717337138185,0.4147016023226823
second_life,SEI_x0p5,$\delta_{\mathrm{SEI}}\times0.5$,75.0,3.88710200890798,0.8732758180375775,0.0167374704899309,249.85059485908693,15.376119700592886,209.24873610210503,25.22573905638904,0.1517808339400101,5.399406418212142,4.942864053461105,2.8233267293279385e-08,1.3789566246304988e-07,0.5047739090463526,0.414572729373476
second_life,SEI_x0p5,$\delta_{\mathrm{SEI}}\times0.5$,76.0,3.876893482179716,0.8709823717865778,0.0168479116472921,256.3411801324286,15.47723098212979,215.47356539165585,25.39038375864296,0.1513976572098989,5.39772867339837,4.938968343923137,2.8418925436789242e-08,1.3993172334926317e-07,0.5043760723851132,0.4144439101676663
second_life,SEI_x0p5,$\delta_{\mathrm{SEI}}\times0.5$,77.0,3.866554611783617,0.8686596425445752,0.0169601691249377,263.0366404524717,15.578116702371506,221.90349632046045,25.555027429639768,0.1510096234724318,5.396051685446785,4.935072658786065,2.8604169409984226e-08,1.4200422185421617e-07,0.5039782382157358,0.4143151490746191
second_life,SEI_x0p5,$\delta_{\mathrm{SEI}}\times0.5$,78.0,3.8560876078549433,0.8663081268402618,0.0170742760247344,269.94367626046005,15.67876874104987,228.54523429671767,25.719673222692503,0.1506168152239863,5.394375417894792,4.931176923438366,2.8788984302619986e-08,1.4411370006483178e-07,0.5035803989187617,0.4141864432946938
second_life,SEI_x0p5,$\delta_{\mathrm{SEI}}\times0.5$,79.0,3.8454895414767,0.863927166663537,0.0171902967246124,277.0715128378844,15.779188404358068,235.4080029358275,25.88432149769881,0.15021912311544,5.392699862327619,4.927281129364393,2.8973372513097563e-08,1.4626142331360054e-07,0.5031825536245578,0.4140577921817943
second_life,SEI_x0p5,$\delta_{\mathrm{SEI}}\times0.5$,80.0,3.834754006774656,0.8615153228715516,0.0173083124670363,284.43101373111983,15.87937912386112,242.5026638095515,26.04897079770724,0.1498163080166197,5.391025028186617,4.923385311037524,2.9157340342375492e-08,1.4844905613045506e-07,0.5027847058536059,0.4139291964608386
second_life,SEI_x0p5,$\delta_{\mathrm{SEI}}\times0.5$,81.0,3.823876535715327,0.8590715916765003,0.0174283865873015,292.0321325749293,15.979335199232928,249.83917845890747,26.21361891678891,0.149408203157273,5.389350932291043,4.919489520652932,2.934087732364981e-08,1.5067786412642348e-07,0.502386860936168,0.4138006574232288
second_life,SEI_x0p5,$\delta_{\mathrm{SEI}}\times0.5$,82.0,3.812849961830384,0.8565943630605652,0.0175505828941352,299.88528277011466,16.079055406610955,257.4279628123338,26.378264551169867,0.1489945410259893,5.387677581804282,4.915593789059616,2.9523981209693092e-08,1.52949141544016e-07,0.501989022022598,0.413672175618978
second_life,SEI_x0p5,$\delta_{\mathrm{SEI}}\times0.5$,83.0,3.801663030465851,0.854081108554688,0.0176749659115374,308.0014767500399,16.17853730096327,265.2800355905416,26.54290385853508,0.1485749015473753,5.386005009218086,4.911698207171789,2.970664751099552e-08,1.5526424914434064e-07,0.5015911983972139,0.4135437535428409
second_life,SEI_x0p5,$\delta_{\mathrm{SEI}}\times0.5$,84.0,3.790316405228382,0.8515319772446506,0.017801610751345,316.3923027600327,16.277780409834953,273.4069863267498,26.70753602344793,0.1481493095116443,5.384333215721295,4.90780279428375,2.9888875360046555e-08,1.5762459646818724e-07,0.5011933920303833,0.4134153912860981
second_life,SEI_x0p5,$\delta_{\mathrm{SEI}}\times0.5$,85.0,3.77880503295143,0.8489458338867317,0.0179305932477063,325.07006193672646,16.37678460223076,281.82111642448206,26.87216091001365,0.1477175762911868,5.382662195027281,4.903907553610948,3.0070664516315826e-08,1.6003167443264733e-07,0.5007956032504733,0.4132870883660549
second_life,SEI_x0p5,$\delta_{\mathrm{SEI}}\times0.5$,86.0,3.7671266480309615,0.8463221694906319,0.018061993340958,334.0476631587726,16.47555061652477,290.5353348393743,27.036777702873565,0.1472796173142863,5.3809919471659535,4.900012504445837,3.025201633558835e-08,1.624870160265568e-07,0.5003978340276634,0.4131588447850077
second_life,SEI_x0p5,$\delta_{\mathrm{SEI}}\times0.5$,87.0,3.755275391482767,0.8436596677777413,0.0181958931538409,343.3388199242438,16.574075913423638,299.56335858246973,27.201385428350445,0.1468352138774314,5.379322473086966,4.896117669826898,3.0432926155273754e-08,1.6499224404270598e-07,0.5000000867146831,0.413030660615872
second_life,SEI_x0p5,$\delta_{\mathrm{SEI}}\times0.5$,88.0,3.743249560761764,0.8409579462545094,0.0183323274606422,352.9539394033431,16.672344525499696,308.915615350167,27.365979527676416,0.1463843024585575,5.377653809075849,4.892223157620556,3.061336465635904e-08,1.6754794858938946e-07,0.4996023723270403,0.4129025386446933
second_life,SEI_x0p5,$\delta_{\mathrm{SEI}}\times0.5$,89.0,3.73104484173356,0.8382160357080793,0.0184713632659445,362.9063204008209,16.77034915659463,318.60541361372776,27.530557630498485,0.1459267220230503,5.375985969079823,4.888329023912472,3.0793318441810895e-08,1.7015540900738357e-07,0.4992046965923005,0.4127744799423555
second_life,SEI_x0p5,$\delta_{\mathrm{SEI}}\times0.5$,90.0,3.718651055216328,0.8354316492848223,0.018613136541947,373.2154175196353,16.868097679136902,328.65220225150455,27.69511758899386,0.1454620926282712,5.374318963866615,4.884435319522948,3.097280196679624e-08,1.728173961159401e-07,0.4988070647003218,0.4126464853356172
second_life,SEI_x0p5,$\delta_{\mathrm{SEI}}\times0.5$,91.0,3.7060470454070815,0.8326000341248654,0.018757789310348,383.9025218992856,16.96559212289304,339.0772774652084,27.85965231118417,0.1449896247308925,5.372652852618876,4.880542212257491,3.1151818958324376e-08,1.755369416941266e-07,0.4984094937876957,0.4125185593685914
second_life,SEI_x0p5,$\delta_{\mathrm{SEI}}\times0.5$,92.0,3.693226585069979,0.8297197912182359,0.0189054395071799,394.9870608166766,17.062830156857476,349.90006825563364,28.02416240418545,0.1445090858867681,5.3709876156257375,4.87664968775094,3.133036513625801e-08,1.7831636295471157e-07,0.4980119823874268,0.4123907005278547
second_life,SEI_x0p5,$\delta_{\mathrm{SEI}}\times0.5$,93.0,3.680187754874644,0.8267904893684285,0.0190562249140892,406.4906797683964,17.159810631756766,361.14222269923295,28.188646437406664,0.1440204044478552,5.369323252617693,4.872757779852956,3.150843839032843e-08,1.8115833360907217e-07,0.4976145339563015,0.412262908792714
second_life,SEI_x0p5,$\delta_{\mathrm{SEI}}\times0.5$,94.0,3.666920912691573,0.8238099623759169,0.0192102787049145,418.4359257647418,17.25652539244384,372.8263010037217,28.35309936857625,0.1435232205775724,5.367659798448176,4.868866607870295,3.168602374624748e-08,1.840655254127525e-07,0.4972171606781341,0.4121351868392566
second_life,SEI_x0p5,$\delta_{\mathrm{SEI}}\times0.5$,95.0,3.6534144606503367,0.8207756046646795,0.0193677582014272,430.8484049998037,17.35296754480903,384.9779213028592,28.5175161521355,0.1430171014537702,5.365997286508084,4.8649762911874905,3.1863108545214065e-08,1.870411204553905e-07,0.4968198747446817,0.4120075372312747
second_life,SEI_x0p5,$\delta_{\mathrm{SEI}}\times0.5$,96.0,3.639655574754928,0.817684535197487,0.0195288365820046,443.75622350961856,17.44912983511717,397.6252019230197,28.681891751481647,0.1425015685009263,5.364335748370448,4.861086948977169,3.203967946809124e-08,1.9008862759381057e-07,0.4964226883260611,0.4118799623929824
second_life,SEI_x0p5,$\delta_{\mathrm{SEI}}\times0.5$,97.0,3.625630204765348,0.8145335974492977,0.0196936967396683,457.1896023749585,17.545003224931524,410.7983787231408,28.8462204268862,0.1419760973957869,5.362675220784912,4.857198717048833,3.221571991871527e-08,1.932117545303836e-07,0.4960256152913757,0.4117524651460602
second_life,SEI_x0p5,$\delta_{\mathrm{SEI}}\times0.5$,98.0,3.611318783867108,0.8113183955421829,0.019862546473964,471.1825945168622,17.640574426452257,424.5315253904051,29.01049470000489,0.1414399579726163,5.361015755774628,4.853311772349913,3.23912054983424e-08,1.964147764018371e-07,0.4956286737108062,0.4116250494849067
second_life,SEI_x0p5,$\delta_{\mathrm{SEI}}\times0.5$,99.0,3.596698798685585,0.8080338716244073,0.020035596663707,485.7711207975072,17.73582929071643,438.8605805155119,29.174710991278893,0.1408923100714897,5.359357364347854,4.849426199577463,3.2566110226981573e-08,1.9970202581648733e-07,0.4952318722337638,0.4114977162547487
second_life,SEI_x0p5,$\delta_{\mathrm{SEI}}\times0.5$,100.0,3.5817589541891444,0.8046774881556729,0.0202131222834752,500.99805276288976,17.830770383404126,453.8284200066796,29.33886237280604,0.1403327322291129,5.357700087577392,4.845542162654735,3.274043881567383e-08,2.0307900571258146e-07,0.4948352276003769,0.4113704686092037
second_life,SEI_x0p5,$\delta_{\mathrm{SEI}}\times0.5$,101.0,3.566479487927229,0.8012448053064773,0.0203954147095139,516.9103804484702,17.925382497555955,469.4820604631631,29.502937487751087,0.139760487051324,5.3560440085878085,4.84165993029934,3.2914163341760074e-08,2.065516577054395e-07,0.4944387672525576,0.4112433129306732
second_life,SEI_x0p1,$\delta_{\mathrm{SEI}}\times0.1$,0.0,4.451173304721826,1.0,0.0109099818287779,35.5010710524555,1.4457394060807909,21.12576703109742,12.92956461527729,0.1730196110765483,5.526933335243084,5.233807663519556,2.654632500469676e-09,4.381526340964325e-08,0.5344855785911435,0.4243643949691191
second_life,SEI_x0p1,$\delta_{\mathrm{SEI}}\times0.1$,1.0,4.445147517441576,0.9986462474346128,0.0109591255955868,36.57283167505309,1.5615741907878045,21.919410603945824,13.091846880319457,0.1727918944069216,5.525221326477691,5.229967852343654,2.867325592236287e-09,4.463069192390748e-08,0.5340934503682556,0.4242329449370959
second_life,SEI_x0p1,$\delta_{\mathrm{SEI}}\times0.1$,2.0,4.439095863534685,0.99728668367634,0.0110086308238243,37.66635372156386,1.677227782534782,22.73496821067706,13.254157728352016,0.1725632236903093,5.523509784831695,5.22612736485672,3.079685981775549e-09,4.5453398394574944e-08,0.5337012530793042,0.4241015307710454
second_life,SEI_x0p1,$\delta_{\mathrm{SEI}}\times0.1$,3.0,4.433012143987849,0.9959199160556808,0.0110584975426232,38.78213999442768,1.792701160478218,23.572941703331672,13.416497130617788,0.1723333660541861,5.521798711437675,5.2222862017391884,3.2917154669914583e-09,4.628348738861696e-08,0.5333089867937761,0.4239701525579284
second_life,SEI_x0p1,$\delta_{\mathrm{SEI}}\times0.1$,4.0,4.426903726332863,0.9945475997613442,0.0111087398142127,39.92074190049198,1.9079947911133903,24.43388376335325,13.578863346025342,0.1721025980471764,5.520088125457142,5.218444404187565,3.503414904451608e-09,4.7121101680048824e-08,0.5329166557187307,0.4238388117689881
second_life,SEI_x0p1,$\delta_{\mathrm{SEI}}\times0.1$,5.0,4.420772781558363,0.9931702225273472,0.0111593626650773,41.08262602559687,2.023106144795836,25.318263914460747,13.741255966340283,0.1718710010251709,5.518378031946624,5.21460198186121,3.7147796492826716e-09,4.7966291800144576e-08,0.5325242608405987,0.4237075087924705
second_life,SEI_x0p1,$\delta_{\mathrm{SEI}}\times0.1$,6.0,4.41461848388593,0.99178759883442,0.0112103728488727,42.26836981629209,2.138037178560737,26.226657019710107,13.903675618021254,0.1716385438389785,5.516668425092268,5.210758919937291,3.925813294946361e-09,4.8819199310817664e-08,0.5321318006456465,0.4235762431819813
second_life,SEI_x0p1,$\delta_{\mathrm{SEI}}\times0.1$,7.0,4.408438755776415,0.9903992619428952,0.0112617785134703,43.47862506747456,2.2527915304930737,27.15971049439696,14.066123042584527,0.1714051483935325,5.51495929796502,5.2069152008705615,4.136522521608259e-09,4.9680018855312745e-08,0.5317392733421228,0.4234450144054996
second_life,SEI_x0p1,$\delta_{\mathrm{SEI}}\times0.1$,8.0,4.402233230633992,0.9890051294934038,0.0113135854385988,44.71396703247654,2.3673693603124715,28.11799957454777,14.228598097616295,0.1711708008429628,5.513250652757456,5.203070828030718,4.346907622541766e-09,5.0548863283423455e-08,0.531346679274147,0.423313822631374
second_life,SEI_x0p1,$\delta_{\mathrm{SEI}}\times0.1$,9.0,4.396001504795659,0.9876051107990692,0.0113657996250925,45.97499263292063,2.481768134607127,29.10212392658305,14.39110057173045,0.1709354859652773,5.511542492398289,5.199225806419433,4.5569639459560546e-09,5.142585568195637e-08,0.5309540189524987,0.4231826680844743
second_life,SEI_x0p1,$\delta_{\mathrm{SEI}}\times0.1$,10.0,4.389743049445131,0.986199087056096,0.01141842842948,47.26234794035664,2.595987061711873,30.11273039152043,14.55363048712433,0.17069918385507,5.509834817465984,5.195380135511489,4.7666900382142705e-09,5.2311148089556494e-08,0.5305612923235417,0.4230515508092159
second_life,SEI_x0p1,$\delta_{\mathrm{SEI}}\times0.1$,11.0,4.383457416994213,0.9847869577093796,0.0114714786788074,48.57667471392955,2.7100288889592345,31.15045806533447,14.716187759635842,0.1704618776685851,5.508127629580793,5.191533817298271,4.976090943903407e-09,5.320487197392132e-08,0.5301684995906396,0.4229204709300038
second_life,SEI_x0p1,$\delta_{\mathrm{SEI}}\times0.1$,12.0,4.377143769571096,0.9833685345227516,0.0115249571265351,49.91863349112471,2.8238988595782395,32.21596249233522,14.878772139211248,0.1702235359389904,5.506420932091836,5.187686857696378,5.185176290516588e-09,5.410716002823839e-08,0.529775641358006,0.422789428703987
second_life,SEI_x0p1,$\delta_{\mathrm{SEI}}\times0.1$,13.0,4.370796804805814,0.981942626266484,0.0115788665818909,51.288912004137536,2.9375934021063355,33.30993607825955,15.041382523771652,0.1699839598176226,5.504714737269279,5.183839282782443,5.393939520218753e-09,5.501816272488136e-08,0.5293827202886321,0.4226584250732834
second_life,SEI_x0p1,$\delta_{\mathrm{SEI}}\times0.1$,14.0,4.364420366752032,0.980510096545159,0.0116332185069539,52.68822346900916,3.051110097105003,34.43309329599146,15.204020075912696,0.1697432934544576,5.5030090336033775,5.179991065047927,5.602376190494121e-09,5.593803463190024e-08,0.5289897335732979,0.4225274591541612
second_life,SEI_x0p1,$\delta_{\mathrm{SEI}}\times0.1$,15.0,4.358014783860413,0.9790710191484592,0.0116880212155631,54.1172925720848,3.1644514299383126,35.58615583477032,15.366685307376176,0.1695015491444655,5.50130381641292,5.176142192384349,5.8104908649094075e-09,5.686692198010114e-08,0.5285966799754642,0.4223965305871917
second_life,SEI_x0p1,$\delta_{\mathrm{SEI}}\times0.1$,16.0,4.351579491360257,0.977625267195074,0.0117432824156858,55.57687122760805,3.27761665524845,36.76987721417772,15.52937735818188,0.1692587057086947,5.499599095387885,5.172292685139968,6.018282174856227e-09,5.78049824478162e-08,0.5282035615731308,0.4222656401163827
second_life,SEI_x0p1,$\delta_{\mathrm{SEI}}\times0.1$,17.0,4.345113925650812,0.9761727140665348,0.0117990101640816,57.06773729854775,3.3906055426328527,37.98503506837635,15.692096687538545,0.1690147420083596,5.497894866374103,5.168442532449305,6.225749697274844e-09,5.8752378044663376e-08,0.5278103772566957,0.4221347874227721
second_life,SEI_x0p1,$\delta_{\mathrm{SEI}}\times0.1$,18.0,4.338617016861534,0.9747131194058672,0.0118552122877552,58.59069465661501,3.50341711488241,39.23243425514218,15.85484328659042,0.1687696179441337,5.49619113010507,5.164591734521896,6.432891637837002e-09,5.970927688603735e-08,0.5274171270475574,0.4220039725626788
second_life,SEI_x0p1,$\delta_{\mathrm{SEI}}\times0.1$,19.0,4.332082770086495,0.9732451363983066,0.0119118923858471,60.14657087816338,3.616049293995727,40.512904374963846,16.017617209203806,0.1685231088744468,5.494487886646428,5.160740290083195,6.639704180965694e-09,6.067585059755434e-08,0.5270238108155569,0.4218731955411426
second_life,SEI_x0p1,$\delta_{\mathrm{SEI}}\times0.1$,20.0,4.325511097932075,0.971768745410014,0.0119690592504848,61.7362096970145,3.728501881909711,41.82729027516478,16.180417539940013,0.1682752116086702,5.492785146100421,5.156888220793682,6.8461869629821545e-09,6.165226677732723e-08,0.5266304307727003,0.4217424571338259
second_life,SEI_x0p1,$\delta_{\mathrm{SEI}}\times0.1$,21.0,4.318906740699891,0.9702850113965172,0.0120267264627315,63.36049353972031,3.840773225516444,43.176476295227,16.343244018976872,0.1680261038207321,5.491082912311052,5.15303553280109,7.052336948488724e-09,6.263870663272996e-08,0.5262369875468048,0.4216117576358755
second_life,SEI_x0p1,$\delta_{\mathrm{SEI}}\times0.1$,22.0,4.3122691168310086,0.9687938037048642,0.012084903088683,65.02033052535117,3.952862483541834,44.56137168545169,16.50609635635765,0.1677757637438861,5.489381190176074,5.149182232966176,7.258152592757816e-09,6.363535324189748e-08,0.5258434818385028,0.4214810974233467
second_life,SEI_x0p1,$\delta_{\mathrm{SEI}}\times0.1$,23.0,4.305597578635663,0.9672949768251584,0.0121435983607848,66.71665906768754,4.064767794224456,45.98291690459981,16.66897436886328,0.167524167137635,5.487679982446151,5.145328325624141,7.463630477267137e-09,6.464239555106565e-08,0.5254499140905129,0.4213504767074386
second_life,SEI_x0p1,$\delta_{\mathrm{SEI}}\times0.1$,24.0,4.298891825221498,0.9657884631589636,0.0122028223006265,68.45045310865882,4.176488868884039,47.44208626328769,16.831877976487085,0.16727130275555,5.485979290586208,5.141473812668051,7.668770071948805e-09,6.566002946193273e-08,0.5250562844961579,0.42121989560063
second_life,SEI_x0p1,$\delta_{\mathrm{SEI}}\times0.1$,25.0,4.292152879086589,0.9642744924205608,0.0122625872893141,70.22274744324555,4.288026920206644,48.93991353747322,16.99480698556569,0.1670172089157965,5.484279117314373,5.1376186986802335,7.873573603508278e-09,6.668847444937941e-08,0.5246625935233934,0.4210893543116218
second_life,SEI_x0p1,$\delta_{\mathrm{SEI}}\times0.1$,26.0,4.285378191358677,0.9627524919806486,0.0123229001841303,72.03453323736329,4.399379088676703,50.47739630263874,17.157757846047858,0.1667617902139326,5.482579500125332,5.133763067659555,8.078035821370712e-09,6.772790726369155e-08,0.5242688497503303,0.4209588557192998
second_life,SEI_x0p1,$\delta_{\mathrm{SEI}}\times0.1$,27.0,4.278566960199856,0.9612222816984304,0.0123837704766839,73.88685172533712,4.5105450071256685,52.05557454920339,17.320732169008057,0.1665050166396371,5.480880422695452,5.129906881485884,8.282156051349898e-09,6.87785167807093e-08,0.5238750492840739,0.4208283985703165
second_life,SEI_x0p1,$\delta_{\mathrm{SEI}}\times0.1$,28.0,4.271715520882824,0.9596830382567598,0.0124452079753963,75.7808589877516,4.621525812102948,53.67560077939078,17.483732396257878,0.1662467509904783,5.479181860137269,5.126050082382753,8.48593638035098e-09,6.984054840327315e-08,0.5234811862243909,0.4206979809537832
second_life,SEI_x0p1,$\delta_{\mathrm{SEI}}\times0.1$,29.0,4.264821966207707,0.958134333184368,0.012507225023529,77.71778765885222,4.732317850525772,55.33871169149399,17.64675811683246,0.1659869219354634,5.477483817323932,5.122192680074133,8.689370100669784e-09,7.09142813392076e-08,0.5230872615643097,0.4205676032438663
second_life,SEI_x0p1,$\delta_{\mathrm{SEI}}\times0.1$,30.0,4.257889429627256,0.9565768704423318,0.012569834994549,79.69878063181902,4.84292193888136,57.04605000821867,17.809808684718984,0.1657256468585857,5.475786301450713,5.118334689845532,8.892458711520831e-09,7.199991322071946e-08,0.5226932768648135,0.4204372659930266
second_life,SEI_x0p1,$\delta_{\mathrm{SEI}}\times0.1$,31.0,4.250917041042832,0.9550104545544066,0.0126330490445077,81.72504202051567,4.953342947675965,58.79881487246645,17.97288420037326,0.1654628932314563,5.47408931193268,5.114476109320034,9.095211156012496e-09,7.309765926256505e-08,0.5222992318831673,0.4203069691563528
second_life,SEI_x0p1,$\delta_{\mathrm{SEI}}\times0.1$,32.0,4.243903963623389,0.953434897518242,0.0126968792335573,83.79784350258271,5.063582245740642,60.59827677400729,18.13598448283477,0.1651986297791796,5.472392851120207,5.110616942779402,9.297629947559985e-09,7.4207759766947e-08,0.5219051270566323,0.4201767129143093
second_life,SEI_x0p1,$\delta_{\mathrm{SEI}}\times0.1$,33.0,4.236849370893268,0.9518500136579264,0.0127613372109281,85.91848281267603,5.173635802247748,62.44573683734975,18.29911017307853,0.1649328256097393,5.470696912678825,5.106757175057328,9.49970768485292e-09,7.533045334869943e-08,0.5215109608363985,0.4200464967805281
second_life,SEI_x0p1,$\delta_{\mathrm{SEI}}\times0.1$,34.0,4.229751694500032,0.9502554506276112,0.0128264354164205,88.08834297215188,5.283501012679252,64.34258274284069,18.46225921663194,0.1646654221022351,5.469001518443886,5.102896854765326,9.7014395855369e-09,7.64660098974313e-08,0.5211167381867587,0.419916322431553
second_life,SEI_x0p1,$\delta_{\mathrm{SEI}}\times0.1$,35.0,4.22260033114998,0.9486488262927496,0.0128921786995697,90.30883588534763,5.393177046045759,66.29022836160631,18.625430477695573,0.1643960225616731,5.467306680587864,5.099036008777902,9.90282412376886e-09,7.761469253379957e-08,0.5207224618521843,0.4197861908020008
second_life,SEI_x0p1,$\delta_{\mathrm{SEI}}\times0.1$,36.0,4.215403623502527,0.9470320149140916,0.0129585885262443,92.5814280864633,5.502665390652089,68.29013770348642,18.7886249923248,0.1641249392666707,5.465612388677463,5.0951746125806245,1.01038640323389e-08,7.877677147615329e-08,0.5203281293292189,0.4196561010907909
second_life,SEI_x0p1,$\delta_{\mathrm{SEI}}\times0.1$,37.0,4.208161635808258,0.945405030926165,0.0130256795211732,94.907636685923,5.611964942546621,70.34382942245647,18.951842320919926,0.163852174685197,5.463918647578431,5.091312676575001,1.0304557284197167e-08,7.995252564277808e-08,0.5199337416800824,0.4195260536715209
second_life,SEI_x0p1,$\delta_{\mathrm{SEI}}\times0.1$,38.0,4.2008733836247965,0.9437676531642768,0.0130934659032479,97.28902883487557,5.721077660093574,72.4528689854079,19.115082189374085,0.163577692043481,5.46222546040005,5.087450207246758,1.0504907475245724e-08,8.114223717827375e-08,0.5195392995671088,0.4193960487829254
second_life,SEI_x0p1,$\delta_{\mathrm{SEI}}\times0.1$,39.0,4.193537836872316,0.942119650210831,0.0131619622636374,99.72723625435526,5.830001913302944,74.61889011693165,19.27834422412068,0.1633014528653345,5.460532831247336,5.083587213434972,1.0704911612535473e-08,8.234620258255013e-08,0.5191448038929597,0.4192660867401922
second_life,SEI_x0p1,$\delta_{\mathrm{SEI}}\times0.1$,40.0,4.186153936667076,0.940460784177148,0.0132311836328922,102.22394971927228,5.938736681489376,76.84358485275881,19.44162818502408,0.1630234175994126,5.45884076280361,5.079723700821565,1.090456782190811e-08,8.356472577993313e-08,0.5187502552378832,0.4191361677493498
second_life,SEI_x0p1,$\delta_{\mathrm{SEI}}\times0.1$,41.0,4.178721798440928,0.9387910809961318,0.0133011458695791,104.7808981426301,6.047281036694661,79.12868333585754,19.60493377007789,0.1627435906200161,5.457149258266436,5.075859676552406,1.1103874399468724e-08,8.47981062499161e-08,0.5183556543316278,0.4190062920559109
second_life,SEI_x0p1,$\delta_{\mathrm{SEI}}\times0.1$,42.0,4.1712389916261,0.9371099946167518,0.0133718640060833,107.39991127051675,6.155633308455008,81.47601871512633,19.768259246935408,0.1624618810903745,5.455458335688151,5.07199518161709,1.1302828277951211e-08,8.604667309977436e-08,0.5179610053601224,0.418876461045955
second_life,SEI_x0p1,$\delta_{\mathrm{SEI}}\times0.1$,43.0,4.163699534095962,0.9354161810952384,0.0134433510258327,110.08291089745416,6.263789923024225,83.8875208174724,19.931600156957533,0.162178065406872,5.453768041354585,5.068130321512863,1.1501422895327343e-08,8.731077911204427e-08,0.5175663190969301,0.4187466782733622
second_life,SEI_x0p1,$\delta_{\mathrm{SEI}}\times0.1$,44.0,4.1561070806357545,0.9337104615151552,0.0135156289439838,112.83188027483892,6.37175563402617,86.36516196336986,20.094962677442897,0.1618922802594655,5.452078311339561,5.06426495007674,1.1699666980088817e-08,8.859077067355275e-08,0.5171715806156316,0.4186169388298059
second_life,SEI_x0p1,$\delta_{\mathrm{SEI}}\times0.1$,45.0,4.148460391354145,0.9319925573226812,0.0135887156014054,115.64887022497004,6.479530789935632,88.91099267165586,20.258346763378555,0.161604479342631,5.450389146114679,5.060399068373786,1.1897561172096788e-08,8.988700566814846e-08,0.5167767900249933,0.4184872427514963
second_life,SEI_x0p1,$\delta_{\mathrm{SEI}}\times0.1$,46.0,4.140758385762704,0.9302622257754304,0.0136626269557446,118.53590624938924,6.5871128349902,91.52704142862892,20.421751985770115,0.1613146223183577,5.448700550057294,5.056532686554571,1.2095100778520776e-08,9.119980210301565e-08,0.5163819483616091,0.4183575903745316
second_life,SEI_x0p1,$\delta_{\mathrm{SEI}}\times0.1$,47.0,4.133002695469963,0.9285198334303572,0.0137373494213595,121.493705465821,6.694480281239441,94.21404708955298,20.58517809502858,0.1610227702435851,5.447012525695584,5.052665810524699,1.2292246343694462e-08,9.252881787854104e-08,0.5159870562285694,0.4182279818930284
second_life,SEI_x0p1,$\delta_{\mathrm{SEI}}\times0.1$,48.0,4.125188435384331,0.9267642828034376,0.0138129331913791,124.52595939742136,6.801653877563668,96.97568104326466,20.748624476593044,0.1607287405337011,5.445325079229043,5.048798454825485,1.248903596622109e-08,9.387514113921085e-08,0.515592115110859,0.4180984177829911
second_life,SEI_x0p1,$\delta_{\mathrm{SEI}}\times0.1$,49.0,4.117304153069165,0.9249930009917856,0.0138893917748697,127.63512381955464,6.908630431214217,99.81440331284824,20.91209007549217,0.1604321051474175,5.443638221337596,5.044930644418936,1.2685463783651084e-08,9.523921152985893e-08,0.5151971275576414,0.4179688988644368
second_life,SEI_x0p1,$\delta_{\mathrm{SEI}}\times0.1$,50.0,4.109357928234362,0.9232078031819464,0.0139667536792518,130.8236907007756,7.0154101854214845,102.73270633222596,21.07557418312816,0.160133166235133,5.441951959053311,5.041062396071404,1.2881530242598344e-08,9.662144948996449e-08,0.5148020952811257,0.4178394256772957
second_life,SEI_x0p1,$\delta_{\mathrm{SEI}}\times0.1$,51.0,4.101349185896497,0.9214085601982216,0.0140450415127922,134.09426971008446,7.121992220420358,105.73320109243612,21.239076397227983,0.1598319023699637,5.440266296180666,5.037193719301196,1.3077233654211929e-08,9.802229675204653e-08,0.5144070192533383,0.4177099985136804
second_life,SEI_x0p1,$\delta_{\mathrm{SEI}}\times0.1$,52.0,4.093276329515355,0.9195949133620988,0.0141242776959535,137.44957383721348,7.228375114818453,108.81860248308512,21.4025962393099,0.159528253939762,5.438581237274213,5.033324625429818,1.3272571408564762e-08,9.944220734675657e-08,0.514011900630451,0.4175806177232944
second_life,SEI_x0p1,$\delta_{\mathrm{SEI}}\times0.1$,53.0,4.085137718349078,0.917766494064732,0.014204485314766,140.8924243878741,7.334557674859757,111.99173347402989,21.56613323898445,0.1592221596836522,5.436896786802177,5.029455125587301,1.3467541313710282e-08,1.0088164778440777e-07,0.513616740549082,0.4174512836492134
second_life,SEI_x0p1,$\delta_{\mathrm{SEI}}\times0.1$,54.0,4.076930031305965,0.9159225561901032,0.0142856875067302,144.4257879202255,7.440538983000718,115.25556278044724,21.72968615677753,0.1589134955567859,5.435212956870594,5.025585249101228,1.3662141684876734e-08,1.0234111203168481e-07,0.5132215420042153,0.417321997220953
second_life,SEI_x0p1,$\delta_{\mathrm{SEI}}\times0.1$,55.0,4.068648535487753,0.9140620364459212,0.0143679064978169,148.0527261488273,7.546317017651883,118.61315572841066,21.893253402764767,0.158602084777832,5.433529763206724,5.021715033591294,1.3856368810069376e-08,1.038210971632038e-07,0.5128263088376399,0.4171927596460704
second_life,SEI_x0p1,$\delta_{\mathrm{SEI}}\times0.1$,56.0,4.060295291634085,0.9121853977976782,0.0144511940994887,151.77755673236942,7.651903995561795,122.0688152792536,22.056837457554035,0.1582880043989869,5.431847179428957,5.0178444203630646,1.4050245121392913e-08,1.053225944359722e-07,0.5124310350553776,0.4170635688989551
second_life,SEI_x0p1,$\delta_{\mathrm{SEI}}\times0.1$,57.0,4.051867097077912,0.9102919207346232,0.0145355826246451,155.60402113319873,7.757298002130757,125.6262879848968,22.220435146171152,0.157971134845387,5.43016523753036,5.013973484540591,1.4243767103304673e-08,1.068462901681594e-07,0.5120357283292277,0.4169344274360719
second_life,SEI_x0p1,$\delta_{\mathrm{SEI}}\times0.1$,58.0,4.04336377515806,0.9083815655680806,0.0146210740280977,159.53431829880586,7.862483675522692,129.2877855178561,22.384049105427103,0.1576514695455177,5.4284839094350765,5.010102163733468,1.4436906548764604e-08,1.0839217532198197e-07,0.5116403822877732,0.4168053331017238
second_life,SEI_x0p1,$\delta_{\mathrm{SEI}}\times0.1$,59.0,4.034783474616901,0.906453916394759,0.0147076947947884,163.5720001370361,7.967456877448832,133.05686497243386,22.54767828715342,0.1573289393961127,5.426803204868455,5.006230482742737,1.4629655859144768e-08,1.0996078387388677e-07,0.5112449994637396,0.4166762866426344
second_life,SEI_x0p1,$\delta_{\mathrm{SEI}}\times0.1$,60.0,4.026124126157558,0.9045085083266982,0.0147954743777516,167.72085879713188,8.072220592323085,136.9373160404826,22.711322164326187,0.1570034671433404,5.425123128033269,5.0023584540384745,1.482202051435538e-08,1.1155270083475453e-07,0.5108495811305929,0.4165472883814975
second_life,SEI_x0p1,$\delta_{\mathrm{SEI}}\times0.1$,61.0,4.017377645291658,0.9025435251038202,0.0148844390347069,171.98486690448922,8.17677729909788,140.93311019252758,22.87497941286376,0.1566747508351693,5.423443691455715,4.998486108950188,1.5014005066190264e-08,1.1316853711826585e-07,0.5104541304877571,0.4164183392800893
second_life,SEI_x0p1,$\delta_{\mathrm{SEI}}\times0.1$,62.0,4.008541302483524,0.9005583535090048,0.0149746198915197,176.36816106774071,8.281128538412105,145.04838358260136,23.03864894672725,0.1563426885973473,5.421764904983081,4.994613473174981,1.5205612343534097e-08,1.1480891972227625e-07,0.5100586501594655,0.416289440094496
second_life,SEI_x0p1,$\delta_{\mathrm{SEI}}\times0.1$,63.0,3.999619306951559,0.8985539391846962,0.0150660543731167,180.87508358801767,8.385271060705454,149.28748241588806,23.20233011142416,0.1560074377428847,5.4200867738829865,4.990740562199006,1.539683637962111e-08,1.164745070062113e-07,0.5096631417271907,0.4161605912291715
second_life,SEI_x0p1,$\delta_{\mathrm{SEI}}\times0.1$,64.0,3.990606046345497,0.8965290212610331,0.015158773720377,185.51017644680448,8.489201343527208,153.65495650588775,23.36601859738952,0.1556687887305317,5.418409340727798,4.986867477992219,1.5587670706610615e-08,1.1816598265006786e-07,0.509267615604283,0.4160317959528717
second_life,SEI_x0p1,$\delta_{\mathrm{SEI}}\times0.1$,65.0,3.981499179116664,0.8944830736860032,0.0152528137802154,190.27821559539228,8.592919557079698,158.15558207983986,23.52971395847271,0.1553266541615565,5.4167326082972345,4.98299423111113,1.5778115637024102e-08,1.198840610812896e-07,0.5088720728687914,0.415903054479027
second_life,SEI_x0p1,$\delta_{\mathrm{SEI}}\times0.1$,66.0,3.972299058822962,0.8924161758898779,0.0153482144217349,195.184226217084,8.69642618249058,162.79437998304493,23.69342005154851,0.1549810472443762,5.415056535125056,4.979120730297024,1.59681720542968e-08,1.2162949059480918e-07,0.5084765042012167,0.4157743636238107
second_life,SEI_x0p1,$\delta_{\mathrm{SEI}}\times0.1$,67.0,3.963002810033184,0.8903276818786658,0.0154450143631287,200.2334752597404,8.799720372607451,167.57661846361808,23.857136423514817,0.1546318606288424,5.4133811238279455,4.97524698627089,1.6157838402907496e-08,1.2340305038392965e-07,0.508080910696405,0.415645723588135
second_life,SEI_x0p1,$\delta_{\mathrm{SEI}}\times0.1$,68.0,3.953607700029047,0.8882169777202431,0.0155432535051664,205.43145946657364,8.902800838486744,172.50779683951717,24.02086178856973,0.1542789923077803,5.411706385259684,4.971373029456489,1.6347112316128505e-08,1.252055407320723e-07,0.5076852954612838,0.4155171352053659
second_life,SEI_x0p1,$\delta_{\mathrm{SEI}}\times0.1$,69.0,3.9441117668735792,0.8860836226461114,0.0156429730813945,210.78389481715828,9.005665631736887,177.59363425048937,24.18459493493204,0.1539223690594254,5.410032329568481,4.967498888526152,1.6535990216369306e-08,1.2703777571960865e-07,0.5072896614239217,0.4153885992546947
second_life,SEI_x0p1,$\delta_{\mathrm{SEI}}\times0.1$,70.0,3.934511942724569,0.8839269274352495,0.0157442054430937,216.29618906722985,9.10831035197889,182.83954376245205,24.348334952798883,0.1535618763566131,5.408358963054289,4.963624585007007,1.6724464023758083e-08,1.2890039502999685e-07,0.5068940107827067,0.4152601162198391
second_life,SEI_x0p1,$\delta_{\mathrm{SEI}}\times0.1$,71.0,3.924804113309595,0.8817459677757646,0.0158470051912493,221.9752863033605,9.210738820418236,188.25246642957487,24.512081053367343,0.1531973605987668,5.406686291303636,4.959750137563167,1.6912540754701965e-08,1.307945118375511e-07,0.5064983454436504,0.4151316865297392
second_life,SEI_x0p1,$\delta_{\mathrm{SEI}}\times0.1$,72.0,3.914983682928449,0.879539711198262,0.0159514202895415,227.82798968538083,9.312949511636624,193.8392075570671,24.67583261667709,0.1528286502135586,5.405014317659235,4.955875560863705,1.7100217608263942e-08,1.327211073909297e-07,0.5061026669047842,0.4150033104410526
second_life,SEI_x0p1,$\delta_{\mathrm{SEI}}\times0.1$,73.0,3.905035830221337,0.8773048279380307,0.0160574898946528,233.86123088424148,9.414936483619512,199.6067084497344,24.83958595088758,0.1524551918605007,5.403343076530918,4.9520009422624085,1.7287483673857458e-08,1.3468112964302546e-07,0.5057069840868297,0.4148749905958061
second_life,SEI_x0p1,$\delta_{\mathrm{SEI}}\times0.1$,74.0,3.894965089500378,0.875042336673025,0.0161652694257192,240.082322881453,9.516699688724511,205.56228430141272,25.00333889131576,0.1520771549337792,5.401672586425868,4.948126332978519,1.7474338864002703e-08,1.3667557239804514e-07,0.5053113022203849,0.414746728415003
second_life,SEI_x0p1,$\delta_{\mathrm{SEI}}\times0.1$,75.0,3.884772221800249,0.8727524083771944,0.0162748149772072,246.49899979565163,9.618240891031174,211.7136637776185,25.1670951270019,0.1516945678342089,5.400002805882213,4.944251645724505,1.7660786417860808e-08,1.3870548260611406e-07,0.5049156123914949,0.4146185207151524
second_life,SEI_x0p1,$\delta_{\mathrm{SEI}}\times0.1$,76.0,3.87445333722897,0.8704341691479258,0.016386181265708,253.1194128973396,9.71955639381943,218.06900379345737,25.33085271006277,0.1513072853679368,5.398333750607821,4.940376926589838,1.7846819547601824e-08,1.407719587674695e-07,0.5045199193068969,0.4144903687023226
second_life,SEI_x0p1,$\delta_{\mathrm{SEI}}\times0.1$,77.0,3.864004389879883,0.8680867100323703,0.0164994252649093,259.95212910091334,9.820643678285313,224.63687489407417,25.49461052855387,0.1509151565080035,5.396665427576256,4.936502201884584,1.8032433628257487e-08,1.4287613985010854e-07,0.5041242256534207,0.4143622729119521
second_life,SEI_x0p1,$\delta_{\mathrm{SEI}}\times0.1$,78.0,3.853424513160269,0.865709836341923,0.0166145680791716,267.00348128814693,9.92148693137301,231.4236275715388,25.658366785235167,0.1505181489308272,5.394997850531589,4.932627514133797,1.821759962426876e-08,1.4501837431038608e-07,0.5037285357737994,0.4142342343993267
second_life,SEI_x0p1,$\delta_{\mathrm{SEI}}\times0.1$,79.0,3.8427078664222414,0.8633022359174106,0.0167316895640375,274.2841322225692,10.02209040138102,238.439921570592,25.822120250596218,0.1501160446018794,5.393331026842203,4.928752892429307,1.8402325336260843e-08,1.472002911461233e-07,0.5033328526389412,0.4141062537301994
second_life,SEI_x0p1,$\delta_{\mathrm{SEI}}\times0.1$,80.0,3.8318476725574047,0.8608623862145655,0.0168508832832375,281.8061170107398,10.12246099616134,245.6977863515376,25.98586966304084,0.14970859053612,5.391664963733504,4.924878366622134,1.858662344826819e-08,1.4942380994358766e-07,0.5029371792972845,0.4139783314593453
second_life,SEI_x0p1,$\delta_{\mathrm{SEI}}\times0.1$,81.0,3.8208356856664976,0.8583884347107619,0.0169722036066229,289.5792962465584,10.222590045476185,253.2070957396421,26.149610461440005,0.1492954789701184,5.389999701618979,4.921004044634571,1.877047804020525e-08,1.5169005884581793e-07,0.5025415267700424,0.4138504706897591
second_life,SEI_x0p1,$\delta_{\mathrm{SEI}}\times0.1$,82.0,3.8096630651454224,0.855878395277064,0.017095717552556,297.6147301840594,10.322473023267358,260.9789129800927,26.313344180699367,0.1488763798795562,5.388335218454149,4.917129890148738,1.8953880801431043e-08,1.540004155697673e-07,0.5021458913483694,0.4137226697288401
second_life,SEI_x0p1,$\delta_{\mathrm{SEI}}\times0.1$,83.0,3.798326409781341,0.85333150379745,0.0172214985730674,305.92404015690965,10.422113152712951,269.0248561548275,26.47707084936921,0.1484511663146156,5.386671507012119,4.913255902489098,1.9136837650268923e-08,1.563563010740874e-07,0.5017502729632786,0.4135949280216988
second_life,SEI_x0p1,$\delta_{\mathrm{SEI}}\times0.1$,84.0,3.7868265465419695,0.8507479460583767,0.0173496270620478,314.5195890104497,10.521512976310213,277.357288012029,26.64078802211057,0.1480198691748939,5.3850085846785545,4.909382139515577,1.9319353255192183e-08,1.5875922672856276e-07,0.5013546775235266,0.4134672469032269
second_life,SEI_x0p1,$\delta_{\mathrm{SEI}}\times0.1$,85.0,3.7751578165201294,0.8481264507305127,0.0174801831742144,323.4144779766978,10.620671331718205,285.9893133891333,26.80449325584629,0.1475822772448669,5.383346468203188,4.905508659034584,1.9501425481937908e-08,1.61210782638128e-07,0.5009591109324049,0.4133396276594883
second_life,SEI_x0p1,$\delta_{\mathrm{SEI}}\times0.1$,86.0,3.7633143502863473,0.8454656991886174,0.0176132499432644,332.6225203915689,10.719583078105176,294.93475316135937,26.96818415210436,0.1471381714513458,5.381685173179501,4.901635517797112,1.968304489103244e-08,1.637126199843236e-07,0.5005635789854239,0.4132120714877689
second_life,SEI_x0p1,$\delta_{\mathrm{SEI}}\times0.1$,87.0,3.7512895282269976,0.8427642042711775,0.0177489126628209,342.1582221264932,10.818244831899849,304.20811968854497,27.131857606048342,0.1466873047301039,5.380024721660036,4.89776278926766,1.9864205269642216e-08,1.6626643489821478e-07,0.5001680891849068,0.4130845800812885
second_life,SEI_x0p1,$\delta_{\mathrm{SEI}}\times0.1$,88.0,3.739072471629757,0.8400195219681361,0.0178872611394062,352.0371386268571,10.91665414565282,313.82497234047906,27.2955121407252,0.1462292710321639,5.378365118361641,4.893890508392877,2.0044902123818552e-08,1.688740556500678e-07,0.4997726450996662,0.4129571538022124
second_life,SEI_x0p1,$\delta_{\mathrm{SEI}}\times0.1$,89.0,3.7266695572757937,0.8372330848862983,0.0180282972590626,362.2676804436092,11.014787652032307,323.79374480822395,27.459147983352924,0.1457643083305215,5.376706349923658,4.8900186697964845,2.022509254701953e-08,1.715352623717324e-07,0.4993772461806672,0.4128297916246934
second_life,SEI_x0p1,$\delta_{\mathrm{SEI}}\times0.1$,90.0,3.714071795635049,0.8344028734390422,0.0181721445977264,372.8688254137239,11.112649159674188,334.1334129974969,27.622763256552822,0.145292081078522,5.3750484235630696,4.8861473178997255,2.0404783532572283e-08,1.74252547989572e-07,0.4989818969642847,0.4127024941028601
second_life,SEI_x0p1,$\delta_{\mathrm{SEI}}\times0.1$,91.0,3.701256457044837,0.831523781183385,0.0183189895119643,383.8660434786529,11.210252219306645,344.869438198757,27.786353060589253,0.14481174096628,5.373391375948695,4.88227656863677,2.058399996200335e-08,1.7702986518089045e-07,0.4985866092899185,0.4125752640521871
second_life,SEI_x0p1,$\delta_{\mathrm{SEI}}\times0.1$,92.0,3.6882185358355617,0.8285946835462644,0.0184689553324984,395.27990701317214,11.307592634716908,356.0224008071372,27.94991357131807,0.1443231011910272,5.371735231517817,4.878406512491881,2.076273413032612e-08,1.79869631982681e-07,0.4981913923979799,0.4124481033489975
second_life,SEI_x0p1,$\delta_{\mathrm{SEI}}\times0.1$,93.0,3.674952684587201,0.8256143791770123,0.0186221767856719,407.1327736415161,11.404665899820218,367.6146666375009,28.113441104195022,0.1438259621854495,5.370080011939936,4.874537236646208,2.0940977763574336e-08,1.827744976105902e-07,0.4977962551915598,0.4123210136571011
second_life,SEI_x0p1,$\delta_{\mathrm{SEI}}\times0.1$,94.0,3.661444196887393,0.8225795641349922,0.0187788029533196,419.4495957659393,11.50146569384968,379.6712020952862,28.2769279768034,0.143319775145936,5.368425777871213,4.870668922875804,2.1118719255705332e-08,1.857475150791412e-07,0.4974012162339462,0.4121939996337485
second_life,SEI_x0p1,$\delta_{\mathrm{SEI}}\times0.1$,95.0,3.6476834948469,0.8194880866528875,0.0189389900482021,432.256678718146,11.597985600440827,392.2183207030207,28.44037241468448,0.1428041826011146,5.366772528478193,4.866801613166688,2.1295946825142453e-08,1.8879179765396538e-07,0.4970062798128248,0.4120670612149461
second_life,SEI_x0p1,$\delta_{\mathrm{SEI}}\times0.1$,96.0,3.6336588205412426,0.8163373051969555,0.0191029224621162,445.5840065634656,11.694219854609925,405.2860144001705,28.603772308685144,0.1422787457257388,5.365120264554718,4.862935357424188,2.1472649886358904e-08,1.919110548309187e-07,0.4966114510246149,0.411940198461646
second_life,SEI_x0p1,$\delta_{\mathrm{SEI}}\times0.1$,97.0,3.6193554387971902,0.8131239093651466,0.0192707983848235,459.464283980123,11.790158440095922,418.9070046056544,28.76712093437266,0.1417429146474092,5.363469031513061,4.859070314757201,2.1648810047733096e-08,1.951093108753515e-07,0.4962167461177948,0.4118134148606557
second_life,SEI_x0p1,$\delta_{\mathrm{SEI}}\times0.1$,98.0,3.604756308705709,0.8098440707491137,0.0194428346506504,473.9334626952596,11.885789323707629,433.1172623761532,28.93041099539876,0.1411960534603808,5.361818877964789,4.855206657806893,2.1824405214203976e-08,1.9839098355878968e-07,0.4958221827227819,0.4116867141444279
second_life,SEI_x0p1,$\delta_{\mathrm{SEI}}\times0.1$,99.0,3.589833076398864,0.8064914193726743,0.0196192688976948,489.0315615335543,11.98109666717741,447.9568300226513,29.09363484372556,0.1406371040972699,5.360169853705404,4.851344567535869,2.199940630391915e-08,2.017610201750868e-07,0.4954277793197933,0.4115601001363194
second_life,SEI_x0p1,$\delta_{\mathrm{SEI}}\times0.1$,100.0,3.574576602250217,0.8030639019285745,0.0198003635346852,504.8018074268602,12.076071105592852,463.4689520984605,29.2567842228068,0.1400657255453991,5.35852201243261,4.84748423930484,2.217379612124796e-08,2.052246420346233e-07,0.4950335558594061,0.4114335769593027
second_life,Cp_x0p8,$C_p\times0.8$,0.0,3.882244603792998,1.0,0.0124342989774829,48.51272570718261,14.457394060807909,21.12576703109742,12.92956461527729,0.1730196110765483,4.421546668194466,5.233807663519556,2.6546325004696767e-08,4.381526340964325e-08,0.5344855785911435,0.3394915159752952
second_life,Cp_x0p8,$C_p\times0.8$,1.0,3.880524325375959,0.999556885618346,0.0124816756499339,49.53006728237226,14.56772402289168,21.887971606165667,13.074371653314907,0.1727926353936569,4.419603147060845,5.230381339128153,2.6748910271371583e-08,4.459867355117237e-08,0.534135676360776,0.3393422901533154
second_life,Cp_x0p8,$C_p\times0.8$,2.0,3.8788045543251326,0.9991139019255756,0.0125294125503111,50.56810551633271,14.677922509561196,22.6708996445474,13.219283362224116,0.1725647234529443,4.417658663522611,5.226952538086683,2.6951254126000617e-08,4.538930794646239e-08,0.5337855212105785,0.3391929904367859
second_life,Cp_x0p8,$C_p\times0.8$,3.0,3.877085282481809,0.9986710468201442,0.0125775152881219,51.62733268009631,14.787989011723576,23.475043282349965,13.364300386022771,0.1723358604314181,4.41571321018478,5.223521245156839,2.7153355633799555e-08,4.6187279741350646e-08,0.5334351115843887,0.3390436162579108
second_life,Cp_x0p8,$C_p\times0.8$,4.0,3.875366490836031,0.9982283154054108,0.0126259910273692,52.70829014935139,14.897924608079665,24.300942207716933,13.509423333554798,0.1721060260149944,4.41376678010854,5.220087445932576,2.735521677545337e-08,4.699273697222939e-08,0.533084446011036,0.3388941670839202
second_life,Cp_x0p8,$C_p\times0.8$,5.0,3.873648150347056,0.9977857002009756,0.0126748458234133,53.81150438427115,15.007729781398716,25.149121780150235,13.654652822722204,0.1718752042372632,4.41181936620498,5.216651125793522,2.7556838437411574e-08,4.780580060979889e-08,0.5327335229974625,0.3387446423705191
second_life,Cp_x0p8,$C_p\times0.8$,6.0,3.871930221528274,0.9973431910357616,0.0127240857350824,54.937514937082014,15.117403846183194,26.020121507788133,13.799989583110689,0.1716433789767264,4.409870959908792,5.213212267476723,2.7758219360979773e-08,4.862659322255976e-08,0.5323823407807451,0.3385950414600534
second_life,Cp_x0p8,$C_p\times0.8$,7.0,3.8702126568188606,0.9969007756589108,0.0127737158848076,56.08684970006794,15.22694481102544,26.914470545280743,13.945434343761754,0.1714105375937544,4.40792155263924,5.209770853732102,2.7959355889582343e-08,4.9455216144151526e-08,0.5320308975992758,0.338445363693684
second_life,Cp_x0p8,$C_p\times0.8$,8.0,3.8684954036323016,0.9964584405250346,0.0128237434357463,57.26010073850122,15.33635280759245,27.832760271944903,14.090987658963869,0.1711766602984221,4.40597113816714,5.206326871444465,2.8160248264983112e-08,5.029181662146637e-08,0.5316791921137083,0.3382956085931269
second_life,Cp_x0p8,$C_p\times0.8$,9.0,3.866778424170428,0.9960161758979692,0.0128741763418926,58.45789734187095,15.445627672610913,28.775621330403894,14.236648338856142,0.170941725185906,4.404019733643529,5.202880348767482,2.8360896187383466e-08,5.113656346440264e-08,0.5313272271991444,0.3381457774752587
second_life,Cp_x0p8,$C_p\times0.8$,10.0,3.865061652583368,0.9955739648159104,0.012925038045432,59.68129861819709,15.554786990957096,29.744094584504527,14.382417042735469,0.1707056543068506,4.402067328848163,5.199431270101324,2.8561331945717298e-08,5.1989969250162497e-08,0.5309750012625023,0.3379958695553572
second_life,Cp_x0p8,$C_p\times0.8$,11.0,3.8633450084487673,0.9951317865634316,0.0129763311671253,60.93083552686736,15.663826207917598,30.738713749816643,14.528295569133114,0.1704684446420646,4.400113901470792,5.195979592890383,2.876154717672756e-08,5.285207336391973e-08,0.530622509957929,0.3378458831204154
second_life,Cp_x0p8,$C_p\times0.8$,12.0,3.8616284141710135,0.994689621153226,0.0130280523758867,62.20688245689146,15.772734197946228,31.75986302577368,14.674285233171558,0.1702301147258485,4.398159436880065,5.192525286017138,2.896152145194952e-08,5.372278199500155e-08,0.5302697501076489,0.3376958170470211
second_life,Cp_x0p8,$C_p\times0.8$,13.0,3.859911792906784,0.9942474487917649,0.0130802096160208,63.510127271165885,15.881511301582472,32.808228964818184,14.820387004765228,0.1699906459964295,4.396203923351275,5.189068326532139,2.916125539667372e-08,5.4602254820363926e-08,0.5299167193680242,0.3375456704349375
second_life,Cp_x0p8,$C_p\times0.8$,14.0,3.858195072170144,0.9938052508079072,0.0131328110881815,64.8412779984132,15.990155809117471,33.88452084608127,14.966601343214467,0.1697500293024623,4.394247355949466,5.185608703567739,2.936074587157318e-08,5.5490655900465377e-08,0.5295634166292318,0.3373954429052528
second_life,Cp_x0p8,$C_p\times0.8$,15.0,3.856478138649942,0.9933629980146326,0.0131858623701218,66.20108483040622,16.098670251244357,34.98948198660076,15.112932592561098,0.1695080994464309,4.392289677816554,5.182146314338215,2.95599975234468e-08,5.6388162194418176e-08,0.5292098313946139,0.3372451300923372
second_life,Cp_x0p8,$C_p\times0.8$,16.0,3.8547609436674,0.9929206778731188,0.0132393743598376,67.59029382532606,16.207054006105025,36.12386093450172,15.259378884719316,0.1692649531105711,4.390330915171291,5.178681203044922,2.97590092104534e-08,5.729493943648695e-08,0.5288559681780904,0.337094734009297
second_life,Cp_x0p8,$C_p\times0.8$,17.0,3.853043411710496,0.9924782709327556,0.0132933573933517,69.00970659884042,16.315306543261006,37.2884592362453,15.405940819334122,0.1690206081786331,4.3883710613591,5.175213355499476,2.995777995861443e-08,5.821118002482731e-08,0.5285018255307187,0.3369442541451859
second_life,Cp_x0p8,$C_p\times0.8$,18.0,3.851325468569716,0.9920357580784392,0.0133478217827558,70.46020057560469,16.42342979606527,38.4841515679801,15.55261921155932,0.1687749987593777,4.386410106424481,5.171742752414269,3.015631331790689e-08,5.9137116139587284e-08,0.5281474014828144,0.3367936897356091
second_life,Cp_x0p8,$C_p\times0.8$,19.0,3.849607046864236,0.9915931219540176,0.0134027774062437,71.94264272914742,16.531423723911267,39.71180469581021,15.699414309425944,0.1685280929196385,4.384448048201681,5.168269387920561,3.0354609213769974e-08,6.007295504280243e-08,0.5277926954350516,0.3366430406142774
second_life,Cp_x0p8,$C_p\times0.8$,20.0,3.8478880745277273,0.9911503439964334,0.0134582288605304,73.45775354321516,16.639283206965747,40.97214355990433,15.846326776345084,0.1682798823128091,4.382484878924913,5.164793246321175,3.055265824528699e-08,6.101878091788297e-08,0.5274377057844073,0.3364923061849249
second_life,Cp_x0p8,$C_p\times0.8$,21.0,3.846168478777289,0.9907074054580532,0.0135141857726222,75.00642551072113,16.747007883926564,42.26606009156528,15.993357535229284,0.1680303405254108,4.380520587409007,5.161314305778792,3.075045974904348e-08,6.197479043791921e-08,0.5270824303008161,0.3363414855887409
second_life,Cp_x0p8,$C_p\times0.8$,22.0,3.8444481900472702,0.9902642884199516,0.0135706578727173,76.58957716995029,16.854597036474008,43.59447276114401,16.14050737233227,0.1677794410229414,4.378555164298725,5.157832547689616,3.0948012406077763e-08,6.294118260536577e-08,0.5267268670844262,0.3361905781074195
second_life,Cp_x0p8,$C_p\times0.8$,23.0,3.842727137079928,0.9898209745273492,0.0136276551532243,78.20815797303729,16.962050091175065,44.95833052360059,16.287777358261643,0.1675271564709857,4.376588596449007,5.154347946721669,3.1145315163465715e-08,6.391816106239318e-08,0.5263710135482914,0.3360395827316674
second_life,Cp_x0p8,$C_p\times0.8$,24.0,3.841005253090183,0.9893774465775484,0.0136851878677121,79.8631516921923,17.06936547660868,46.35861789881071,16.43516831677291,0.1672734587258083,4.374620873966056,5.150860483383815,3.1342365135801183e-08,6.49059369728856e-08,0.5260148677019431,0.3358884987018276
second_life,Cp_x0p8,$C_p\times0.8$,25.0,3.839282471035837,0.9889336873016228,0.0137432666148484,81.55557658428917,17.176542608386796,47.796352752946994,16.58268122295537,0.1670183188202512,4.372651984952134,5.147370134604161,3.153916125004461e-08,6.590472659264319e-08,0.5256584271892393,0.3357373251043778
second_life,Cp_x0p8,$C_p\times0.8$,26.0,3.8375587307374746,0.9884896811983808,0.0138019021765956,83.28648325083668,17.28358083582409,49.27258583399467,16.730316581017924,0.1667617075748779,4.370681923781729,5.143876888452465,3.1735702311423017e-08,6.691475022562817e-08,0.5253016907918427,0.3355860615073844
second_life,Cp_x0p8,$C_p\times0.8$,27.0,3.8358339683672384,0.9880454118268552,0.013861106075234,85.05697396253963,17.390479879430735,50.78841877829534,16.878075304813553,0.1665035932814575,4.368710679261677,5.140380723305768,3.1931987806743795e-08,6.79362436086672e-08,0.524944656301579,0.3354347070514236
second_life,Cp_x0p8,$C_p\times0.8$,28.0,3.834108119068444,0.9876008624810698,0.0139208881063594,86.86816524479678,17.497239469220958,52.34496705298438,17.025958722591447,0.1662438876723648,4.366738234944208,5.13688160773595,3.212801724026543e-08,6.896943197973527e-08,0.524587320508954,0.335283260473616
second_life,Cp_x0p8,$C_p\times0.8$,29.0,3.8323811267587415,0.9871560187151682,0.0139812571276935,88.72121651454107,17.603859020439025,53.94338984193275,17.1739676521693,0.1659824445339244,4.364764580932115,5.133379522392374,3.2323789538273306e-08,7.00145498662741e-08,0.5242296814378464,0.3351317210140427
second_life,Cp_x0p8,$C_p\times0.8$,30.0,3.830652917852118,0.9867108615746484,0.014042229339749,90.6173391441542,17.71033646242252,55.58489941411534,17.322103267616342,0.1657194040643378,4.362789702591663,5.129874439495023,3.2519300898666055e-08,7.107184600931654e-08,0.5238717362513126,0.3349800875491085
second_life,Cp_x0p8,$C_p\times0.8$,31.0,3.8289234343606857,0.9862653761228192,0.014103817215492,92.55778707912516,17.81667170427203,57.27074923041768,17.47036614443545,0.1654547316589655,4.360813593294443,5.126366345426742,3.271455115453632e-08,7.214157442738498e-08,0.5235134835587449,0.3348283595698763
second_life,Cp_x0p8,$C_p\times0.8$,32.0,3.827192615983472,0.9858195468271784,0.0141660338645795,94.54386749276657,17.92286569778414,59.002244775866224,17.61875701911621,0.1651883917976301,4.358836244191972,5.122855222761225,3.29095420535505e-08,7.32240003301116e-08,0.5231549215805384,0.3346765363969491
second_life,Cp_x0p8,$C_p\times0.8$,33.0,3.825460402810005,0.9853733582558104,0.0142288924605381,96.57693127855242,18.02891586754034,60.78073887605001,17.767276534962058,0.1649203483651621,4.356857647782944,5.119341056277066,3.310426886678604e-08,7.431939600084109e-08,0.5227960487622568,0.3345246174543683
second_life,Cp_x0p8,$C_p\times0.8$,34.0,3.8237267231827503,0.9849267919509568,0.0142924068310888,98.65838445860882,18.13482163621436,62.60763658711836,17.91592623527611,0.164650563304791,4.354877784603824,5.115823809457691,3.3298730534170065e-08,7.542804277134535e-08,0.5224368613747636,0.3343726012477006
second_life,Cp_x0p8,$C_p\times0.8$,35.0,3.821991514552897,0.98447983180111,0.0143565907295699,100.78968849495948,18.24058232246718,64.48439939051504,18.064706781977257,0.1643789753250832,4.352896646718853,5.112303466641231,3.3492925804644024e-08,7.655023238225055e-08,0.5220773578186415,0.3342204871676292
second_life,Cp_x0p8,$C_p\times0.8$,36.0,3.8202547121559776,0.984032461124048,0.014421457659138,102.97236520768224,18.346197301603976,66.41254900794193,18.21361889813633,0.1641054861136691,4.350914225453874,5.108780010718883,3.3686853531158035e-08,7.768626796830366e-08,0.5217175363467095,0.3340682745481423
second_life,Cp_x0p8,$C_p\times0.8$,37.0,3.818516228477342,0.9835846573774892,0.0144870246710274,105.20800388887425,18.451667001963862,68.39367222755448,18.36266465935589,0.163830115471842,4.348930494114161,5.105253392579168,3.388051450021825e-08,7.883646550219175e-08,0.5213573919436176,0.3339159613395878
second_life,Cp_x0p8,$C_p\times0.8$,38.0,3.816775979308364,0.983136398870728,0.0145533081121136,107.49825232818614,18.55699163547979,70.42941499266837,18.51184570003798,0.1635528362847845,4.346945431867532,5.10172357354999,3.407390910097095e-08,8.000114897234375e-08,0.5209969206601041,0.333763545942446
second_life,Cp_x0p8,$C_p\times0.8$,39.0,3.815033883625256,0.9826876647334184,0.0146203246726483,109.8448348491152,18.662171091479216,72.52150071306956,18.66116304456643,0.1632736025291408,4.3449590259199695,5.098190529393086,3.426703713020182e-08,8.118065949211064e-08,0.5206361200209149,0.3336110273743777
second_life,Cp_x0p8,$C_p\times0.8$,40.0,3.8132898517945897,0.9822384318775178,0.0146880911933391,112.2495281079725,18.76720523964519,74.67170487184723,18.810617996480072,0.1629923680141083,4.342971259771261,5.094654229265016,3.4459898348625976e-08,8.237533947541993e-08,0.5202749868762643,0.3334584043684771
second_life,Cp_x0p8,$C_p\times0.8$,41.0,3.811543805768857,0.9817886801993192,0.0147566244955743,114.71416059467016,18.872092897570024,76.88185735176152,18.960210345338613,0.1627090874696008,4.340982137262893,5.091114678145075,3.4652490585134366e-08,8.35855331951772e-08,0.5199135217346464,0.3333056772196981
second_life,Cp_x0p8,$C_p\times0.8$,42.0,3.8097956598670506,0.9813383876288568,0.0148259432406955,117.2406915234054,18.976832779490053,79.1539188600192,19.109939883896143,0.1624237094180682,4.338991661875657,5.087571880936973,3.4844811478838175e-08,8.481162697325721e-08,0.5195517250968368,0.3331528461953001
second_life,Cp_x0p8,$C_p\times0.8$,43.0,3.8080452852305737,0.9808875209743532,0.0148960662123261,119.8311292382543,19.08142551123789,81.48989436611532,19.259809360901105,0.1621361817873541,4.336999797813055,5.084025772601716,3.5036862178876425e-08,8.605399981255581e-08,0.5191895903209398,0.3329999085467859
second_life,Cp_x0p8,$C_p\times0.8$,44.0,3.80629256359727,0.980436049773494,0.0149670132811999,122.48759273915798,19.18587047770909,83.89190250030396,19.409819761144924,0.1618464495330397,4.335006532727325,5.080476329837849,3.522864155580891e-08,8.731305932692361e-08,0.5188271150273701,0.33284686332608
second_life,Cp_x0p8,$C_p\times0.8$,45.0,3.804537365869874,0.9799839407730254,0.0150388040034188,125.21224608036044,19.290166806056007,86.36210727513786,19.559971999166567,0.161554459312215,4.333011855133348,5.07692353100618,3.5420148006933424e-08,8.858920395630572e-08,0.5184642970062957,0.3326937096513416
second_life,Cp_x0p8,$C_p\times0.8$,46.0,3.802779572466137,0.9795311631705992,0.0151114590495093,128.00737198698974,19.394312434865927,88.90279453184903,19.71026502027479,0.161260154816458,4.331015779625298,5.073367401062089,3.5611377747132675e-08,8.9882861505516e-08,0.5181011388062033,0.3325404486431285
second_life,Cp_x0p8,$C_p\times0.8$,47.0,3.801018993056616,0.979077667940597,0.0151849982597457,130.8752626836192,19.498307143468665,91.516253017728,19.86070252242255,0.1609634819792259,4.329018257713098,5.069807852507157,3.580233037121732e-08,9.119442702523024e-08,0.517737631491602,0.3323870765783158
second_life,Cp_x0p8,$C_p\times0.8$,48.0,3.799255446356588,0.9786234083871664,0.0152594438619888,133.818393412774,19.60215010602188,94.20495741946972,20.01128588728241,0.1606643795039098,4.327019271534468,5.066244852649201,3.599300436279516e-08,9.252435423038702e-08,0.5173737717239087,0.3322335920854168
second_life,Cp_x0p8,$C_p\times0.8$,49.0,3.7974887317806143,0.9781683328429188,0.0153348209264044,136.83944558058852,19.705841224857107,96.97158797625394,20.16201637947746,0.1603627768014651,4.32501880501841,5.062678371565582,3.618339954252971e-08,9.387316001727564e-08,0.5170095564473712,0.3320799939304817
second_life,Cp_x0p8,$C_p\times0.8$,50.0,3.795718626763246,0.9777123839787903,0.015411155107477,139.9412093148367,19.80937999700912,99.81893422034388,20.312895097483697,0.1600586019202214,4.323016844322265,5.059108383264915,3.637351498688808e-08,9.524137311749636e-08,0.5166449830077041,0.3319262810506548
second_life,Cp_x0p8,$C_p\times0.8$,51.0,3.793944882983128,0.9772554978314348,0.0154884711953937,143.12651657838285,19.912764934023112,102.74982868352367,20.46392296083604,0.1597517866036638,4.321013377333058,5.0555348659898,3.6563347962804784e-08,9.662950105179016e-08,0.5162800491830035,0.3317724525158878
second_life,Cp_x0p8,$C_p\times0.8$,52.0,3.792167199439253,0.9767975968681268,0.0155667967500713,146.3984381505826,20.015997142955086,105.76733853565634,20.615102471971174,0.159442224539755,4.319008370975815,5.051957760529303,3.675290050302985e-08,9.80381194099457e-08,0.5159147489265455,0.3316185057866455
second_life,Cp_x0p8,$C_p\times0.8$,53.0,3.7903852331363153,0.9763385927391244,0.0156461536957745,149.75991064680912,20.119071242926083,108.87440307829812,20.76643632558493,0.1591297847432755,4.317001790154741,5.048377003123386,3.694216272732062e-08,9.946770033720941e-08,0.5155490757270439,0.3314644381682319
second_life,Cp_x0p8,$C_p\times0.8$,54.0,3.788598636906966,0.97587839602004,0.0157265728156409,153.21422751225757,20.22198557081601,112.07431705811756,20.917924883323987,0.1588144824976733,4.314993630215118,5.044792585215017,3.713113158189531e-08,1.0091883638968761e-07,0.5151830287106393,0.3313102493032522
second_life,Cp_x0p8,$C_p\times0.8$,55.0,3.786806992194747,0.9754168988978678,0.0158080833826784,156.76479628145785,20.32474087436324,115.37048550502324,21.069569902071382,0.1584962365807864,4.312983867981734,5.041204465234039,3.731980843973345e-08,1.0239212210342988e-07,0.5148166036321147,0.3311559374122866
second_life,Cp_x0p8,$C_p\times0.8$,56.0,3.785009846383789,0.974953984786479,0.0158906757672214,160.4131278548227,20.42731388056794,118.7644412581197,21.22137271613505,0.1581750993267795,4.310972486236438,5.037612611608976,3.750815056750324e-08,1.038872855404814e-07,0.514449797267336,0.3310015011733056
second_life,Cp_x0p8,$C_p\times0.8$,57.0,3.7832066310987553,0.9744895072820808,0.0159744553591207,164.1667217699591,20.52974313444588,122.26364359360916,21.373335041904063,0.1578507556966856,4.30895946218799,5.034016983727812,3.769622874065089e-08,1.0540661115365697e-07,0.5140826054689331,0.3308469388363708
second_life,Cp_x0p8,$C_p\times0.8$,58.0,3.781396744081008,0.9740233112531188,0.0160594222626166,168.02785414575885,20.63200866362084,125.8703863563889,21.52545912574912,0.1575232143754622,4.306944778541122,5.030417528438472,3.78840062863716e-08,1.0695004372546117e-07,0.5137150228089233,0.3306922490735315
second_life,Cp_x0p8,$C_p\times0.8$,59.0,3.779579483066304,0.9735552158083008,0.0161456115204427,172.00071414932415,20.734108253898665,129.58885975065243,21.67774614477308,0.1571923654570123,4.30492842312286,5.026814217889157,3.807147913901447e-08,1.0851830910222053e-07,0.5133470464430324,0.3305374309501325
second_life,Cp_x0p8,$C_p\times0.8$,60.0,3.777754036595161,0.9730850119295038,0.0162330593548134,176.08968808869378,20.836035662488584,133.42345503710288,21.83019738910228,0.1568581073317329,4.30291037803628,5.023207021553787,3.82586358357147e-08,1.1011215826479365e-07,0.5129786732538837,0.3303824830920272
second_life,Cp_x0p8,$C_p\times0.8$,61.0,3.775919467198471,0.9726124581406732,0.0163218052526892,180.2994487944731,20.937794353216923,137.37884016440591,21.98281427685025,0.1565203301290086,4.300890624146241,5.019595905877938,3.84454827366683e-08,1.1173239462562013e-07,0.5126098998148406,0.330227404029997
second_life,Cp_x0p8,$C_p\times0.8$,62.0,3.774074689838921,0.9721372749547018,0.0164118877324052,184.63477613015783,21.039383588485865,141.45979423597277,22.135598305699208,0.1561789276033947,4.298869137906984,5.015980835424483,3.86320184875156e-08,1.1337980216292653e-07,0.5122407225070021,0.3300721919561711
second_life,Cp_x0p8,$C_p\times0.8$,63.0,3.772218459541987,0.9716591416873852,0.0165033380298596,189.1001920903944,21.140796944327008,145.67084355398717,22.2885515920802,0.1558338187615698,4.296845897282242,5.01236176011589,3.881823129271774e-08,1.150550012337282e-07,0.511871136216363,0.3299168451785791
second_life,Cp_x0p8,$C_p\times0.8$,64.0,3.770349344888725,0.9711776896296154,0.016596208254494,193.70157233329425,21.24203595199493,150.01786391230115,22.44167246899816,0.1554848538208765,4.294820917474032,5.008738719395446,3.9004123963928185e-08,1.16759082196042e-07,0.5115011449709409,0.3297613648644498
second_life,Cp_x0p8,$C_p\times0.8$,65.0,3.768465646607068,0.9706924810778882,0.0166905454370491,198.44471537509983,21.343099396859778,154.5066542124269,22.594961765813185,0.1551318775064782,4.292794184692981,5.005111693639405,3.9189694270872326e-08,1.184930226023348e-07,0.5111307467667243,0.3296057499550188
second_life,Cp_x0p8,$C_p\times0.8$,66.0,3.7665653265827497,0.9702029910487278,0.0167863963211044,203.3356055063671,21.443993844070008,159.14318837325976,22.74842328903734,0.1547746880295427,4.290765647289665,5.0014805927807,3.937495426832046e-08,1.2025778798784065e-07,0.5107599324059072,0.3294499964845832
second_life,Cp_x0p8,$C_p\times0.8$,67.0,3.764646072160077,0.969708623841469,0.0168838115551137,208.3805296389684,21.54471576027472,163.93375321006812,22.90206066862553,0.1544132259644801,4.2887352560465,4.997845330929838,3.9559897468417255e-08,1.2205438165222e-07,0.5103886931173046,0.3292941006741594
second_life,Cp_x0p8,$C_p\times0.8$,68.0,3.762705167588539,0.969208679925096,0.0169828416636642,213.58605338201463,21.64526316760876,168.88491403045686,23.05587618394903,0.1540473643293571,4.286702977555583,4.994205854153908,3.974452023945348e-08,1.2388382681277756e-07,0.5100170233931932,0.3291380599586495
second_life,Cp_x0p8,$C_p\times0.8$,69.0,3.760739441190096,0.9687023423294376,0.0170835395034724,218.9591288213257,21.745634285049228,174.0036243812094,23.209870155067176,0.1536769572910433,4.284668804544109,4.990562154879884,3.992881931115702e-08,1.257472022046537e-07,0.5096449224602027,0.328981873779639
second_life,Cp_x0p8,$C_p\times0.8$,70.0,3.7587451446210456,0.968188645545082,0.0171859659201831,224.50745097830625,21.845828471098,179.29757970259317,23.36404280461508,0.1533018335678059,4.282632732423581,4.986914227839928,4.0112793505624215e-08,1.2764576116521678e-07,0.509272389780372,0.328825541784818
second_life,Cp_x0p8,$C_p\times0.8$,71.0,3.7567178005270017,0.9676664362818986,0.0172901853082991,230.23919233209128,21.94584666820671,184.7749476254826,23.518398038401955,0.1529218109159006,4.280594706667056,4.983261980617473,4.029644455336242e-08,1.2958082115935277e-07,0.5088994159159601,0.328669059787544
second_life,Cp_x0p8,$C_p\times0.8$,72.0,3.754652161010552,0.9671343627710148,0.0173962603947485,236.16273191637103,22.045685798656383,190.4441096379485,23.67293647976617,0.1525367149080035,4.278554715834175,4.979605398463517,4.0479766803136895e-08,1.3155366633453814e-07,0.5085259993607729,0.3285124269094128
second_life,Cp_x0p8,$C_p\times0.8$,73.0,3.752541993762101,0.966590819675768,0.0175042563970852,242.2868891063075,22.14534622941711,196.31388363483768,23.827659242052725,0.1521463651891355,4.276512741637973,4.975944455034854,4.066276092876941e-08,1.3356562207262738e-07,0.5081521374245966,0.3283556417463301
second_life,Cp_x0p8,$C_p\times0.8$,74.0,3.750379874456108,0.9660338946165172,0.0176142440212476,248.6211758546161,22.24482587109276,202.3937823568672,23.98256762665617,0.1517505642539406,4.274468763362284,4.972279119538786,4.084542309376023e-08,1.3561813481742308e-07,0.5077778269628268,0.3281987027076842
second_life,Cp_x0p8,$C_p\times0.8$,75.0,3.7481569662365,0.9654613113698468,0.0177262941704537,255.1754618382359,22.344121657540125,208.6936773829508,24.13766279774504,0.1513491159920566,4.27242276093168,4.968609364429559,4.1027747668129726e-08,1.377126481787698e-07,0.5074030651624429,0.3280416082520605
second_life,Cp_x0p8,$C_p\times0.8$,76.0,3.745862731781449,0.9648703557013636,0.0178404817298765,261.9602456434012,22.44322962069969,215.22407070967688,24.292945313024603,0.1509418198516363,4.270374722727183,4.9649351765111325,4.120972736582084e-08,1.398506871146441e-07,0.5070278506758426,0.3278843574873402
second_life,Cp_x0p8,$C_p\times0.8$,77.0,3.743484319147208,0.9642577171695416,0.0179568846265495,268.986815408339,22.542144807173177,221.99625731001225,24.44841329115358,0.1505283156503518,4.268324668440656,4.96125660029851,4.1391353091520864e-08,1.420338993402528e-07,0.5066521880489754,0.3277269519254877
second_life,Cp_x0p8,$C_p\times0.8$,78.0,3.7410066852681614,0.963619520937232,0.0180755921087258,276.2672923753412,22.640866904226883,229.02235384577355,24.604071625340723,0.1501084896706349,4.266272527640513,4.957573520011955,4.157262427099554e-08,1.442640502023097e-07,0.5062760654582127,0.3275693861586833
second_life,Cp_x0p8,$C_p\times0.8$,79.0,3.738411578740638,0.9629510657541172,0.0181966994698912,283.8148911785404,22.739393392296808,236.3155770618131,24.759920724430504,0.1496820748210681,4.264218288059924,4.953885925977673,4.175353627788107e-08,1.4654309467972288e-07,0.5058994819156495,0.3274116592450656
second_life,Cp_x0p8,$C_p\times0.8$,80.0,3.7356770040010434,0.962246685938141,0.0183203113880627,291.6440289020186,22.837722492569096,243.8903457611971,24.915960648252405,0.1492487713640383,4.262161943380293,4.950193816780019,4.1934085845961504e-08,1.488731879985807e-07,0.5055224372767178,0.3272537706994855
second_life,Cp_x0p8,$C_p\times0.8$,81.0,3.732775943696829,0.9614994222800552,0.0184465205076358,299.76909868201034,22.935845090350984,251.7610634740644,25.07219011759496,0.1488080929649131,4.260103503075839,4.946497222686814,4.21142562390536e-08,1.512562977299619e-07,0.5051449346324202,0.3270957212493846
second_life,Cp_x0p8,$C_p\times0.8$,82.0,3.72967727312342,0.9607012575867788,0.018575426934974,308.205051030854,23.03375665253015,259.9426874139771,25.228606964346724,0.1483599715983531,4.258042987570597,4.942796194998416,4.229403913356375e-08,1.53694379566986e-07,0.504766979221639,0.3269375124629441
second_life,Cp_x0p8,$C_p\times0.8$,83.0,3.726343172159391,0.9598424500400388,0.0187071408495258,316.9684097032475,23.13145266285164,268.45174804492626,25.38520899546963,0.1479041316693628,4.255980416841229,4.939090785604983,4.2473426236851385e-08,1.5618966807169285e-07,0.5043885763434878,0.3267791458739954
second_life,Cp_x0p8,$C_p\times0.8$,84.0,3.7227284153076217,0.9589113503230768,0.018841781470868,326.0770816428504,23.22892906268891,277.3061596311337,25.54199294902777,0.1474402548194293,4.253915823988364,4.935381071688195,4.2652410096562506e-08,1.587445931193531e-07,0.5040097338798943,0.3266206240240434
second_life,Cp_x0p8,$C_p\times0.8$,85.0,3.7187793669126536,0.9578941428057788,0.018979458852212,335.5490588839498,23.326177774123256,286.5239282512975,25.698952858529008,0.1469680056042631,4.25184927676382,4.93166719442308,4.283097588021383e-08,1.6136139218200454e-07,0.5036304662478991,0.326461952115152
second_life,Cp_x0p8,$C_p\times0.8$,86.0,3.71443335492544,0.956774684237154,0.019120263012478,345.4014960530402,23.423188185251256,296.1222291920877,25.85607867570125,0.1464870829197647,4.249780895951805,4.92794939156493,4.3009104102479305e-08,1.6404186149155265e-07,0.5032507977274877,0.3263031394212736
second_life,Cp_x0p8,$C_p\times0.8$,87.0,3.709617556974842,0.9555342168163496,0.019264351801617,355.657410817005,23.51996265953268,306.1240778581267,26.01337029934557,0.145997138683318,4.247710669814268,4.924227665508245,4.318679910308786e-08,1.6678920122254717e-07,0.5028707285631907,0.3261441850411469
second_life,Cp_x0p8,$C_p\times0.8$,88.0,3.704248878832865,0.9541513368873694,0.0194118774400206,366.3405506513813,23.616497458416944,316.55323513160204,26.170818061362304,0.1454977494081296,4.245638711272299,4.920502245012939,4.336405401740135e-08,1.6960652727857373e-07,0.50249028211637,0.3259850976449851
second_life,Cp_x0p8,$C_p\times0.8$,89.0,3.698235761353577,0.9526024603757212,0.019562988190806,377.4753727794138,23.71278620737149,327.4341782118236,26.328408360218777,0.1449885095613655,4.243565183600724,4.91677345190911,4.354085714065384e-08,1.724968579690931e-07,0.5021094912528773,0.32582588976922
second_life,Cp_x0p8,$C_p\times0.8$,90.0,3.6914809480742328,0.9508625356752672,0.0197178409258778,389.0881176414754,23.80882241020636,338.7931696502576,26.48612558101149,0.1444689902465356,4.241490274915469,4.913041655665849,4.371719654469504e-08,1.754633863849513e-07,0.5017283937035413,0.3256665758576119
second_life,Cp_x0p8,$C_p\times0.8$,91.0,3.683886944097246,0.9489064497631204,0.0198765987138182,401.2067038295799,23.904598729587835,350.65815293149024,26.6439521685018,0.1439387472194814,4.239414197073055,4.909307271663122,4.389305875688628e-08,1.785094263103326e-07,0.5013470318876894,0.325507172176752
second_life,Cp_x0p8,$C_p\times0.8$,92.0,3.67536385194847,0.9467110465831022,0.0200394316168926,413.86091568720417,24.000105901443803,363.0589433015721,26.80186648418822,0.1433973157958185,4.237337213793135,4.905570811896244,4.40684267667575e-08,1.8163843588794624e-07,0.5009654580911775,0.3253476989753432
second_life,Cp_x0p8,$C_p\times0.8$,93.0,3.665837240585871,0.9442571539681722,0.0202065158016539,427.08256219159153,24.09533245404968,376.0273868878986,26.9598428496432,0.1428441057109562,4.235259649030017,4.901832883950483,4.424327951019937e-08,1.848540296251929e-07,0.5005837343616741,0.3251881811269755
second_life,Cp_x0p8,$C_p\times0.8$,94.0,3.65526251515613,0.9415332850446612,0.0203780401907143,440.9056870813382,24.19026990953416,389.5975571801486,27.11785999165545,0.1422787116816442,4.233181762598683,4.898093991177912,4.4417601420345126e-08,1.8815999653857346e-07,0.5002019121023719,0.3250286385805466
second_life,Cp_x0p8,$C_p\times0.8$,95.0,3.643627144775937,0.9385362120707362,0.020554202479237,455.3668825606377,24.28490549287612,403.8060887749114,27.27588829285015,0.1417006084833602,4.23110391285739,4.89435483436445,4.459136904000316e-08,1.915603471507943e-07,0.4998200628787529,0.3248690988512218
second_life,Cp_x0p8,$C_p\times0.8$,96.0,3.630953074814876,0.9352715877993344,0.0207352022896152,470.5046082394842,24.37922286181592,418.6914872155856,27.433898162082617,0.1411092604146576,4.229026454729091,4.890616113675383,4.476455236190289e-08,1.950591149383773e-07,0.4994382581929187,0.3247095891904001
second_life,Cp_x0p8,$C_p\times0.8$,97.0,3.617295047741994,0.931753512956874,0.0209211451965471,486.35028405652594,24.473189179710072,434.28523511436646,27.59185976244941,0.1405043012785859,4.226949742784515,4.886878535090969,4.493709109217618e-08,1.9865830060662978e-07,0.4990565701408062,0.3245501368224358
second_life,Cp_x0p8,$C_p\times0.8$,98.0,3.602709146250775,0.9279964334887314,0.0211124073587357,502.9625390744005,24.566816021193667,450.6459783233414,27.749744729865448,0.1398846432738116,4.224874109636016,4.88314276974265,4.510900648389429e-08,2.023657140084167e-07,0.4986750672595302,0.324390767285694
second_life,Cp_x0p8,$C_p\times0.8$,99.0,3.5872625292602804,0.9240176483870912,0.0213092646519028,520.3931886014333,24.66009025346588,467.8255744481828,27.9075238997846,0.1392495602838462,4.222799893276444,4.879409507701831,4.528027442291893e-08,2.061869448665687e-07,0.4982938200203877,0.3242315065316603
second_life,Cp_x0p8,$C_p\times0.8$,100.0,3.571012721887049,0.919831975140909,0.0215120161653558,538.6987209594017,24.75300420809505,485.8805388088383,28.06517794246836,0.1385983152657021,4.220727297406577,4.875679206335467,4.545088082865729e-08,2.1012800441591698e-07,0.497912875130491,0.3240723702007183
second_life,Cp_x0p8,$C_p\times0.8$,101.0,3.55399156250236,0.9154476147716374,0.02172101339855,557.9438936798524,24.845553810239885,504.875654222757,28.222685646855528,0.137929941596631,4.218656544697494,4.87195236752508,4.562081821898218e-08,2.1419602069551978e-07,0.4975322838428573,0.3239133753898135
second_life,Cp_x0p8,$C_p\times0.8$,102.0,3.5362104307073494,0.9108674984704548,0.0219366371104649,578.1999936745498,24.93772073452188,524.8822490270852,28.380023912942665,0.1372433731740156,4.216587875898929,4.86822953784704,4.579005294526704e-08,2.18398739079688e-07,0.4971521019748203,0.3237545405839914
second_life,Cp_x0p8,$C_p\times0.8$,103.0,3.5176852800614182,0.906095735602182,0.0221593485227636,599.5505496985498,25.029494224864266,545.9838816040793,28.537173869606285,0.1365372739793986,4.214521468360778,4.864511163816872,4.595856525745811e-08,2.227455798693241e-07,0.496772375125325,0.3235958794003843
second_life,Cp_x0p8,$C_p\times0.8$,104.0,3.49844842089617,0.9011406487572023,0.0223896649970474,622.0900130648082,25.12085597489608,568.2750420018654,28.694115088046733,0.1358099663974948,4.212457510666881,4.860797728806763,4.612632154183008e-08,2.272471656684619e-07,0.4963931526571833,0.3234374063186797
second_life,Cp_x0p8,$C_p\times0.8$,105.0,3.478522145043556,0.8960079799312488,0.022628204158104,645.92881060121,25.21178890774004,591.8661967718656,28.850824921604392,0.1350598186634772,4.210396210923509,4.8570897686663725,4.629329044222477e-08,2.3191612837091534e-07,0.4960144892922983,0.3232791373175198
second_life,Cp_x0p8,$C_p\times0.8$,106.0,3.457890240306804,0.8906935531389251,0.0228756853670621,671.195348415117,25.302272443899835,616.8857924230186,29.00728354819853,0.1342848359151454,4.208337726379528,4.853387752412123,4.6459434171057885e-08,2.3676721615896498e-07,0.4956364329274459,0.3231210844706563
second_life,Cp_x0p8,$C_p\times0.8$,107.0,3.43650748109224,0.8851857190386027,0.023132939620599,698.0387467301352,25.392280046078827,643.4829999548386,29.163466729217834,0.1334826527626461,4.206282255443122,4.849692253561339,4.6624704001173e-08,2.418174976655517e-07,0.4952590421312171,0.3229632630121012
second_life,Cp_x0p8,$C_p\times0.8$,108.0,3.41430571799338,0.8794669235054288,0.0234009563424049,726.6361648575325,25.48177583685039,671.8350432500065,29.31934577067564,0.1326503923487167,4.20423003813956,4.846003951051369,4.678903405528799e-08,2.4708734929777056e-07,0.4948823862378794,0.322805691371275
second_life,Cp_x0p8,$C_p\times0.8$,109.0,3.391195467299929,0.8735141170617359,0.0236808755214531,757.194389012544,25.57073230900682,702.1487666356243,29.474890067912867,0.131784540873393,4.202181326786665,4.842323569028575,4.695237382531873e-08,2.526002363044805e-07,0.494506539198524,0.3226483889214347
second_life,Cp_x0p8,$C_p\times0.8$,110.0,3.3670820285268195,0.8673029064776447,0.0239740353511031,789.9577769104643,25.659120939103406,734.6685889048323,29.6300670665286,0.1308814671662095,4.200136366292855,4.838651877772769,4.7114670937190674e-08,2.58383585042786e-07,0.4941315796754704,0.3224913744669347
second_life,Cp_x0p8,$C_p\times0.8$,111.0,3.3418454307065883,0.860802389277988,0.0242819718255179,825.2130355507585,25.74690187115232,769.6813039746733,29.784829704932896,0.1299366362872302,4.198095554871342,4.834989990822876,4.7275852208281734e-08,2.64468926591054e-07,0.4937576213852583,0.3223346785830503
second_life,Cp_x0p8,$C_p\times0.8$,112.0,3.315350130721495,0.8539776518672625,0.0246064854422672,863.3008813505893,25.834042121936093,807.5276977023206,29.939141526332584,0.1289449536783471,4.196059116011885,4.831338770794424,4.7435857075588214e-08,2.708930715281948e-07,0.4933847524196918,0.3221783184295861
second_life,Cp_x0p8,$C_p\times0.8$,113.0,3.2874369036302094,0.8467876806160914,0.0249496019228901,904.6175862080944,25.920494314725023,848.6041381169872,30.092953776382146,0.1279004537669214,4.194027464500515,4.827699371279157,4.75945985470796e-08,2.776973634574016e-07,0.4930130905855742,0.3220223258542978
second_life,Cp_x0p8,$C_p\times0.8$,114.0,3.257925633221959,0.8391860806603809,0.0253136921415362,949.6364796849078,26.00620991937992,893.3840706841445,30.24619908138344,0.126796399143486,4.192001036429506,4.82407338642711,4.7751987512862265e-08,2.849300708885787e-07,0.4926427986802914,0.3218667343408598
second_life,Cp_x0p8,$C_p\times0.8$,115.0,3.226598698544124,0.8311167965541635,0.0257016055219689,998.9352715850322,26.09113295953752,942.4453423297992,30.398796295695504,0.1256246577601413,4.189980293312795,4.82046273625055,4.790792119046202e-08,2.926491520323403e-07,0.4922740727788487,0.3217115793248506
second_life,Cp_x0p8,$C_p\times0.8$,116.0,3.1932029343068984,0.8225146172364055,0.0261166478650604,1053.2057123051886,26.175183299019643,996.4798800181392,30.550648988029764,0.1243757747322569,4.187965820799554,4.816869702440204,4.8062252435724e-08,3.009216614390885e-07,0.4919071458914879,0.3215569057730977
second_life,Cp_x0p8,$C_p\times0.8$,117.0,3.157437051744449,0.8133019358593727,0.0265627201568428,1113.288011066556,26.25826935955377,1056.3281103397253,30.70163136727677,0.123038502085404,4.185958462239594,4.81329726137866,4.8214813094790354e-08,3.098265295484089e-07,0.4915423219715966,0.3214027784389844
second_life,Cp_x0p8,$C_p\times0.8$,118.0,3.1189514639498466,0.803388704797888,0.0270444672362292,1180.2121222952717,26.34029097134536,1123.0202446377396,30.851586686186742,0.1215997915282709,4.183959226653086,4.809749121911374,4.8365419238253726e-08,3.194574175094224e-07,0.4911799797729498,0.3212492747962573
