metric,measurement_set,horizon_cycle,service_N,rank,value
sigma_min_W,Capacity,0.0,,1,0.0
condition_W,Capacity,0.0,,1,inf
sigma_min_W,Capacity,1.0,,2,4.140244083845768e-28
condition_W,Capacity,1.0,,2,inf
sigma_min_W,Capacity,2.0,,3,1.3250530457802582e-21
condition_W,Capacity,2.0,,3,inf
sigma_min_W,Capacity,3.0,,4,6.702959021384784e-21
condition_W,Capacity,3.0,,4,inf
sigma_min_W,Capacity,4.0,,5,3.9817742130762294e-14
condition_W,Capacity,4.0,,5,133374722030612.08
sigma_min_W,Capacity,5.0,,5,2.2971045216437088e-12
condition_W,Capacity,5.0,,5,2767533975086.5107
sigma_min_W,Capacity,6.0,,5,2.8306984591346875e-12
condition_W,Capacity,6.0,,5,2613779161522.694
sigma_min_W,Capacity,7.0,,5,5.18230044541627e-12
condition_W,Capacity,7.0,,5,1627672859341.7466
sigma_min_W,Capacity,8.0,,5,5.924121661858861e-12
condition_W,Capacity,8.0,,5,1597885351564.4624
sigma_min_W,Capacity,9.0,,5,2.4252396674969008e-11
condition_W,Capacity,9.0,,5,432599746073.24146
sigma_min_W,Capacity,10.0,,5,2.447442108751368e-11
condition_W,Capacity,10.0,,5,470345414772.55914
sigma_min_W,Capacity,11.0,,5,2.4633067739783662e-11
condition_W,Capacity,11.0,,5,508488150471.9684
sigma_min_W,Capacity,12.0,,5,2.4714998683151004e-11
condition_W,Capacity,12.0,,5,547615078711.4207
sigma_min_W,Capacity,13.0,,5,2.4832593363291725e-11
condition_W,Capacity,13.0,,5,585420634897.1693
sigma_min_W,Capacity,14.0,,5,2.484571985128073e-11
condition_W,Capacity,14.0,,5,625265826166.6763
sigma_min_W,Capacity,15.0,,5,2.555826029013742e-11
condition_W,Capacity,15.0,,5,646649300629.519
sigma_min_W,Capacity,16.0,,5,2.701549487240509e-11
condition_W,Capacity,16.0,,5,648280834015.9305
sigma_min_W,Capacity,17.0,,5,3.0701225115933865e-11
condition_W,Capacity,17.0,,5,602397045618.036
sigma_min_W,Capacity,18.0,,5,3.389711310944941e-11
condition_W,Capacity,18.0,,5,574364185250.7795
sigma_min_W,Capacity,19.0,,5,3.9030378012534764e-11
condition_W,Capacity,19.0,,5,523655489814.5021
sigma_min_W,Capacity,20.0,,5,4.01065912560112e-11
condition_W,Capacity,20.0,,5,533623888706.17993
sigma_min_W,Capacity,21.0,,5,4.0625036328379675e-11
condition_W,Capacity,21.0,,5,550383083659.9769
sigma_min_W,Capacity,22.0,,5,4.106823186278592e-11
condition_W,Capacity,22.0,,5,567614341974.8171
sigma_min_W,Capacity,23.0,,5,4.145954858455023e-11
condition_W,Capacity,23.0,,5,585065861623.1511
sigma_min_W,Capacity,24.0,,5,4.403593628445396e-11
condition_W,Capacity,24.0,,5,572175148653.6295
sigma_min_W,Capacity,25.0,,5,8.603616681350025e-10
condition_W,Capacity,25.0,,5,30370665645.67493
sigma_min_W,Capacity,26.0,,5,1.1542606809705087e-09
condition_W,Capacity,26.0,,5,23440833540.896152
sigma_min_W,Capacity,27.0,,5,1.1543521835789223e-09
condition_W,Capacity,27.0,,5,24236590579.790775
sigma_min_W,Capacity,28.0,,5,1.1894058693374884e-09
condition_W,Capacity,28.0,,5,24291084785.252747
sigma_min_W,Capacity,29.0,,5,1.2750735108391697e-09
condition_W,Capacity,29.0,,5,23371314722.85822
sigma_min_W,Capacity,30.0,,5,1.4125237257933472e-09
condition_W,Capacity,30.0,,5,21735623173.442482
sigma_min_W,Capacity,31.0,,5,1.5801582738610733e-09
condition_W,Capacity,31.0,,5,19996555448.265625
sigma_min_W,Capacity,32.0,,5,1.7750931236044523e-09
condition_W,Capacity,32.0,,5,18301569970.11186
sigma_min_W,Capacity,33.0,,5,1.9737776258414766e-09
condition_W,Capacity,33.0,,5,16906573009.290113
sigma_min_W,Capacity,34.0,,5,2.038340142974122e-09
condition_W,Capacity,34.0,,5,16801003989.657845
sigma_min_W,Capacity,35.0,,5,2.262563412745556e-09
condition_W,Capacity,35.0,,5,15520433012.958174
sigma_min_W,Capacity,36.0,,5,2.5629178817169128e-09
condition_W,Capacity,36.0,,5,14038357540.569036
sigma_min_W,Capacity,37.0,,5,2.7628253227985004e-09
condition_W,Capacity,37.0,,5,13332617877.17605
sigma_min_W,Capacity,38.0,,5,2.9658981513032e-09
condition_W,Capacity,38.0,,5,12706276606.041021
sigma_min_W,Capacity,39.0,,5,3.5743167759696752e-09
condition_W,Capacity,39.0,,5,10779259462.09969
sigma_min_W,Capacity,40.0,,5,4.208930100661744e-09
condition_W,Capacity,40.0,,5,9352586412.845453
sigma_min_W,Capacity,41.0,,5,4.676630255918586e-09
condition_W,Capacity,41.0,,5,8594479931.864414
sigma_min_W,Capacity,42.0,,5,5.137775781649402e-09
condition_W,Capacity,42.0,,5,7983013498.405104
sigma_min_W,Capacity,43.0,,5,5.350611191105899e-09
condition_W,Capacity,43.0,,5,7817700677.625693
sigma_min_W,Capacity,44.0,,5,5.448694266239349e-09
condition_W,Capacity,44.0,,5,7825173576.959938
sigma_min_W,Capacity,45.0,,5,5.479482512540071e-09
condition_W,Capacity,45.0,,5,7927280016.102458
sigma_min_W,Capacity,46.0,,5,5.4833858645937175e-09
condition_W,Capacity,46.0,,5,8066295953.733151
sigma_min_W,Capacity,47.0,,5,5.529177997902379e-09
condition_W,Capacity,47.0,,5,8141643982.912267
sigma_min_W,Capacity,48.0,,5,5.753003642802023e-09
condition_W,Capacity,48.0,,5,7960248685.012881
sigma_min_W,Capacity,49.0,,5,5.91929738151382e-09
condition_W,Capacity,49.0,,5,7866937983.313643
sigma_min_W,Capacity,50.0,,5,6.053952105949765e-09
condition_W,Capacity,50.0,,5,7818153962.458946
sigma_min_W,Capacity,51.0,,5,6.150679060884413e-09
condition_W,Capacity,51.0,,5,7818182171.848358
sigma_min_W,Capacity,52.0,,5,6.708611800555509e-09
condition_W,Capacity,52.0,,5,7279576824.245999
sigma_min_W,Capacity,53.0,,5,7.062439698948558e-09
condition_W,Capacity,53.0,,5,7019784404.429461
sigma_min_W,Capacity,54.0,,5,7.292807466736846e-09
condition_W,Capacity,54.0,,5,6898554705.465764
sigma_min_W,Capacity,55.0,,5,7.433320160014135e-09
condition_W,Capacity,55.0,,5,6865693081.297911
sigma_min_W,Capacity,56.0,,5,7.496115741935917e-09
condition_W,Capacity,56.0,,5,6903831754.2442665
sigma_min_W,Capacity,57.0,,5,7.51945867108938e-09
condition_W,Capacity,57.0,,5,6976701556.314619
sigma_min_W,Capacity,58.0,,5,7.525980072289629e-09
condition_W,Capacity,58.0,,5,7063820523.797211
sigma_min_W,Capacity,59.0,,5,7.528792580946393e-09
condition_W,Capacity,59.0,,5,7153247925.670096
sigma_min_W,Capacity,60.0,,5,7.54062299871406e-09
condition_W,Capacity,60.0,,5,7232879330.950796
sigma_min_W,Capacity,61.0,,5,7.565649618976207e-09
condition_W,Capacity,61.0,,5,7298430344.694102
sigma_min_W,Capacity,62.0,,5,7.568418910206785e-09
condition_W,Capacity,62.0,,5,7384110537.968612
sigma_min_W,Capacity,63.0,,5,7.575849067033818e-09
condition_W,Capacity,63.0,,5,7464025398.368157
sigma_min_W,Capacity,64.0,,5,7.575849263946467e-09
condition_W,Capacity,64.0,,5,7550072357.58876
sigma_min_W,Capacity,65.0,,5,7.605867099557764e-09
condition_W,Capacity,65.0,,5,7604861735.105332
sigma_min_W,Capacity,66.0,,5,7.627560879589454e-09
condition_W,Capacity,66.0,,5,7666433584.964124
sigma_min_W,Capacity,67.0,,5,7.640865713361039e-09
condition_W,Capacity,67.0,,5,7734989671.365957
sigma_min_W,Capacity,68.0,,5,7.65772500206356e-09
condition_W,Capacity,68.0,,5,7798531362.170859
sigma_min_W,Capacity,69.0,,5,7.68317595576966e-09
condition_W,Capacity,69.0,,5,7851854211.217749
sigma_min_W,Capacity,70.0,,5,7.716449694187986e-09
condition_W,Capacity,70.0,,5,7895672225.262282
sigma_min_W,Capacity,71.0,,5,7.725191022117214e-09
condition_W,Capacity,71.0,,5,7963175619.358186
sigma_min_W,Capacity,72.0,,5,7.725528974419487e-09
condition_W,Capacity,72.0,,5,8038105359.821689
sigma_min_W,Capacity,73.0,,5,7.726062807039356e-09
condition_W,Capacity,73.0,,5,8111666497.717838
sigma_min_W,Capacity,74.0,,5,7.77744071546835e-09
condition_W,Capacity,74.0,,5,8130557900.076003
sigma_min_W,Capacity,75.0,,5,7.885772516958851e-09
condition_W,Capacity,75.0,,5,8089198493.080696
sigma_min_W,Capacity,76.0,,5,8.049040672410439e-09
condition_W,Capacity,76.0,,5,7992875945.695019
sigma_min_W,Capacity,77.0,,5,8.263378964563969e-09
condition_W,Capacity,77.0,,5,7850441116.038498
sigma_min_W,Capacity,78.0,,5,8.499205781445723e-09
condition_W,Capacity,78.0,,5,7694603682.577969
sigma_min_W,Capacity,79.0,,5,8.656158829531497e-09
condition_W,Capacity,79.0,,5,7614862284.239766
sigma_min_W,Capacity,80.0,,5,8.777199113746804e-09
condition_W,Capacity,80.0,,5,7567724931.583978
sigma_min_W,Capacity,81.0,,5,8.980378646990891e-09
condition_W,Capacity,81.0,,5,7452041447.219291
sigma_min_W,Capacity,82.0,,5,9.18821088501807e-09
condition_W,Capacity,82.0,,5,7336759960.674265
sigma_min_W,Capacity,83.0,,5,9.33808616448781e-09
condition_W,Capacity,83.0,,5,7270448161.065584
sigma_min_W,Capacity,84.0,,5,9.514343638583349e-09
condition_W,Capacity,84.0,,5,7185282009.266177
sigma_min_W,Capacity,85.0,,5,9.685367849211187e-09
condition_W,Capacity,85.0,,5,7106083328.082347
sigma_min_W,Capacity,86.0,,5,9.865718993017807e-09
condition_W,Capacity,86.0,,5,7022025249.61995
sigma_min_W,Capacity,87.0,,5,1.0000584152469075e-08
condition_W,Capacity,87.0,,5,6971609692.855226
sigma_min_W,Capacity,88.0,,5,1.0137342647020892e-08
condition_W,Capacity,88.0,,5,6920337367.955264
sigma_min_W,Capacity,89.0,,5,1.0726002025679857e-08
condition_W,Capacity,89.0,,5,6580133642.264293
sigma_min_W,Capacity,90.0,,5,1.139336122569997e-08
condition_W,Capacity,90.0,,5,6231224138.0358715
sigma_min_W,Capacity,91.0,,5,1.2267506109038213e-08
condition_W,Capacity,91.0,,5,5820424953.922853
sigma_min_W,Capacity,92.0,,5,1.4458446372719914e-08
condition_W,Capacity,92.0,,5,4966036562.33267
sigma_min_W,Capacity,93.0,,5,1.860397247492612e-08
condition_W,Capacity,93.0,,5,3880459692.071042
sigma_min_W,Capacity,94.0,,5,2.256085260616413e-08
condition_W,Capacity,94.0,,5,3216837334.8127103
sigma_min_W,Capacity,95.0,,5,2.591157022771044e-08
condition_W,Capacity,95.0,,5,2815318485.04251
sigma_min_W,Capacity,96.0,,5,2.911201637098458e-08
condition_W,Capacity,96.0,,5,2518428371.0877814
sigma_min_W,Capacity,97.0,,5,3.26974889797306e-08
condition_W,Capacity,97.0,,5,2253283138.1828794
sigma_min_W,Capacity,98.0,,5,3.715227855504753e-08
condition_W,Capacity,98.0,,5,1992616886.7646103
sigma_min_W,Capacity,99.0,,5,4.180858298947352e-08
condition_W,Capacity,99.0,,5,1779009727.818775
sigma_min_W,Capacity,100.0,,5,4.8558129596043534e-08
condition_W,Capacity,100.0,,5,1538777380.6694415
sigma_min_W,Capacity,101.0,,5,6.163088646417433e-08
condition_W,Capacity,101.0,,5,1217858810.8539221
sigma_min_W,Capacity,102.0,,5,7.98128237942692e-08
condition_W,Capacity,102.0,,5,944603380.5601547
sigma_min_W,Capacity,103.0,,5,1.0417706583570427e-07
condition_W,Capacity,103.0,,5,726862879.6834025
sigma_min_W,Capacity,104.0,,5,1.3518718654055368e-07
condition_W,Capacity,104.0,,5,562567565.2699543
sigma_min_W,Capacity,105.0,,5,1.7322333186067743e-07
condition_W,Capacity,105.0,,5,440942053.5516864
sigma_min_W,Capacity,106.0,,5,2.0979776883473667e-07
condition_W,Capacity,106.0,,5,365652349.16083527
sigma_min_W,Capacity,107.0,,5,2.4712384841595733e-07
condition_W,Capacity,107.0,,5,311783060.6240378
sigma_min_W,Capacity,108.0,,5,2.8402831795508314e-07
condition_W,Capacity,108.0,,5,272482108.8349859
sigma_min_W,Capacity,109.0,,5,3.186079764784026e-07
condition_W,Capacity,109.0,,5,244024485.45960262
sigma_min_W,Capacity,110.0,,5,3.4899262475223656e-07
condition_W,Capacity,110.0,,5,223848068.62700203
sigma_min_W,Capacity,111.0,,5,3.7407484584062156e-07
condition_W,Capacity,111.0,,5,209904935.57451054
sigma_min_W,Capacity,112.0,,5,3.933900689696696e-07
condition_W,Capacity,112.0,,5,200706907.22778568
sigma_min_W,Capacity,113.0,,5,4.1236749594955813e-07
condition_W,Capacity,113.0,,5,192660150.29542017
sigma_min_W,Capacity,114.0,,5,4.3056590144891357e-07
condition_W,Capacity,114.0,,5,185847865.27473328
sigma_min_W,Capacity,115.0,,5,4.496577434773128e-07
condition_W,Capacity,115.0,,5,179515595.87865517
sigma_min_W,Capacity,116.0,,5,4.706840297465605e-07
condition_W,Capacity,116.0,,5,173426443.38247016
sigma_min_W,Capacity,117.0,,5,4.941318145410715e-07
condition_W,Capacity,117.0,,5,167758812.06650108
sigma_min_W,Capacity,118.0,,5,5.24631297065055e-07
condition_W,Capacity,118.0,,5,161659490.3526959
sigma_min_W,Capacity,119.0,,5,5.680245025835902e-07
condition_W,Capacity,119.0,,5,154815991.6008681
sigma_min_W,Capacity,120.0,,5,6.246608247914923e-07
condition_W,Capacity,120.0,,5,149104795.68307215
sigma_min_W,Resistance,0.0,,1,0.0
condition_W,Resistance,0.0,,1,inf
sigma_min_W,Resistance,1.0,,2,3.410983663040526e-18
condition_W,Resistance,1.0,,2,inf
sigma_min_W,Resistance,2.0,,3,2.0079299018200312e-17
condition_W,Resistance,2.0,,3,inf
sigma_min_W,Resistance,3.0,,4,5.5082694657668234e-17
condition_W,Resistance,3.0,,4,inf
sigma_min_W,Resistance,4.0,,5,4.773164392110865e-13
condition_W,Resistance,4.0,,5,14951963921056.725
sigma_min_W,Resistance,5.0,,5,1.2594799099768578e-11
condition_W,Resistance,5.0,,5,689087775953.3828
sigma_min_W,Resistance,6.0,,5,2.0256725301520694e-11
condition_W,Resistance,6.0,,5,506588520692.24304
sigma_min_W,Resistance,7.0,,5,7.218514213203577e-11
condition_W,Resistance,7.0,,5,164673212785.16586
sigma_min_W,Resistance,8.0,,5,1.7629490284811076e-10
condition_W,Resistance,8.0,,5,76891818110.96605
sigma_min_W,Resistance,9.0,,5,2.947506743575447e-10
condition_W,Resistance,9.0,,5,51803788343.07134
sigma_min_W,Resistance,10.0,,5,2.994107436136528e-10
condition_W,Resistance,10.0,,5,56875258417.02751
sigma_min_W,Resistance,11.0,,5,3.0444709199186315e-10
condition_W,Resistance,11.0,,5,61871905258.79662
sigma_min_W,Resistance,12.0,,5,3.913889804776605e-10
condition_W,Resistance,12.0,,5,52872678471.28653
sigma_min_W,Resistance,13.0,,5,7.235620739699938e-10
condition_W,Resistance,13.0,,5,31236974675.348507
sigma_min_W,Resistance,14.0,,5,8.020581441755174e-10
condition_W,Resistance,14.0,,5,30624392932.651764
sigma_min_W,Resistance,15.0,,5,8.192464821987661e-10
condition_W,Resistance,15.0,,5,32440993258.65502
sigma_min_W,Resistance,16.0,,5,8.31875524082115e-10
condition_W,Resistance,16.0,,5,34437338794.09563
sigma_min_W,Resistance,17.0,,5,8.336621326811124e-10
condition_W,Resistance,17.0,,5,36916217803.123764
sigma_min_W,Resistance,18.0,,5,8.39482608791806e-10
condition_W,Resistance,18.0,,5,39266254926.343376
sigma_min_W,Resistance,19.0,,5,1.285133572193803e-09
condition_W,Resistance,19.0,,5,27400484712.27141
sigma_min_W,Resistance,20.0,,5,2.3667633208870413e-09
condition_W,Resistance,20.0,,5,15856148615.29962
sigma_min_W,Resistance,21.0,,5,4.591633238361322e-09
condition_W,Resistance,21.0,,5,8691673579.349077
sigma_min_W,Resistance,22.0,,5,7.280957261192049e-09
condition_W,Resistance,22.0,,5,5817818397.991669
sigma_min_W,Resistance,23.0,,5,9.873925408482415e-09
condition_W,Resistance,23.0,,5,4545412066.931115
sigma_min_W,Resistance,24.0,,5,1.1672640747002092e-08
condition_W,Resistance,24.0,,5,4067358851.058167
sigma_min_W,Resistance,25.0,,5,1.2076876562671797e-08
condition_W,Resistance,25.0,,5,4152480029.160172
sigma_min_W,Resistance,26.0,,5,1.2248978777979846e-08
condition_W,Resistance,26.0,,5,4318724358.483714
sigma_min_W,Resistance,27.0,,5,1.2332130218513493e-08
condition_W,Resistance,27.0,,5,4519300853.539686
sigma_min_W,Resistance,28.0,,5,1.263416002954213e-08
condition_W,Resistance,28.0,,5,4642169599.718699
sigma_min_W,Resistance,29.0,,5,1.3447947458578936e-08
condition_W,Resistance,29.0,,5,4584721324.8090925
sigma_min_W,Resistance,30.0,,5,1.4820918457801051e-08
condition_W,Resistance,30.0,,5,4368921698.75058
sigma_min_W,Resistance,31.0,,5,1.6599105898815707e-08
condition_W,Resistance,31.0,,5,4093139359.2403316
sigma_min_W,Resistance,32.0,,5,1.886083908680305e-08
condition_W,Resistance,32.0,,5,3776723746.033684
sigma_min_W,Resistance,33.0,,5,2.155536366334819e-08
condition_W,Resistance,33.0,,5,3461984649.388183
sigma_min_W,Resistance,34.0,,5,2.5081636998434984e-08
condition_W,Resistance,34.0,,5,3114737039.291107
sigma_min_W,Resistance,35.0,,5,2.905983672677678e-08
condition_W,Resistance,35.0,,5,2812521273.9420037
sigma_min_W,Resistance,36.0,,5,3.295502570431967e-08
condition_W,Resistance,36.0,,5,2593073880.815141
sigma_min_W,Resistance,37.0,,5,3.667356457571031e-08
condition_W,Resistance,37.0,,5,2434923923.2425027
sigma_min_W,Resistance,38.0,,5,3.9522818053211666e-08
condition_W,Resistance,38.0,,5,2359742046.6911774
sigma_min_W,Resistance,39.0,,5,4.10294900924821e-08
condition_W,Resistance,39.0,,5,2372894862.677176
sigma_min_W,Resistance,40.0,,5,4.126881785736696e-08
condition_W,Resistance,40.0,,5,2461604178.2802777
sigma_min_W,Resistance,41.0,,5,4.197153842001503e-08
condition_W,Resistance,41.0,,5,2524460207.1986814
sigma_min_W,Resistance,42.0,,5,4.3056019245397225e-08
condition_W,Resistance,42.0,,5,2565687104.7621117
sigma_min_W,Resistance,43.0,,5,4.347783971888226e-08
condition_W,Resistance,43.0,,5,2648061554.107463
sigma_min_W,Resistance,44.0,,5,4.409394331611799e-08
condition_W,Resistance,44.0,,5,2720395907.903477
sigma_min_W,Resistance,45.0,,5,4.4973126179105867e-08
condition_W,Resistance,45.0,,5,2778055241.4997907
sigma_min_W,Resistance,46.0,,5,4.507645279896345e-08
condition_W,Resistance,46.0,,5,2886067688.9740186
sigma_min_W,Resistance,47.0,,5,4.508151607418669e-08
condition_W,Resistance,47.0,,5,3004064185.101506
sigma_min_W,Resistance,48.0,,5,4.5167528128481054e-08
condition_W,Resistance,48.0,,5,3120547624.383105
sigma_min_W,Resistance,49.0,,5,4.555440828471e-08
condition_W,Resistance,49.0,,5,3219461863.89096
sigma_min_W,Resistance,50.0,,5,4.6213540639150526e-08
condition_W,Resistance,50.0,,5,3301546247.2226987
sigma_min_W,Resistance,51.0,,5,4.6664058326374565e-08
condition_W,Resistance,51.0,,5,3400963799.6661277
sigma_min_W,Resistance,52.0,,5,4.712259775681624e-08
condition_W,Resistance,52.0,,5,3502566069.4362264
sigma_min_W,Resistance,53.0,,5,4.786659076066915e-08
condition_W,Resistance,53.0,,5,3585544810.6927533
sigma_min_W,Resistance,54.0,,5,4.877923029560962e-08
condition_W,Resistance,54.0,,5,3658249790.7994175
sigma_min_W,Resistance,55.0,,5,4.981190551790957e-08
condition_W,Resistance,55.0,,5,3724361369.4860353
sigma_min_W,Resistance,56.0,,5,5.094884746084775e-08
condition_W,Resistance,56.0,,5,3785216347.095049
sigma_min_W,Resistance,57.0,,5,5.2190224249681223e-08
condition_W,Resistance,57.0,,5,3841020270.308322
sigma_min_W,Resistance,58.0,,5,5.3414232912757965e-08
condition_W,Resistance,58.0,,5,3900918994.3607383
sigma_min_W,Resistance,59.0,,5,5.445213147718287e-08
condition_W,Resistance,59.0,,5,3977234911.1812944
sigma_min_W,Resistance,60.0,,5,5.5106123528413424e-08
condition_W,Resistance,60.0,,5,4084685796.0073576
sigma_min_W,Resistance,61.0,,5,5.548854052184326e-08
condition_W,Resistance,61.0,,5,4216130896.100209
sigma_min_W,Resistance,62.0,,5,5.5946891368487773e-08
condition_W,Resistance,62.0,,5,4346133341.852258
sigma_min_W,Resistance,63.0,,5,5.617466904896097e-08
condition_W,Resistance,63.0,,5,4498933105.354395
sigma_min_W,Resistance,64.0,,5,5.6366930477783805e-08
condition_W,Resistance,64.0,,5,4660284614.667476
sigma_min_W,Resistance,65.0,,5,5.655771474147764e-08
condition_W,Resistance,65.0,,5,4827846855.31867
sigma_min_W,Resistance,66.0,,5,5.6569254740597504e-08
condition_W,Resistance,66.0,,5,5017644994.584854
sigma_min_W,Resistance,67.0,,5,5.665227667622241e-08
condition_W,Resistance,67.0,,5,5208709496.9634495
sigma_min_W,Resistance,68.0,,5,5.699381507800462e-08
condition_W,Resistance,68.0,,5,5383006423.988469
sigma_min_W,Resistance,69.0,,5,5.758059777428532e-08
condition_W,Resistance,69.0,,5,5540202300.533323
sigma_min_W,Resistance,70.0,,5,5.832991129598615e-08
condition_W,Resistance,70.0,,5,5687347572.785438
sigma_min_W,Resistance,71.0,,5,5.892738513878866e-08
condition_W,Resistance,71.0,,5,5855164719.848274
sigma_min_W,Resistance,72.0,,5,5.921750657544346e-08
condition_W,Resistance,72.0,,5,6060704941.387488
sigma_min_W,Resistance,73.0,,5,5.93020539147822e-08
condition_W,Resistance,73.0,,5,6296342003.996205
sigma_min_W,Resistance,74.0,,5,5.934341806041438e-08
condition_W,Resistance,74.0,,5,6547034298.914963
sigma_min_W,Resistance,75.0,,5,5.9345683705825854e-08
condition_W,Resistance,75.0,,5,6813461934.776399
sigma_min_W,Resistance,76.0,,5,5.937740799222192e-08
condition_W,Resistance,76.0,,5,7088624437.468534
sigma_min_W,Resistance,77.0,,5,5.950802437529022e-08
condition_W,Resistance,77.0,,5,7364203521.700682
sigma_min_W,Resistance,78.0,,5,6.357864455855344e-08
condition_W,Resistance,78.0,,5,7178044563.493359
sigma_min_W,Resistance,79.0,,5,6.82403439606232e-08
condition_W,Resistance,79.0,,5,6966208993.27235
sigma_min_W,Resistance,80.0,,5,7.091106403670518e-08
condition_W,Resistance,80.0,,5,6984776162.104605
sigma_min_W,Resistance,81.0,,5,7.242480687828285e-08
condition_W,Resistance,81.0,,5,7127258245.693403
sigma_min_W,Resistance,82.0,,5,7.351263953133328e-08
condition_W,Resistance,82.0,,5,7320014187.717462
sigma_min_W,Resistance,83.0,,5,7.461023871498178e-08
condition_W,Resistance,83.0,,5,7520843826.977106
sigma_min_W,Resistance,84.0,,5,7.461258425318504e-08
condition_W,Resistance,84.0,,5,7844675441.1964
sigma_min_W,Resistance,85.0,,5,7.546583069546596e-08
condition_W,Resistance,85.0,,5,8092747436.465216
sigma_min_W,Resistance,86.0,,5,7.575352972455262e-08
condition_W,Resistance,86.0,,5,8414869831.422261
sigma_min_W,Resistance,87.0,,5,7.629938172422396e-08
condition_W,Resistance,87.0,,5,8723394997.719473
sigma_min_W,Resistance,88.0,,5,7.630091154410117e-08
condition_W,Resistance,88.0,,5,9111533576.739294
sigma_min_W,Resistance,89.0,,5,8.550291966265573e-08
condition_W,Resistance,89.0,,5,8496131735.64792
sigma_min_W,Resistance,90.0,,5,9.563140137753009e-08
condition_W,Resistance,90.0,,5,7940717853.801708
sigma_min_W,Resistance,91.0,,5,1.0989357688264677e-07
condition_W,Resistance,91.0,,5,7226600374.13451
sigma_min_W,Resistance,92.0,,5,1.253296725087025e-07
condition_W,Resistance,92.0,,5,6629729844.511043
sigma_min_W,Resistance,93.0,,5,1.3674251256695038e-07
condition_W,Resistance,93.0,,5,6360585863.4108515
sigma_min_W,Resistance,94.0,,5,1.423364909918802e-07
condition_W,Resistance,94.0,,5,6399601878.975484
sigma_min_W,Resistance,95.0,,5,1.4472574112346432e-07
condition_W,Resistance,95.0,,5,6595107922.472416
sigma_min_W,Resistance,96.0,,5,1.453912694923957e-07
condition_W,Resistance,96.0,,5,6882907865.873558
sigma_min_W,Resistance,97.0,,5,1.4540571131702244e-07
condition_W,Resistance,97.0,,5,7219904278.60752
sigma_min_W,Resistance,98.0,,5,1.4549323667066573e-07
condition_W,Resistance,98.0,,5,7574441420.44377
sigma_min_W,Resistance,99.0,,5,1.4584031078733743e-07
condition_W,Resistance,99.0,,5,7937703824.968518
sigma_min_W,Resistance,100.0,,5,1.4684844953632001e-07
condition_W,Resistance,100.0,,5,8287139899.605128
sigma_min_W,Resistance,101.0,,5,1.4908424325153072e-07
condition_W,Resistance,101.0,,5,8587989909.275906
sigma_min_W,Resistance,102.0,,5,1.5168183117989626e-07
condition_W,Resistance,102.0,,5,8888213848.499794
sigma_min_W,Resistance,103.0,,5,1.5396402025610267e-07
condition_W,Resistance,103.0,,5,9229116892.684248
sigma_min_W,Resistance,104.0,,5,1.5515312752244238e-07
condition_W,Resistance,104.0,,5,9662531728.08825
sigma_min_W,Resistance,105.0,,5,1.5741929104456768e-07
condition_W,Resistance,105.0,,5,10058752408.130547
sigma_min_W,Resistance,106.0,,5,1.59024305134841e-07
condition_W,Resistance,106.0,,5,10529521659.825985
sigma_min_W,Resistance,107.0,,5,1.618411281529653e-07
condition_W,Resistance,107.0,,5,10955145599.33714
sigma_min_W,Resistance,108.0,,5,1.635539494005485e-07
condition_W,Resistance,108.0,,5,11494616941.162798
sigma_min_W,Resistance,109.0,,5,1.635658203142268e-07
condition_W,Resistance,109.0,,5,12206116489.533867
sigma_min_W,Resistance,110.0,,5,1.6630216511938902e-07
condition_W,Resistance,110.0,,5,12770562336.453901
sigma_min_W,Resistance,111.0,,5,1.7470432332112785e-07
condition_W,Resistance,111.0,,5,12954704994.684412
sigma_min_W,Resistance,112.0,,5,1.9607511032057626e-07
condition_W,Resistance,112.0,,5,12324923166.187408
sigma_min_W,Resistance,113.0,,5,2.3377857536563507e-07
condition_W,Resistance,113.0,,5,11061208950.441603
sigma_min_W,Resistance,114.0,,5,2.9890835210353493e-07
condition_W,Resistance,114.0,,5,9278401186.841444
sigma_min_W,Resistance,115.0,,5,3.995208418656602e-07
condition_W,Resistance,115.0,,5,7463833582.965223
sigma_min_W,Resistance,116.0,,5,5.459618283644453e-07
condition_W,Resistance,116.0,,5,5888470486.082135
sigma_min_W,Resistance,117.0,,5,6.778818068180472e-07
condition_W,Resistance,117.0,,5,5127858851.345923
sigma_min_W,Resistance,118.0,,5,7.82354047686503e-07
condition_W,Resistance,118.0,,5,4819038618.1825485
sigma_min_W,Resistance,119.0,,5,8.024620811936471e-07
condition_W,Resistance,119.0,,5,5112573283.483355
sigma_min_W,Resistance,120.0,,5,8.826748519369828e-07
condition_W,Resistance,120.0,,5,5075154293.047643
sigma_min_W,Capacity + Resistance,0.0,,2,6.966840681664473e-19
condition_W,Capacity + Resistance,0.0,,2,inf
sigma_min_W,Capacity + Resistance,1.0,,4,4.457360520780974e-18
condition_W,Capacity + Resistance,1.0,,4,inf
sigma_min_W,Capacity + Resistance,2.0,,5,6.937812245878924e-11
condition_W,Capacity + Resistance,2.0,,5,70620706755.57945
sigma_min_W,Capacity + Resistance,3.0,,5,1.164561851934448e-10
condition_W,Capacity + Resistance,3.0,,5,56556239805.12869
sigma_min_W,Capacity + Resistance,4.0,,5,1.6898899577037168e-10
condition_W,Capacity + Resistance,4.0,,5,49128943407.68283
sigma_min_W,Capacity + Resistance,5.0,,5,6.66315469489972e-10
condition_W,Capacity + Resistance,5.0,,5,15081072734.656404
sigma_min_W,Capacity + Resistance,6.0,,5,2.5914320772368062e-09
condition_W,Capacity + Resistance,6.0,,5,4563923790.15505
sigma_min_W,Capacity + Resistance,7.0,,5,2.658400200306909e-09
condition_W,Capacity + Resistance,7.0,,5,5130534474.662695
sigma_min_W,Capacity + Resistance,8.0,,5,3.219349011489727e-09
condition_W,Capacity + Resistance,8.0,,5,4810308859.679508
sigma_min_W,Capacity + Resistance,9.0,,5,7.761070516042784e-09
condition_W,Capacity + Resistance,9.0,,5,2238066420.2728796
sigma_min_W,Capacity + Resistance,10.0,,5,1.3572448217181206e-08
condition_W,Capacity + Resistance,10.0,,5,1421393858.3532896
sigma_min_W,Capacity + Resistance,11.0,,5,1.854202647391139e-08
condition_W,Capacity + Resistance,11.0,,5,1146253092.4237092
sigma_min_W,Capacity + Resistance,12.0,,5,2.3116470486724032e-08
condition_W,Capacity + Resistance,12.0,,5,1006120644.3578054
sigma_min_W,Capacity + Resistance,13.0,,5,2.8420769100812762e-08
condition_W,Capacity + Resistance,13.0,,5,890407014.5297292
sigma_min_W,Capacity + Resistance,14.0,,5,3.3813899553627886e-08
condition_W,Capacity + Resistance,14.0,,5,810315275.834871
sigma_min_W,Capacity + Resistance,15.0,,5,3.8295321006136747e-08
condition_W,Capacity + Resistance,15.0,,5,771407272.8182881
sigma_min_W,Capacity + Resistance,16.0,,5,4.267331311695981e-08
condition_W,Capacity + Resistance,16.0,,5,743607458.2598609
sigma_min_W,Capacity + Resistance,17.0,,5,4.7520165545659936e-08
condition_W,Capacity + Resistance,17.0,,5,714953959.101991
sigma_min_W,Capacity + Resistance,18.0,,5,5.321488606797211e-08
condition_W,Capacity + Resistance,18.0,,5,681595831.1141078
sigma_min_W,Capacity + Resistance,19.0,,5,6.392287972875975e-08
condition_W,Capacity + Resistance,19.0,,5,604225155.8567942
sigma_min_W,Capacity + Resistance,20.0,,5,8.008940659820278e-08
condition_W,Capacity + Resistance,20.0,,5,512371350.812661
sigma_min_W,Capacity + Resistance,21.0,,5,1.037721721372324e-07
condition_W,Capacity + Resistance,21.0,,5,419270380.9528209
sigma_min_W,Capacity + Resistance,22.0,,5,1.350348614011697e-07
condition_W,Capacity + Resistance,22.0,,5,340990274.50821763
sigma_min_W,Capacity + Resistance,23.0,,5,1.7403583117530732e-07
condition_W,Capacity + Resistance,23.0,,5,279534371.375344
sigma_min_W,Capacity + Resistance,24.0,,5,2.2322042067354646e-07
condition_W,Capacity + Resistance,24.0,,5,229914356.9855996
sigma_min_W,Capacity + Resistance,25.0,,5,2.851945545905813e-07
condition_W,Capacity + Resistance,25.0,,5,189575397.56703398
sigma_min_W,Capacity + Resistance,26.0,,5,3.6843834208789095e-07
condition_W,Capacity + Resistance,26.0,,5,154393381.36896446
sigma_min_W,Capacity + Resistance,27.0,,5,4.607401626733922e-07
condition_W,Capacity + Resistance,27.0,,5,129748555.4009885
sigma_min_W,Capacity + Resistance,28.0,,5,5.56679917184785e-07
condition_W,Capacity + Resistance,28.0,,5,112734148.34178482
sigma_min_W,Capacity + Resistance,29.0,,5,6.60213465716956e-07
condition_W,Capacity + Resistance,29.0,,5,99690894.65990502
sigma_min_W,Capacity + Resistance,30.0,,5,7.733714282822935e-07
condition_W,Capacity + Resistance,30.0,,5,89174636.00239435
sigma_min_W,Capacity + Resistance,31.0,,5,9.013475659092122e-07
condition_W,Capacity + Resistance,31.0,,5,80106736.84698044
sigma_min_W,Capacity + Resistance,32.0,,5,1.0545065628184652e-06
condition_W,Capacity + Resistance,32.0,,5,71633546.32196355
sigma_min_W,Capacity + Resistance,33.0,,5,1.2368889387884687e-06
condition_W,Capacity + Resistance,33.0,,5,63846527.57656575
sigma_min_W,Capacity + Resistance,34.0,,5,1.4735905505324294e-06
condition_W,Capacity + Resistance,34.0,,5,55990388.83445323
sigma_min_W,Capacity + Resistance,35.0,,5,1.7490827108450133e-06
condition_W,Capacity + Resistance,35.0,,5,49254318.65629894
sigma_min_W,Capacity + Resistance,36.0,,5,2.0612418893440687e-06
condition_W,Capacity + Resistance,36.0,,5,43616670.75292773
sigma_min_W,Capacity + Resistance,37.0,,5,2.4145502825603208e-06
condition_W,Capacity + Resistance,37.0,,5,38837588.134279
sigma_min_W,Capacity + Resistance,38.0,,5,2.820101052346875e-06
condition_W,Capacity + Resistance,38.0,,5,34667929.22545154
sigma_min_W,Capacity + Resistance,39.0,,5,3.3103818895879035e-06
condition_W,Capacity + Resistance,39.0,,5,30777345.280627415
sigma_min_W,Capacity + Resistance,40.0,,5,3.88345150774071e-06
condition_W,Capacity + Resistance,40.0,,5,27329714.390294164
sigma_min_W,Capacity + Resistance,41.0,,5,4.428777496633272e-06
condition_W,Capacity + Resistance,41.0,,5,24954752.99651118
sigma_min_W,Capacity + Resistance,42.0,,5,4.868195945728907e-06
condition_W,Capacity + Resistance,42.0,,5,23632330.080284856
sigma_min_W,Capacity + Resistance,43.0,,5,5.395945079375553e-06
condition_W,Capacity + Resistance,43.0,,5,22187627.490780886
sigma_min_W,Capacity + Resistance,44.0,,5,6.026491817096485e-06
condition_W,Capacity + Resistance,44.0,,5,20667875.984183826
sigma_min_W,Capacity + Resistance,45.0,,5,6.7735118216444574e-06
condition_W,Capacity + Resistance,45.0,,5,19125709.876866553
sigma_min_W,Capacity + Resistance,46.0,,5,7.714666133723036e-06
condition_W,Capacity + Resistance,46.0,,5,17461655.16856561
sigma_min_W,Capacity + Resistance,47.0,,5,8.836054879945152e-06
condition_W,Capacity + Resistance,47.0,,5,15849823.750788454
sigma_min_W,Capacity + Resistance,48.0,,5,1.0108895885715914e-05
condition_W,Capacity + Resistance,48.0,,5,14400472.065389968
sigma_min_W,Capacity + Resistance,49.0,,5,1.1568915193015618e-05
condition_W,Capacity + Resistance,49.0,,5,13077099.567379551
sigma_min_W,Capacity + Resistance,50.0,,5,1.3226393511971936e-05
condition_W,Capacity + Resistance,50.0,,5,11885599.44043184
sigma_min_W,Capacity + Resistance,51.0,,5,1.511982490765296e-05
condition_W,Capacity + Resistance,51.0,,5,10802323.442207834
sigma_min_W,Capacity + Resistance,52.0,,5,1.734355634576203e-05
condition_W,Capacity + Resistance,52.0,,5,9783131.854911607
sigma_min_W,Capacity + Resistance,53.0,,5,1.989648661833922e-05
condition_W,Capacity + Resistance,53.0,,5,8858291.438505413
sigma_min_W,Capacity + Resistance,54.0,,5,2.27394042757521e-05
condition_W,Capacity + Resistance,54.0,,5,8050499.190539921
sigma_min_W,Capacity + Resistance,55.0,,5,2.590925881352623e-05
condition_W,Capacity + Resistance,55.0,,5,7338288.293291478
sigma_min_W,Capacity + Resistance,56.0,,5,2.9450919433769968e-05
condition_W,Capacity + Resistance,56.0,,5,6704681.554982746
sigma_min_W,Capacity + Resistance,57.0,,5,3.340790890084108e-05
condition_W,Capacity + Resistance,57.0,,5,6138202.33409902
sigma_min_W,Capacity + Resistance,58.0,,5,3.782930826038304e-05
condition_W,Capacity + Resistance,58.0,,5,5629480.671045286
sigma_min_W,Capacity + Resistance,59.0,,5,4.2765268593021286e-05
condition_W,Capacity + Resistance,59.0,,5,5171430.907643211
sigma_min_W,Capacity + Resistance,60.0,,5,4.825834613439374e-05
condition_W,Capacity + Resistance,60.0,,5,4759260.343344435
sigma_min_W,Capacity + Resistance,61.0,,5,5.4373575978117885e-05
condition_W,Capacity + Resistance,61.0,,5,4386768.322820797
sigma_min_W,Capacity + Resistance,62.0,,5,6.131817748951367e-05
condition_W,Capacity + Resistance,62.0,,5,4039994.2040926046
sigma_min_W,Capacity + Resistance,63.0,,5,6.914618235485804e-05
condition_W,Capacity + Resistance,63.0,,5,3721022.208399113
sigma_min_W,Capacity + Resistance,64.0,,5,7.788421627271384e-05
condition_W,Capacity + Resistance,64.0,,5,3431394.2587832357
sigma_min_W,Capacity + Resistance,65.0,,5,8.763045665241788e-05
condition_W,Capacity + Resistance,65.0,,5,3168031.3673826433
sigma_min_W,Capacity + Resistance,66.0,,5,9.84566354617598e-05
condition_W,Capacity + Resistance,66.0,,5,2929297.4082931657
sigma_min_W,Capacity + Resistance,67.0,,5,0.0001104636677237953
condition_W,Capacity + Resistance,67.0,,5,2712674.1829514317
sigma_min_W,Capacity + Resistance,68.0,,5,0.0001237867764108384
condition_W,Capacity + Resistance,68.0,,5,2515370.1237746794
sigma_min_W,Capacity + Resistance,69.0,,5,0.00013857732495405162
condition_W,Capacity + Resistance,69.0,,5,2335066.546973827
sigma_min_W,Capacity + Resistance,70.0,,5,0.00015502517291458943
condition_W,Capacity + Resistance,70.0,,5,2169534.589015126
sigma_min_W,Capacity + Resistance,71.0,,5,0.00017350528277274406
condition_W,Capacity + Resistance,71.0,,5,2015120.9973049688
sigma_min_W,Capacity + Resistance,72.0,,5,0.0001943468957276693
condition_W,Capacity + Resistance,72.0,,5,1870486.5256576734
sigma_min_W,Capacity + Resistance,73.0,,5,0.0002176924854796682
condition_W,Capacity + Resistance,73.0,,5,1736546.036052624
sigma_min_W,Capacity + Resistance,74.0,,5,0.00024361459920645877
condition_W,Capacity + Resistance,74.0,,5,1614022.1037841241
sigma_min_W,Capacity + Resistance,75.0,,5,0.00027246498245370946
condition_W,Capacity + Resistance,75.0,,5,1501332.032786722
sigma_min_W,Capacity + Resistance,76.0,,5,0.00030444424921393363
condition_W,Capacity + Resistance,76.0,,5,1398142.7505069952
sigma_min_W,Capacity + Resistance,77.0,,5,0.0003397912919019788
condition_W,Capacity + Resistance,77.0,,5,1303831.0241720756
sigma_min_W,Capacity + Resistance,78.0,,5,0.0003798860627632668
condition_W,Capacity + Resistance,78.0,,5,1214123.4628497828
sigma_min_W,Capacity + Resistance,79.0,,5,0.00042453482070415824
condition_W,Capacity + Resistance,79.0,,5,1131357.9670156278
sigma_min_W,Capacity + Resistance,80.0,,5,0.0004738740967488083
condition_W,Capacity + Resistance,80.0,,5,1055762.4757458735
sigma_min_W,Capacity + Resistance,81.0,,5,0.0005280459259717582
condition_W,Capacity + Resistance,81.0,,5,987183.6701461755
sigma_min_W,Capacity + Resistance,82.0,,5,0.0005876212959961136
condition_W,Capacity + Resistance,82.0,,5,924577.4187759182
sigma_min_W,Capacity + Resistance,83.0,,5,0.0006532857777386372
condition_W,Capacity + Resistance,83.0,,5,867052.7449414918
sigma_min_W,Capacity + Resistance,84.0,,5,0.0007249634959415637
condition_W,Capacity + Resistance,84.0,,5,814856.4945138172
sigma_min_W,Capacity + Resistance,85.0,,5,0.0008031637935806051
condition_W,Capacity + Resistance,85.0,,5,767340.9807825612
sigma_min_W,Capacity + Resistance,86.0,,5,0.000889889464410457
condition_W,Capacity + Resistance,86.0,,5,722779.2402040613
sigma_min_W,Capacity + Resistance,87.0,,5,0.0009889767290599597
condition_W,Capacity + Resistance,87.0,,5,678994.7574000111
sigma_min_W,Capacity + Resistance,88.0,,5,0.0010956763981898375
condition_W,Capacity + Resistance,88.0,,5,640100.6632579874
sigma_min_W,Capacity + Resistance,89.0,,5,0.0012140011040522995
condition_W,Capacity + Resistance,89.0,,5,603621.677102822
sigma_min_W,Capacity + Resistance,90.0,,5,0.001341566569065296
condition_W,Capacity + Resistance,90.0,,5,570966.9205649697
sigma_min_W,Capacity + Resistance,91.0,,5,0.0014786679947724197
condition_W,Capacity + Resistance,91.0,,5,541736.9617104158
sigma_min_W,Capacity + Resistance,92.0,,5,0.0016255072098037028
condition_W,Capacity + Resistance,92.0,,5,515599.1311628761
sigma_min_W,Capacity + Resistance,93.0,,5,0.0017827345237427165
condition_W,Capacity + Resistance,93.0,,5,492121.6386184695
sigma_min_W,Capacity + Resistance,94.0,,5,0.0019496096229660925
condition_W,Capacity + Resistance,94.0,,5,471298.0360415385
sigma_min_W,Capacity + Resistance,95.0,,5,0.0021254722794540235
condition_W,Capacity + Resistance,95.0,,5,453012.66846251884
sigma_min_W,Capacity + Resistance,96.0,,5,0.0023102430725772467
condition_W,Capacity + Resistance,96.0,,5,437001.7258764272
sigma_min_W,Capacity + Resistance,97.0,,5,0.0025033866299535652
condition_W,Capacity + Resistance,97.0,,5,423113.062963418
sigma_min_W,Capacity + Resistance,98.0,,5,0.002705826968652277
condition_W,Capacity + Resistance,98.0,,5,410973.9325207718
sigma_min_W,Capacity + Resistance,99.0,,5,0.0029164773924454553
condition_W,Capacity + Resistance,99.0,,5,400583.1750579542
sigma_min_W,Capacity + Resistance,100.0,,5,0.0031357087249607686
condition_W,Capacity + Resistance,100.0,,5,391727.24788674753
sigma_min_W,Capacity + Resistance,101.0,,5,0.0033632828574347313
condition_W,Capacity + Resistance,101.0,,5,384309.1844988124
sigma_min_W,Capacity + Resistance,102.0,,5,0.003599132643242047
condition_W,Capacity + Resistance,102.0,,5,378229.6113596392
sigma_min_W,Capacity + Resistance,103.0,,5,0.0038437085560873163
condition_W,Capacity + Resistance,103.0,,5,373360.1072056976
sigma_min_W,Capacity + Resistance,104.0,,5,0.004097095878449919
condition_W,Capacity + Resistance,104.0,,5,369638.7262092704
sigma_min_W,Capacity + Resistance,105.0,,5,0.004357406320969542
condition_W,Capacity + Resistance,105.0,,5,367188.50418042677
sigma_min_W,Capacity + Resistance,106.0,,5,0.004626524032664125
condition_W,Capacity + Resistance,106.0,,5,365809.8913084496
sigma_min_W,Capacity + Resistance,107.0,,5,0.004903805958871777
condition_W,Capacity + Resistance,107.0,,5,365548.84227869485
sigma_min_W,Capacity + Resistance,108.0,,5,0.005190542237788043
condition_W,Capacity + Resistance,108.0,,5,366318.4891069047
sigma_min_W,Capacity + Resistance,109.0,,5,0.005490267308934185
condition_W,Capacity + Resistance,109.0,,5,367915.692173295
sigma_min_W,Capacity + Resistance,110.0,,5,0.005805462028695033
condition_W,Capacity + Resistance,110.0,,5,370262.9184200687
sigma_min_W,Capacity + Resistance,111.0,,5,0.006139249097453428
condition_W,Capacity + Resistance,111.0,,5,373279.7301755905
sigma_min_W,Capacity + Resistance,112.0,,5,0.006495773898488242
condition_W,Capacity + Resistance,112.0,,5,376865.28565735166
sigma_min_W,Capacity + Resistance,113.0,,5,0.006879203582618001
condition_W,Capacity + Resistance,113.0,,5,380964.26732898987
sigma_min_W,Capacity + Resistance,114.0,,5,0.007297721067161698
condition_W,Capacity + Resistance,114.0,,5,385351.44919374026
sigma_min_W,Capacity + Resistance,115.0,,5,0.007760297276354945
condition_W,Capacity + Resistance,115.0,,5,389841.02009634906
sigma_min_W,Capacity + Resistance,116.0,,5,0.00827892697225405
condition_W,Capacity + Resistance,116.0,,5,394185.22822955035
sigma_min_W,Capacity + Resistance,117.0,,5,0.00886615937245868
condition_W,Capacity + Resistance,117.0,,5,398219.82508487016
sigma_min_W,Capacity + Resistance,118.0,,5,0.009538434097745548
condition_W,Capacity + Resistance,118.0,,5,401723.40447185206
sigma_min_W,Capacity + Resistance,119.0,,5,0.010309789569555096
condition_W,Capacity + Resistance,119.0,,5,404705.98980367725
sigma_min_W,Capacity + Resistance,120.0,,5,0.011191411995651003
condition_W,Capacity + Resistance,120.0,,5,407368.1607802394
sigma_min_W,Expansion,0.0,,1,0.0
condition_W,Expansion,0.0,,1,inf
sigma_min_W,Expansion,1.0,,2,2.991783817980385e-18
condition_W,Expansion,1.0,,2,inf
sigma_min_W,Expansion,2.0,,3,1.0336071770050026e-16
condition_W,Expansion,2.0,,3,inf
sigma_min_W,Expansion,3.0,,4,3.2859450765419983e-16
condition_W,Expansion,3.0,,4,inf
sigma_min_W,Expansion,4.0,,5,7.421140808139011e-12
condition_W,Expansion,4.0,,5,15436947832249.96
sigma_min_W,Expansion,5.0,,5,2.1946461255280445e-09
condition_W,Expansion,5.0,,5,63574128068.357475
sigma_min_W,Expansion,6.0,,5,2.3313254108250333e-09
condition_W,Expansion,6.0,,5,70894762607.21008
sigma_min_W,Expansion,7.0,,5,2.5559333125577305e-09
condition_W,Expansion,7.0,,5,75073265761.79253
sigma_min_W,Expansion,8.0,,5,2.5560299700843765e-09
condition_W,Expansion,8.0,,5,85832624003.93661
sigma_min_W,Expansion,9.0,,5,2.556368381075307e-09
condition_W,Expansion,9.0,,5,96960165406.5288
sigma_min_W,Expansion,10.0,,5,2.5742455934659627e-09
condition_W,Expansion,10.0,,5,107749573556.91267
sigma_min_W,Expansion,11.0,,5,2.5777950003897654e-09
condition_W,Expansion,11.0,,5,119476524304.46228
sigma_min_W,Expansion,12.0,,5,2.6263234066467874e-09
condition_W,Expansion,12.0,,5,129374305060.33022
sigma_min_W,Expansion,13.0,,5,2.8549159172294523e-09
condition_W,Expansion,13.0,,5,130593682789.5156
sigma_min_W,Expansion,14.0,,5,4.554244492525415e-09
condition_W,Expansion,14.0,,5,89418646992.88347
sigma_min_W,Expansion,15.0,,5,1.0768321692668443e-08
condition_W,Expansion,15.0,,5,41145164094.16398
sigma_min_W,Expansion,16.0,,5,2.1131848863967013e-08
condition_W,Expansion,16.0,,5,22734628539.710938
sigma_min_W,Expansion,17.0,,5,3.1199134520448274e-08
condition_W,Expansion,17.0,,5,16648657922.234604
sigma_min_W,Expansion,18.0,,5,3.993846451237371e-08
condition_W,Expansion,18.0,,5,14026024787.973309
sigma_min_W,Expansion,19.0,,5,3.9941836259322805e-08
condition_W,Expansion,19.0,,5,15092815775.542242
sigma_min_W,Expansion,20.0,,5,4.6923157259971964e-08
condition_W,Expansion,20.0,,5,13799880691.335777
sigma_min_W,Expansion,21.0,,5,5.718215069726428e-08
condition_W,Expansion,21.0,,5,12144048273.574587
sigma_min_W,Expansion,22.0,,5,7.563406245250463e-08
condition_W,Expansion,22.0,,5,9832342976.614956
sigma_min_W,Expansion,23.0,,5,9.305403996426407e-08
condition_W,Expansion,23.0,,5,8547900374.733735
sigma_min_W,Expansion,24.0,,5,1.0700717219707102e-07
condition_W,Expansion,24.0,,5,7942243199.262836
sigma_min_W,Expansion,25.0,,5,1.159064624728717e-07
condition_W,Expansion,25.0,,5,7827287281.337025
sigma_min_W,Expansion,26.0,,5,1.1720899358121674e-07
condition_W,Expansion,26.0,,5,8256071879.5669985
sigma_min_W,Expansion,27.0,,5,1.1729174504248097e-07
condition_W,Expansion,27.0,,5,8794002806.602198
sigma_min_W,Expansion,28.0,,5,1.201681466203905e-07
condition_W,Expansion,28.0,,5,9143978542.288578
sigma_min_W,Expansion,29.0,,5,1.2556097636868108e-07
condition_W,Expansion,29.0,,5,9318241271.76597
sigma_min_W,Expansion,30.0,,5,1.3329908703252742e-07
condition_W,Expansion,30.0,,5,9342386582.630846
sigma_min_W,Expansion,31.0,,5,1.4297287807529845e-07
condition_W,Expansion,31.0,,5,9268225627.44043
sigma_min_W,Expansion,32.0,,5,1.4360994793531614e-07
condition_W,Expansion,32.0,,5,9816089209.69385
sigma_min_W,Expansion,33.0,,5,1.45569226156106e-07
condition_W,Expansion,33.0,,5,10300590629.41348
sigma_min_W,Expansion,34.0,,5,1.5362984342901294e-07
condition_W,Expansion,34.0,,5,10380701871.366323
sigma_min_W,Expansion,35.0,,5,1.6555777886782225e-07
condition_W,Expansion,35.0,,5,10244920185.406275
sigma_min_W,Expansion,36.0,,5,1.8497176454765724e-07
condition_W,Expansion,36.0,,5,9752486185.648924
sigma_min_W,Expansion,37.0,,5,2.0511363048202197e-07
condition_W,Expansion,37.0,,5,9354393445.765326
sigma_min_W,Expansion,38.0,,5,2.2337647668449498e-07
condition_W,Expansion,38.0,,5,9137077319.572723
sigma_min_W,Expansion,39.0,,5,2.4123322009767897e-07
condition_W,Expansion,39.0,,5,9001279770.335356
sigma_min_W,Expansion,40.0,,5,2.5939187363660425e-07
condition_W,Expansion,40.0,,5,8907566949.821556
sigma_min_W,Expansion,41.0,,5,2.601349790857696e-07
condition_W,Expansion,41.0,,5,9453273352.093506
sigma_min_W,Expansion,42.0,,5,2.6013633007547246e-07
condition_W,Expansion,42.0,,5,10063521710.164999
sigma_min_W,Expansion,43.0,,5,2.621594917460404e-07
condition_W,Expansion,43.0,,5,10633391879.530361
sigma_min_W,Expansion,44.0,,5,2.687958225280094e-07
condition_W,Expansion,44.0,,5,11046586655.83521
sigma_min_W,Expansion,45.0,,5,2.8127243602910323e-07
condition_W,Expansion,45.0,,5,11247950864.766665
sigma_min_W,Expansion,46.0,,5,2.973344240151159e-07
condition_W,Expansion,46.0,,5,11341034338.849007
sigma_min_W,Expansion,47.0,,5,3.168955743931365e-07
condition_W,Expansion,47.0,,5,11345780074.116304
sigma_min_W,Expansion,48.0,,5,3.327792075630329e-07
condition_W,Expansion,48.0,,5,11524148642.854126
sigma_min_W,Expansion,49.0,,5,3.4841388944357983e-07
condition_W,Expansion,49.0,,5,11744991942.704994
sigma_min_W,Expansion,50.0,,5,3.6451797041040555e-07
condition_W,Expansion,50.0,,5,11983595841.440763
sigma_min_W,Expansion,51.0,,5,3.831569475624283e-07
condition_W,Expansion,51.0,,5,12174960485.383495
sigma_min_W,Expansion,52.0,,5,4.046028979396e-07
condition_W,Expansion,52.0,,5,12317957059.73211
sigma_min_W,Expansion,53.0,,5,4.201832051433596e-07
condition_W,Expansion,53.0,,5,12677749583.002567
sigma_min_W,Expansion,54.0,,5,4.346890890447343e-07
condition_W,Expansion,54.0,,5,13104159654.25626
sigma_min_W,Expansion,55.0,,5,4.481887367168962e-07
condition_W,Expansion,55.0,,5,13596641075.03707
sigma_min_W,Expansion,56.0,,5,4.6048256327116684e-07
condition_W,Expansion,56.0,,5,14163971943.277412
sigma_min_W,Expansion,57.0,,5,4.7083625882185424e-07
condition_W,Expansion,57.0,,5,14833311242.903246
sigma_min_W,Expansion,58.0,,5,4.78826492754922e-07
condition_W,Expansion,58.0,,5,15625955642.596
sigma_min_W,Expansion,59.0,,5,4.842872862319677e-07
condition_W,Expansion,59.0,,5,16559535906.339237
sigma_min_W,Expansion,60.0,,5,4.870925891495828e-07
condition_W,Expansion,60.0,,5,17655432798.097164
sigma_min_W,Expansion,61.0,,5,4.894040441975456e-07
condition_W,Expansion,61.0,,5,18852782365.654453
sigma_min_W,Expansion,62.0,,5,4.930885855775695e-07
condition_W,Expansion,62.0,,5,20085724076.25832
sigma_min_W,Expansion,63.0,,5,4.931689567230629e-07
condition_W,Expansion,63.0,,5,21567746601.006107
sigma_min_W,Expansion,64.0,,5,4.940433636830171e-07
condition_W,Expansion,64.0,,5,23133645757.578106
sigma_min_W,Expansion,65.0,,5,4.994986583758618e-07
condition_W,Expansion,65.0,,5,24598339939.965317
sigma_min_W,Expansion,66.0,,5,5.348332725571981e-07
condition_W,Expansion,66.0,,5,24710023870.49321
sigma_min_W,Expansion,67.0,,5,6.295482478321986e-07
condition_W,Expansion,67.0,,5,22590974452.480774
sigma_min_W,Expansion,68.0,,5,7.670266106088974e-07
condition_W,Expansion,68.0,,5,19964084342.807816
sigma_min_W,Expansion,69.0,,5,9.258052522284416e-07
condition_W,Expansion,69.0,,5,17818119428.120506
sigma_min_W,Expansion,70.0,,5,1.086448036130858e-06
condition_W,Expansion,70.0,,5,16365242609.762426
sigma_min_W,Expansion,71.0,,5,1.2305782402001752e-06
condition_W,Expansion,71.0,,5,15581265252.814287
sigma_min_W,Expansion,72.0,,5,1.3468954303054061e-06
condition_W,Expansion,72.0,,5,15360016744.658485
sigma_min_W,Expansion,73.0,,5,1.442101766834523e-06
condition_W,Expansion,73.0,,5,15487410522.36655
sigma_min_W,Expansion,74.0,,5,1.5017332321181694e-06
condition_W,Expansion,74.0,,5,16064614316.91802
sigma_min_W,Expansion,75.0,,5,1.5202904254684187e-06
condition_W,Expansion,75.0,,5,17150111326.664925
sigma_min_W,Expansion,76.0,,5,1.5220867518679662e-06
condition_W,Expansion,76.0,,5,18523740891.881683
sigma_min_W,Expansion,77.0,,5,1.791666460109786e-06
condition_W,Expansion,77.0,,5,17026697748.048037
sigma_min_W,Expansion,78.0,,5,2.67251174848444e-06
condition_W,Expansion,78.0,,5,12357634742.615894
sigma_min_W,Expansion,79.0,,5,3.245815013096709e-06
condition_W,Expansion,79.0,,5,11021735564.436882
sigma_min_W,Expansion,80.0,,5,3.263278182428816e-06
condition_W,Expansion,80.0,,5,11881957485.590008
sigma_min_W,Expansion,81.0,,5,3.3829837085119266e-06
condition_W,Expansion,81.0,,5,12429782740.725365
sigma_min_W,Expansion,82.0,,5,3.884000435759846e-06
condition_W,Expansion,82.0,,5,11747948648.89071
sigma_min_W,Expansion,83.0,,5,4.8463435055122765e-06
condition_W,Expansion,83.0,,5,10222687798.590242
sigma_min_W,Expansion,84.0,,5,6.972589875518021e-06
condition_W,Expansion,84.0,,5,7719346462.966012
sigma_min_W,Expansion,85.0,,5,1.0381284067579183e-05
condition_W,Expansion,85.0,,5,5636117761.838167
sigma_min_W,Expansion,86.0,,5,1.5006157703800395e-05
condition_W,Expansion,86.0,,5,4241173747.245643
sigma_min_W,Expansion,87.0,,5,1.730124015835906e-05
condition_W,Expansion,87.0,,5,4003852147.5575895
sigma_min_W,Expansion,88.0,,5,1.744367167560083e-05
condition_W,Expansion,88.0,,5,4325082686.710475
sigma_min_W,Expansion,89.0,,5,1.7474768119365706e-05
condition_W,Expansion,89.0,,5,4705258741.807999
sigma_min_W,Expansion,90.0,,5,2.033438959398554e-05
condition_W,Expansion,90.0,,5,4409880093.267246
sigma_min_W,Expansion,91.0,,5,2.6936368786554853e-05
condition_W,Expansion,91.0,,5,3633262649.706442
sigma_min_W,Expansion,92.0,,5,3.852682865218458e-05
condition_W,Expansion,92.0,,5,2774443609.683037
sigma_min_W,Expansion,93.0,,5,5.8519446705918024e-05
condition_W,Expansion,93.0,,5,1996549452.4634285
sigma_min_W,Expansion,94.0,,5,8.962041112428045e-05
condition_W,Expansion,94.0,,5,1426145719.6340926
sigma_min_W,Expansion,95.0,,5,0.00013922407964984235
condition_W,Expansion,95.0,,5,1005109604.4144722
sigma_min_W,Expansion,96.0,,5,0.0002220796759868322
condition_W,Expansion,96.0,,5,690499935.2789408
sigma_min_W,Expansion,97.0,,5,0.00036279342161262565
condition_W,Expansion,97.0,,5,463628804.08334506
sigma_min_W,Expansion,98.0,,5,0.0006057127150068364
condition_W,Expansion,98.0,,5,304902988.32416123
sigma_min_W,Expansion,99.0,,5,0.0010208865388791233
condition_W,Expansion,99.0,,5,198849591.642508
sigma_min_W,Expansion,100.0,,5,0.0017256152216623916
condition_W,Expansion,100.0,,5,129463608.60808846
sigma_min_W,Expansion,101.0,,5,0.002850168599231016
condition_W,Expansion,101.0,,5,86371105.04523095
sigma_min_W,Expansion,102.0,,5,0.00447859417021875
condition_W,Expansion,102.0,,5,60652580.60278117
sigma_min_W,Expansion,103.0,,5,0.0064136665461337955
condition_W,Expansion,103.0,,5,46805097.317233406
sigma_min_W,Expansion,104.0,,5,0.007929622765027405
condition_W,Expansion,104.0,,5,41905341.50634295
sigma_min_W,Expansion,105.0,,5,0.00862955466072137
condition_W,Expansion,105.0,,5,42700485.55188155
sigma_min_W,Expansion,106.0,,5,0.008862838756626298
condition_W,Expansion,106.0,,5,46194672.458942
sigma_min_W,Expansion,107.0,,5,0.008919461329567864
condition_W,Expansion,107.0,,5,51107890.75410582
sigma_min_W,Expansion,108.0,,5,0.008927400987319645
condition_W,Expansion,108.0,,5,56984894.35605531
sigma_min_W,Expansion,109.0,,5,0.008927431351276037
condition_W,Expansion,109.0,,5,63752231.67453685
sigma_min_W,Expansion,110.0,,5,0.008929714497261553
condition_W,Expansion,110.0,,5,71497251.64416124
sigma_min_W,Expansion,111.0,,5,0.008935232346687081
condition_W,Expansion,111.0,,5,80387606.35932994
sigma_min_W,Expansion,112.0,,5,0.008941494491978437
condition_W,Expansion,112.0,,5,90660196.93278605
sigma_min_W,Expansion,113.0,,5,0.008943668965299217
condition_W,Expansion,113.0,,5,102639614.62632239
sigma_min_W,Expansion,114.0,,5,0.008943959520372696
condition_W,Expansion,114.0,,5,116651607.97675213
sigma_min_W,Expansion,115.0,,5,0.00895623833765482
condition_W,Expansion,115.0,,5,132919555.90411705
sigma_min_W,Expansion,116.0,,5,0.009008617421811861
condition_W,Expansion,116.0,,5,151417089.80310574
sigma_min_W,Expansion,117.0,,5,0.009208285026912323
condition_W,Expansion,117.0,,5,170496456.17296678
sigma_min_W,Expansion,118.0,,5,0.00972561563804169
condition_W,Expansion,118.0,,5,186676184.16123617
sigma_min_W,Expansion,119.0,,5,0.011033353527418693
condition_W,Expansion,119.0,,5,191226570.52561063
sigma_min_W,Expansion,120.0,,5,0.014261775808633663
condition_W,Expansion,120.0,,5,172788916.36414608
sigma_min_W,Resistance + Expansion,0.0,,2,8.782059656015897e-18
condition_W,Resistance + Expansion,0.0,,2,inf
sigma_min_W,Resistance + Expansion,1.0,,4,1.8055868455775677e-16
condition_W,Resistance + Expansion,1.0,,4,inf
sigma_min_W,Resistance + Expansion,2.0,,5,3.3294665874923217e-09
condition_W,Resistance + Expansion,2.0,,5,21190895971.954662
sigma_min_W,Resistance + Expansion,3.0,,5,5.895210774453745e-09
condition_W,Resistance + Expansion,3.0,,5,16182692535.15056
sigma_min_W,Resistance + Expansion,4.0,,5,8.52610130767375e-09
condition_W,Resistance + Expansion,4.0,,5,14189851576.978573
sigma_min_W,Resistance + Expansion,5.0,,5,6.945110417232184e-08
condition_W,Resistance + Expansion,5.0,,5,2121692891.2481132
sigma_min_W,Resistance + Expansion,6.0,,5,3.5445968730953584e-07
condition_W,Resistance + Expansion,6.0,,5,492469186.2429998
sigma_min_W,Resistance + Expansion,7.0,,5,3.998415979550161e-07
condition_W,Resistance + Expansion,7.0,,5,506850420.5902223
sigma_min_W,Resistance + Expansion,8.0,,5,4.075866655086077e-07
condition_W,Resistance + Expansion,8.0,,5,568495611.4894032
sigma_min_W,Resistance + Expansion,9.0,,5,4.310476076380558e-07
condition_W,Resistance + Expansion,9.0,,5,607305915.97249
sigma_min_W,Resistance + Expansion,10.0,,5,4.720642933794189e-07
condition_W,Resistance + Expansion,10.0,,5,620524199.4585229
sigma_min_W,Resistance + Expansion,11.0,,5,5.327197779194215e-07
condition_W,Resistance + Expansion,11.0,,5,610514158.1606133
sigma_min_W,Resistance + Expansion,12.0,,5,5.967547555594886e-07
condition_W,Resistance + Expansion,12.0,,5,601206815.9747121
sigma_min_W,Resistance + Expansion,13.0,,5,6.552947495511087e-07
condition_W,Resistance + Expansion,13.0,,5,600693257.4749378
sigma_min_W,Resistance + Expansion,14.0,,5,6.969968063210222e-07
condition_W,Resistance + Expansion,14.0,,5,616777231.9864345
sigma_min_W,Resistance + Expansion,15.0,,5,7.198579288302315e-07
condition_W,Resistance + Expansion,15.0,,5,649629486.3848687
sigma_min_W,Resistance + Expansion,16.0,,5,7.291981020386371e-07
condition_W,Resistance + Expansion,16.0,,5,695258915.0258989
sigma_min_W,Resistance + Expansion,17.0,,5,7.31717450760298e-07
condition_W,Resistance + Expansion,17.0,,5,748955336.4328623
sigma_min_W,Resistance + Expansion,18.0,,5,7.317452134536733e-07
condition_W,Resistance + Expansion,18.0,,5,807502740.9332877
sigma_min_W,Resistance + Expansion,19.0,,5,7.327203807034317e-07
condition_W,Resistance + Expansion,19.0,,5,867615484.1740187
sigma_min_W,Resistance + Expansion,20.0,,5,7.362453449088652e-07
condition_W,Resistance + Expansion,20.0,,5,927225622.396093
sigma_min_W,Resistance + Expansion,21.0,,5,7.387265711420818e-07
condition_W,Resistance + Expansion,21.0,,5,990723733.2908847
sigma_min_W,Resistance + Expansion,22.0,,5,7.425239112487808e-07
condition_W,Resistance + Expansion,22.0,,5,1055192900.2003498
sigma_min_W,Resistance + Expansion,23.0,,5,7.45179753437244e-07
condition_W,Resistance + Expansion,23.0,,5,1124205261.131758
sigma_min_W,Resistance + Expansion,24.0,,5,7.48497402197017e-07
condition_W,Resistance + Expansion,24.0,,5,1195392206.0576706
sigma_min_W,Resistance + Expansion,25.0,,5,7.57464443247131e-07
condition_W,Resistance + Expansion,25.0,,5,1260441318.0280187
sigma_min_W,Resistance + Expansion,26.0,,5,7.782664545179962e-07
condition_W,Resistance + Expansion,26.0,,5,1307922985.9952576
sigma_min_W,Resistance + Expansion,27.0,,5,8.188326633943327e-07
condition_W,Resistance + Expansion,27.0,,5,1324445154.909409
sigma_min_W,Resistance + Expansion,28.0,,5,8.93247054869551e-07
condition_W,Resistance + Expansion,28.0,,5,1292754452.3715389
sigma_min_W,Resistance + Expansion,29.0,,5,1.0048225141307474e-06
condition_W,Resistance + Expansion,29.0,,5,1223036562.8184834
sigma_min_W,Resistance + Expansion,30.0,,5,1.166165610469246e-06
condition_W,Resistance + Expansion,30.0,,5,1121066258.604501
sigma_min_W,Resistance + Expansion,31.0,,5,1.3765718311439008e-06
condition_W,Resistance + Expansion,31.0,,5,1009981976.7295469
sigma_min_W,Resistance + Expansion,32.0,,5,1.5992296134536529e-06
condition_W,Resistance + Expansion,32.0,,5,924314221.1644099
sigma_min_W,Resistance + Expansion,33.0,,5,1.8262470075570158e-06
condition_W,Resistance + Expansion,33.0,,5,860428025.0924606
sigma_min_W,Resistance + Expansion,34.0,,5,2.073069500690584e-06
condition_W,Resistance + Expansion,34.0,,5,805667332.7355413
sigma_min_W,Resistance + Expansion,35.0,,5,2.34020657491292e-06
condition_W,Resistance + Expansion,35.0,,5,758554266.4620632
sigma_min_W,Resistance + Expansion,36.0,,5,2.6142649228511124e-06
condition_W,Resistance + Expansion,36.0,,5,721705634.1761653
sigma_min_W,Resistance + Expansion,37.0,,5,2.926888688808335e-06
condition_W,Resistance + Expansion,37.0,,5,685157408.079953
sigma_min_W,Resistance + Expansion,38.0,,5,3.298234076049822e-06
condition_W,Resistance + Expansion,38.0,,5,646307068.9392538
sigma_min_W,Resistance + Expansion,39.0,,5,3.736153001833025e-06
condition_W,Resistance + Expansion,39.0,,5,606560082.035313
sigma_min_W,Resistance + Expansion,40.0,,5,4.246704120205614e-06
condition_W,Resistance + Expansion,40.0,,5,567407110.8150291
sigma_min_W,Resistance + Expansion,41.0,,5,5.0371117150304464e-06
condition_W,Resistance + Expansion,41.0,,5,508742705.4372558
sigma_min_W,Resistance + Expansion,42.0,,5,6.108987957014747e-06
condition_W,Resistance + Expansion,42.0,,5,446212641.1361511
sigma_min_W,Resistance + Expansion,43.0,,5,7.165783653578072e-06
condition_W,Resistance + Expansion,43.0,,5,404752631.99496216
sigma_min_W,Resistance + Expansion,44.0,,5,8.216569982272718e-06
condition_W,Resistance + Expansion,44.0,,5,375687701.3093693
sigma_min_W,Resistance + Expansion,45.0,,5,9.279345393162607e-06
condition_W,Resistance + Expansion,45.0,,5,354157835.2215102
sigma_min_W,Resistance + Expansion,46.0,,5,1.0156495950651988e-05
condition_W,Resistance + Expansion,46.0,,5,344596303.4606936
sigma_min_W,Resistance + Expansion,47.0,,5,1.1125191662873138e-05
condition_W,Resistance + Expansion,47.0,,5,335150371.09147704
sigma_min_W,Resistance + Expansion,48.0,,5,1.211812987274473e-05
condition_W,Resistance + Expansion,48.0,,5,327916835.3291154
sigma_min_W,Resistance + Expansion,49.0,,5,1.3156469641651537e-05
condition_W,Resistance + Expansion,49.0,,5,322017097.7651152
sigma_min_W,Resistance + Expansion,50.0,,5,1.425682664579788e-05
condition_W,Resistance + Expansion,50.0,,5,316948019.98268664
sigma_min_W,Resistance + Expansion,51.0,,5,1.5459741963555596e-05
condition_W,Resistance + Expansion,51.0,,5,311875329.27812684
sigma_min_W,Resistance + Expansion,52.0,,5,1.6793756474601245e-05
condition_W,Resistance + Expansion,52.0,,5,306473616.6343854
sigma_min_W,Resistance + Expansion,53.0,,5,1.8238885861778407e-05
condition_W,Resistance + Expansion,53.0,,5,301363584.3157313
sigma_min_W,Resistance + Expansion,54.0,,5,1.9786735547518483e-05
condition_W,Resistance + Expansion,54.0,,5,296796090.5328474
sigma_min_W,Resistance + Expansion,55.0,,5,2.1449078191716205e-05
condition_W,Resistance + Expansion,55.0,,5,292661996.77275884
sigma_min_W,Resistance + Expansion,56.0,,5,2.3240006141111902e-05
condition_W,Resistance + Expansion,56.0,,5,288858202.36176187
sigma_min_W,Resistance + Expansion,57.0,,5,2.5159983189702847e-05
condition_W,Resistance + Expansion,57.0,,5,285471978.7365734
sigma_min_W,Resistance + Expansion,58.0,,5,2.7219843797287293e-05
condition_W,Resistance + Expansion,58.0,,5,282456370.8897405
sigma_min_W,Resistance + Expansion,59.0,,5,2.9435510989263993e-05
condition_W,Resistance + Expansion,59.0,,5,279731935.5853452
sigma_min_W,Resistance + Expansion,60.0,,5,3.182189883897533e-05
condition_W,Resistance + Expansion,60.0,,5,277255705.9512675
sigma_min_W,Resistance + Expansion,61.0,,5,3.441643731723225e-05
condition_W,Resistance + Expansion,61.0,,5,274822699.6070237
sigma_min_W,Resistance + Expansion,62.0,,5,3.728239374209559e-05
condition_W,Resistance + Expansion,62.0,,5,272112097.4154898
sigma_min_W,Resistance + Expansion,63.0,,5,4.0467737535051583e-05
condition_W,Resistance + Expansion,63.0,,5,269029360.1861023
sigma_min_W,Resistance + Expansion,64.0,,5,4.399037852900663e-05
condition_W,Resistance + Expansion,64.0,,5,265725946.54194903
sigma_min_W,Resistance + Expansion,65.0,,5,4.793554954491542e-05
condition_W,Resistance + Expansion,65.0,,5,261966110.55527073
sigma_min_W,Resistance + Expansion,66.0,,5,5.22578803429383e-05
condition_W,Resistance + Expansion,66.0,,5,258278786.42140985
sigma_min_W,Resistance + Expansion,67.0,,5,5.697385077324958e-05
condition_W,Resistance + Expansion,67.0,,5,254759203.62118447
sigma_min_W,Resistance + Expansion,68.0,,5,6.221047072221799e-05
condition_W,Resistance + Expansion,68.0,,5,251036446.93235272
sigma_min_W,Resistance + Expansion,69.0,,5,6.808661539244124e-05
condition_W,Resistance + Expansion,69.0,,5,246925388.92829752
sigma_min_W,Resistance + Expansion,70.0,,5,7.475369679200022e-05
condition_W,Resistance + Expansion,70.0,,5,242246193.99903145
sigma_min_W,Resistance + Expansion,71.0,,5,8.248228509943855e-05
condition_W,Resistance + Expansion,71.0,,5,236607510.78599933
sigma_min_W,Resistance + Expansion,72.0,,5,9.15246593248317e-05
condition_W,Resistance + Expansion,72.0,,5,229927326.18856674
sigma_min_W,Resistance + Expansion,73.0,,5,0.0001021026750732468
condition_W,Resistance + Expansion,73.0,,5,222368634.6832433
sigma_min_W,Resistance + Expansion,74.0,,5,0.00011463314267650741
condition_W,Resistance + Expansion,74.0,,5,213810261.83148703
sigma_min_W,Resistance + Expansion,75.0,,5,0.00012997086385184236
condition_W,Resistance + Expansion,75.0,,5,203690047.978014
sigma_min_W,Resistance + Expansion,76.0,,5,0.0001492950954941785
condition_W,Resistance + Expansion,76.0,,5,191645436.4200319
sigma_min_W,Resistance + Expansion,77.0,,5,0.00017713303912241852
condition_W,Resistance + Expansion,77.0,,5,174672481.86074933
sigma_min_W,Resistance + Expansion,78.0,,5,0.00021654853942281908
condition_W,Resistance + Expansion,78.0,,5,154597923.86241043
sigma_min_W,Resistance + Expansion,79.0,,5,0.0002621428144791564
condition_W,Resistance + Expansion,79.0,,5,138265569.2021121
sigma_min_W,Resistance + Expansion,80.0,,5,0.00030867182532171304
condition_W,Resistance + Expansion,80.0,,5,127205089.5667932
sigma_min_W,Resistance + Expansion,81.0,,5,0.0003570471683176983
condition_W,Resistance + Expansion,81.0,,5,119202430.87583528
sigma_min_W,Resistance + Expansion,82.0,,5,0.00040873845374886565
condition_W,Resistance + Expansion,82.0,,5,112937350.93919982
sigma_min_W,Resistance + Expansion,83.0,,5,0.00046501983329731597
condition_W,Resistance + Expansion,83.0,,5,107733476.4847888
sigma_min_W,Resistance + Expansion,84.0,,5,0.0005248327331735288
condition_W,Resistance + Expansion,84.0,,5,103658319.23405741
sigma_min_W,Resistance + Expansion,85.0,,5,0.0005888821631049318
condition_W,Resistance + Expansion,85.0,,5,100384598.73230611
sigma_min_W,Resistance + Expansion,86.0,,5,0.0006586857322150443
condition_W,Resistance + Expansion,86.0,,5,97580227.8919449
sigma_min_W,Resistance + Expansion,87.0,,5,0.0007715286546690886
condition_W,Resistance + Expansion,87.0,,5,90638762.10212453
sigma_min_W,Resistance + Expansion,88.0,,5,0.0009232092582358545
condition_W,Resistance + Expansion,88.0,,5,82466042.05541505
sigma_min_W,Resistance + Expansion,89.0,,5,0.0011169930890608105
condition_W,Resistance + Expansion,89.0,,5,74254961.7896895
sigma_min_W,Resistance + Expansion,90.0,,5,0.0013737634602353167
condition_W,Resistance + Expansion,90.0,,5,65821941.05515486
sigma_min_W,Resistance + Expansion,91.0,,5,0.0016669961934646083
condition_W,Resistance + Expansion,91.0,,5,59180021.48833206
sigma_min_W,Resistance + Expansion,92.0,,5,0.00199535540529769
condition_W,Resistance + Expansion,92.0,,5,53981787.321527705
sigma_min_W,Resistance + Expansion,93.0,,5,0.002365356737030234
condition_W,Resistance + Expansion,93.0,,5,49758998.345797375
sigma_min_W,Resistance + Expansion,94.0,,5,0.002771570325706182
condition_W,Resistance + Expansion,94.0,,5,46440574.16200566
sigma_min_W,Resistance + Expansion,95.0,,5,0.003216745063402089
condition_W,Resistance + Expansion,95.0,,5,43795883.207579546
sigma_min_W,Resistance + Expansion,96.0,,5,0.0037076255293939627
condition_W,Resistance + Expansion,96.0,,5,41626790.81894155
sigma_min_W,Resistance + Expansion,97.0,,5,0.0042452606469567155
condition_W,Resistance + Expansion,97.0,,5,39865799.42777338
sigma_min_W,Resistance + Expansion,98.0,,5,0.0048444871613538085
condition_W,Resistance + Expansion,98.0,,5,38347636.420317285
sigma_min_W,Resistance + Expansion,99.0,,5,0.005487784691355567
condition_W,Resistance + Expansion,99.0,,5,37200632.21557103
sigma_min_W,Resistance + Expansion,100.0,,5,0.006173636967829999
condition_W,Resistance + Expansion,100.0,,5,36382029.262395374
sigma_min_W,Resistance + Expansion,101.0,,5,0.006890589450902959
condition_W,Resistance + Expansion,101.0,,5,35909876.86607549
sigma_min_W,Resistance + Expansion,102.0,,5,0.007636867709709389
condition_W,Resistance + Expansion,102.0,,5,35744197.400289275
sigma_min_W,Resistance + Expansion,103.0,,5,0.008404571511552529
condition_W,Resistance + Expansion,103.0,,5,35885235.98241173
sigma_min_W,Resistance + Expansion,104.0,,5,0.009151515521676234
condition_W,Resistance + Expansion,104.0,,5,36472546.95276211
sigma_min_W,Resistance + Expansion,105.0,,5,0.00983222070959077
condition_W,Resistance + Expansion,105.0,,5,37637025.66404517
sigma_min_W,Resistance + Expansion,106.0,,5,0.010425277461077617
condition_W,Resistance + Expansion,106.0,,5,39430690.433164835
sigma_min_W,Resistance + Expansion,107.0,,5,0.010915779616452986
condition_W,Resistance + Expansion,107.0,,5,41922149.12171283
sigma_min_W,Resistance + Expansion,108.0,,5,0.011325523065449665
condition_W,Resistance + Expansion,108.0,,5,45083276.25333155
sigma_min_W,Resistance + Expansion,109.0,,5,0.011678835698510607
condition_W,Resistance + Expansion,109.0,,5,48902518.99169528
sigma_min_W,Resistance + Expansion,110.0,,5,0.011979596511133566
condition_W,Resistance + Expansion,110.0,,5,53470729.21612754
sigma_min_W,Resistance + Expansion,111.0,,5,0.012239765509567149
condition_W,Resistance + Expansion,111.0,,5,58867858.55764655
sigma_min_W,Resistance + Expansion,112.0,,5,0.012472928008010012
condition_W,Resistance + Expansion,112.0,,5,65184176.81946703
sigma_min_W,Resistance + Expansion,113.0,,5,0.0127102534779337
condition_W,Resistance + Expansion,113.0,,5,72425274.85113944
sigma_min_W,Resistance + Expansion,114.0,,5,0.01298255219248803
condition_W,Resistance + Expansion,114.0,,5,80576096.96475175
sigma_min_W,Resistance + Expansion,115.0,,5,0.013327996525699099
condition_W,Resistance + Expansion,115.0,,5,89542617.00520276
sigma_min_W,Resistance + Expansion,116.0,,5,0.013788769609000296
condition_W,Resistance + Expansion,116.0,,5,99157203.59945355
sigma_min_W,Resistance + Expansion,117.0,,5,0.014537436311521245
condition_W,Resistance + Expansion,117.0,,5,108233541.86694981
sigma_min_W,Resistance + Expansion,118.0,,5,0.01574643812859906
condition_W,Resistance + Expansion,118.0,,5,115536800.28477047
sigma_min_W,Resistance + Expansion,119.0,,5,0.017884561789987083
condition_W,Resistance + Expansion,119.0,,5,118199988.49579982
sigma_min_W,Resistance + Expansion,120.0,,5,0.021902140833330353
condition_W,Resistance + Expansion,120.0,,5,112716764.42959985
sigma_min_W,Capacity + Resistance + Expansion,0.0,,3,3.4080091035028588e-18
condition_W,Capacity + Resistance + Expansion,0.0,,3,inf
sigma_min_W,Capacity + Resistance + Expansion,1.0,,5,7.569372048394014e-07
condition_W,Capacity + Resistance + Expansion,1.0,,5,61300736.51821536
sigma_min_W,Capacity + Resistance + Expansion,2.0,,5,3.1110543649265225e-06
condition_W,Capacity + Resistance + Expansion,2.0,,5,22678947.32936598
sigma_min_W,Capacity + Resistance + Expansion,3.0,,5,7.975658739801406e-06
condition_W,Capacity + Resistance + Expansion,3.0,,5,11961684.13224216
sigma_min_W,Capacity + Resistance + Expansion,4.0,,5,1.6341259431347642e-05
condition_W,Capacity + Resistance + Expansion,4.0,,5,7403791.8922322905
sigma_min_W,Capacity + Resistance + Expansion,5.0,,5,2.921989793564142e-05
condition_W,Capacity + Resistance + Expansion,5.0,,5,5043097.10969347
sigma_min_W,Capacity + Resistance + Expansion,6.0,,5,4.808892253317284e-05
condition_W,Capacity + Resistance + Expansion,6.0,,5,3630099.266472545
sigma_min_W,Capacity + Resistance + Expansion,7.0,,5,7.438169499526967e-05
condition_W,Capacity + Resistance + Expansion,7.0,,5,2724726.958438518
sigma_min_W,Capacity + Resistance + Expansion,8.0,,5,0.0001095858770267539
condition_W,Capacity + Resistance + Expansion,8.0,,5,2114549.0149375903
sigma_min_W,Capacity + Resistance + Expansion,9.0,,5,0.00015554891515005725
condition_W,Capacity + Resistance + Expansion,9.0,,5,1683043.5560243607
sigma_min_W,Capacity + Resistance + Expansion,10.0,,5,0.000214205991814181
condition_W,Capacity + Resistance + Expansion,10.0,,5,1367610.795998622
sigma_min_W,Capacity + Resistance + Expansion,11.0,,5,0.00028788671769007924
condition_W,Capacity + Resistance + Expansion,11.0,,5,1129827.636243893
sigma_min_W,Capacity + Resistance + Expansion,12.0,,5,0.00037904026117275777
condition_W,Capacity + Resistance + Expansion,12.0,,5,946627.3086356481
sigma_min_W,Capacity + Resistance + Expansion,13.0,,5,0.000490566421107382
condition_W,Capacity + Resistance + Expansion,13.0,,5,802494.1191312339
sigma_min_W,Capacity + Resistance + Expansion,14.0,,5,0.0006248787807415262
condition_W,Capacity + Resistance + Expansion,14.0,,5,688049.2470875167
sigma_min_W,Capacity + Resistance + Expansion,15.0,,5,0.0007841532561496938
condition_W,Capacity + Resistance + Expansion,15.0,,5,596449.9323648793
sigma_min_W,Capacity + Resistance + Expansion,16.0,,5,0.0009722211801424417
condition_W,Capacity + Resistance + Expansion,16.0,,5,521550.0106687609
sigma_min_W,Capacity + Resistance + Expansion,17.0,,5,0.0011937026226629007
condition_W,Capacity + Resistance + Expansion,17.0,,5,459175.7029524567
sigma_min_W,Capacity + Resistance + Expansion,18.0,,5,0.0014534943398015591
condition_W,Capacity + Resistance + Expansion,18.0,,5,406605.52271545585
sigma_min_W,Capacity + Resistance + Expansion,19.0,,5,0.00176218193837736
condition_W,Capacity + Resistance + Expansion,19.0,,5,360831.7523243401
sigma_min_W,Capacity + Resistance + Expansion,20.0,,5,0.0021274899376483
condition_W,Capacity + Resistance + Expansion,20.0,,5,320950.2914000825
sigma_min_W,Capacity + Resistance + Expansion,21.0,,5,0.0025564508271540506
condition_W,Capacity + Resistance + Expansion,21.0,,5,286354.27070785506
sigma_min_W,Capacity + Resistance + Expansion,22.0,,5,0.003058321119737311
condition_W,Capacity + Resistance + Expansion,22.0,,5,256254.6000546274
sigma_min_W,Capacity + Resistance + Expansion,23.0,,5,0.0036415124969988006
condition_W,Capacity + Resistance + Expansion,23.0,,5,230115.04263064056
sigma_min_W,Capacity + Resistance + Expansion,24.0,,5,0.004315930893103019
condition_W,Capacity + Resistance + Expansion,24.0,,5,207373.91811583762
sigma_min_W,Capacity + Resistance + Expansion,25.0,,5,0.005090855930480175
condition_W,Capacity + Resistance + Expansion,25.0,,5,187598.65542545047
sigma_min_W,Capacity + Resistance + Expansion,26.0,,5,0.005972682839616683
condition_W,Capacity + Resistance + Expansion,26.0,,5,170484.30100428296
sigma_min_W,Capacity + Resistance + Expansion,27.0,,5,0.00697317783693609
condition_W,Capacity + Resistance + Expansion,27.0,,5,155578.43859455752
sigma_min_W,Capacity + Resistance + Expansion,28.0,,5,0.008105658375600315
condition_W,Capacity + Resistance + Expansion,28.0,,5,142514.11985702172
sigma_min_W,Capacity + Resistance + Expansion,29.0,,5,0.009386210506898168
condition_W,Capacity + Resistance + Expansion,29.0,,5,130979.84228576762
sigma_min_W,Capacity + Resistance + Expansion,30.0,,5,0.010831248715722112
condition_W,Capacity + Resistance + Expansion,30.0,,5,120749.72615190313
sigma_min_W,Capacity + Resistance + Expansion,31.0,,5,0.012459314862013638
condition_W,Capacity + Resistance + Expansion,31.0,,5,111634.51875507289
sigma_min_W,Capacity + Resistance + Expansion,32.0,,5,0.014304159178947113
condition_W,Capacity + Resistance + Expansion,32.0,,5,103384.39964232381
sigma_min_W,Capacity + Resistance + Expansion,33.0,,5,0.016387707673480953
condition_W,Capacity + Resistance + Expansion,33.0,,5,95928.83199257644
sigma_min_W,Capacity + Resistance + Expansion,34.0,,5,0.018731996888015315
condition_W,Capacity + Resistance + Expansion,34.0,,5,89204.11783475034
sigma_min_W,Capacity + Resistance + Expansion,35.0,,5,0.02135711612973499
condition_W,Capacity + Resistance + Expansion,35.0,,5,83157.85582522169
sigma_min_W,Capacity + Resistance + Expansion,36.0,,5,0.02428691263827899
condition_W,Capacity + Resistance + Expansion,36.0,,5,77722.66574012276
sigma_min_W,Capacity + Resistance + Expansion,37.0,,5,0.02754580238644969
condition_W,Capacity + Resistance + Expansion,37.0,,5,72837.7065343304
sigma_min_W,Capacity + Resistance + Expansion,38.0,,5,0.031158337757636018
condition_W,Capacity + Resistance + Expansion,38.0,,5,68448.75767110029
sigma_min_W,Capacity + Resistance + Expansion,39.0,,5,0.03515030064831381
condition_W,Capacity + Resistance + Expansion,39.0,,5,64504.90654075414
sigma_min_W,Capacity + Resistance + Expansion,40.0,,5,0.03954530087409357
condition_W,Capacity + Resistance + Expansion,40.0,,5,60964.71276627869
sigma_min_W,Capacity + Resistance + Expansion,41.0,,5,0.04431253941384819
condition_W,Capacity + Resistance + Expansion,41.0,,5,57860.54915617856
sigma_min_W,Capacity + Resistance + Expansion,42.0,,5,0.04947781758887562
condition_W,Capacity + Resistance + Expansion,42.0,,5,55122.92105445014
sigma_min_W,Capacity + Resistance + Expansion,43.0,,5,0.0551281900789871
condition_W,Capacity + Resistance + Expansion,43.0,,5,52639.639612886844
sigma_min_W,Capacity + Resistance + Expansion,44.0,,5,0.061283433230339295
condition_W,Capacity + Resistance + Expansion,44.0,,5,50397.477790882585
sigma_min_W,Capacity + Resistance + Expansion,45.0,,5,0.06796290831926807
condition_W,Capacity + Resistance + Expansion,45.0,,5,48381.253130065576
sigma_min_W,Capacity + Resistance + Expansion,46.0,,5,0.07508224771464227
condition_W,Capacity + Resistance + Expansion,46.0,,5,46639.30719047065
sigma_min_W,Capacity + Resistance + Expansion,47.0,,5,0.08267066719191767
condition_W,Capacity + Resistance + Expansion,47.0,,5,45126.33092597332
sigma_min_W,Capacity + Resistance + Expansion,48.0,,5,0.09082639517745358
condition_W,Capacity + Resistance + Expansion,48.0,,5,43774.41697135432
sigma_min_W,Capacity + Resistance + Expansion,49.0,,5,0.09955843610053002
condition_W,Capacity + Resistance + Expansion,49.0,,5,42576.67127130864
sigma_min_W,Capacity + Resistance + Expansion,50.0,,5,0.10887014393440983
condition_W,Capacity + Resistance + Expansion,50.0,,5,41527.0817665078
sigma_min_W,Capacity + Resistance + Expansion,51.0,,5,0.11875608353793504
condition_W,Capacity + Resistance + Expansion,51.0,,5,40621.31995707589
sigma_min_W,Capacity + Resistance + Expansion,52.0,,5,0.12921451775519835
condition_W,Capacity + Resistance + Expansion,52.0,,5,39852.27714485148
sigma_min_W,Capacity + Resistance + Expansion,53.0,,5,0.1402391153038336
condition_W,Capacity + Resistance + Expansion,53.0,,5,39213.88393581179
sigma_min_W,Capacity + Resistance + Expansion,54.0,,5,0.151810526159438
condition_W,Capacity + Resistance + Expansion,54.0,,5,38703.158841951255
sigma_min_W,Capacity + Resistance + Expansion,55.0,,5,0.16391068473394863
condition_W,Capacity + Resistance + Expansion,55.0,,5,38315.92581153057
sigma_min_W,Capacity + Resistance + Expansion,56.0,,5,0.176517086132222
condition_W,Capacity + Resistance + Expansion,56.0,,5,38048.8142487307
sigma_min_W,Capacity + Resistance + Expansion,57.0,,5,0.18960389602261205
condition_W,Capacity + Resistance + Expansion,57.0,,5,37899.066300124934
sigma_min_W,Capacity + Resistance + Expansion,58.0,,5,0.20314138724996572
condition_W,Capacity + Resistance + Expansion,58.0,,5,37864.764001862764
sigma_min_W,Capacity + Resistance + Expansion,59.0,,5,0.21709743303159074
condition_W,Capacity + Resistance + Expansion,59.0,,5,37944.61039924758
sigma_min_W,Capacity + Resistance + Expansion,60.0,,5,0.23143408367683832
condition_W,Capacity + Resistance + Expansion,60.0,,5,38138.59688973671
sigma_min_W,Capacity + Resistance + Expansion,61.0,,5,0.24610280226742887
condition_W,Capacity + Resistance + Expansion,61.0,,5,38448.68788014917
sigma_min_W,Capacity + Resistance + Expansion,62.0,,5,0.2610922297805953
condition_W,Capacity + Resistance + Expansion,62.0,,5,38871.495629768935
sigma_min_W,Capacity + Resistance + Expansion,63.0,,5,0.2763365379180599
condition_W,Capacity + Resistance + Expansion,63.0,,5,39412.841165051344
sigma_min_W,Capacity + Resistance + Expansion,64.0,,5,0.29179272069733964
condition_W,Capacity + Resistance + Expansion,64.0,,5,40075.45734593551
sigma_min_W,Capacity + Resistance + Expansion,65.0,,5,0.30740289901314893
condition_W,Capacity + Resistance + Expansion,65.0,,5,40864.85249237643
sigma_min_W,Capacity + Resistance + Expansion,66.0,,5,0.32306314270734143
condition_W,Capacity + Resistance + Expansion,66.0,,5,41792.84884178278
sigma_min_W,Capacity + Resistance + Expansion,67.0,,5,0.33870464228536123
condition_W,Capacity + Resistance + Expansion,67.0,,5,42867.38450017309
sigma_min_W,Capacity + Resistance + Expansion,68.0,,5,0.354294321335681
condition_W,Capacity + Resistance + Expansion,68.0,,5,44093.30195795292
sigma_min_W,Capacity + Resistance + Expansion,69.0,,5,0.36979460136194736
condition_W,Capacity + Resistance + Expansion,69.0,,5,45477.58715770056
sigma_min_W,Capacity + Resistance + Expansion,70.0,,5,0.38516640120975204
condition_W,Capacity + Resistance + Expansion,70.0,,5,47029.0025895296
sigma_min_W,Capacity + Resistance + Expansion,71.0,,5,0.40036747763382796
condition_W,Capacity + Resistance + Expansion,71.0,,5,48758.360978235454
sigma_min_W,Capacity + Resistance + Expansion,72.0,,5,0.41535982291210305
condition_W,Capacity + Resistance + Expansion,72.0,,5,50677.73414562295
sigma_min_W,Capacity + Resistance + Expansion,73.0,,5,0.43009619388220854
condition_W,Capacity + Resistance + Expansion,73.0,,5,52802.25232901529
sigma_min_W,Capacity + Resistance + Expansion,74.0,,5,0.44455504999521533
condition_W,Capacity + Resistance + Expansion,74.0,,5,55146.148515553905
sigma_min_W,Capacity + Resistance + Expansion,75.0,,5,0.45869657865837954
condition_W,Capacity + Resistance + Expansion,75.0,,5,57728.07403940615
sigma_min_W,Capacity + Resistance + Expansion,76.0,,5,0.4724921308020019
condition_W,Capacity + Resistance + Expansion,76.0,,5,60567.70800824008
sigma_min_W,Capacity + Resistance + Expansion,77.0,,5,0.48592282077321514
condition_W,Capacity + Resistance + Expansion,77.0,,5,63685.944528519045
sigma_min_W,Capacity + Resistance + Expansion,78.0,,5,0.4990136499827259
condition_W,Capacity + Resistance + Expansion,78.0,,5,67100.94499751102
sigma_min_W,Capacity + Resistance + Expansion,79.0,,5,0.5116174470549437
condition_W,Capacity + Resistance + Expansion,79.0,,5,70857.2548313547
sigma_min_W,Capacity + Resistance + Expansion,80.0,,5,0.5235764610275332
condition_W,Capacity + Resistance + Expansion,80.0,,5,75005.78381350273
sigma_min_W,Capacity + Resistance + Expansion,81.0,,5,0.5348797346763348
condition_W,Capacity + Resistance + Expansion,81.0,,5,79583.6545420777
sigma_min_W,Capacity + Resistance + Expansion,82.0,,5,0.5455029912046669
condition_W,Capacity + Resistance + Expansion,82.0,,5,84635.2745567611
sigma_min_W,Capacity + Resistance + Expansion,83.0,,5,0.5554313842595964
condition_W,Capacity + Resistance + Expansion,83.0,,5,90209.75823190004
sigma_min_W,Capacity + Resistance + Expansion,84.0,,5,0.564522565434538
condition_W,Capacity + Resistance + Expansion,84.0,,5,96383.36594813313
sigma_min_W,Capacity + Resistance + Expansion,85.0,,5,0.5727857213787237
condition_W,Capacity + Resistance + Expansion,85.0,,5,103218.692819768
sigma_min_W,Capacity + Resistance + Expansion,86.0,,5,0.5802467770660024
condition_W,Capacity + Resistance + Expansion,86.0,,5,110784.58146161165
sigma_min_W,Capacity + Resistance + Expansion,87.0,,5,0.5866541164368848
condition_W,Capacity + Resistance + Expansion,87.0,,5,119215.57184223339
sigma_min_W,Capacity + Resistance + Expansion,88.0,,5,0.5925106377854573
condition_W,Capacity + Resistance + Expansion,88.0,,5,128506.62531585104
sigma_min_W,Capacity + Resistance + Expansion,89.0,,5,0.5978146143418687
condition_W,Capacity + Resistance + Expansion,89.0,,5,138756.4764298163
sigma_min_W,Capacity + Resistance + Expansion,90.0,,5,0.602816211492965
condition_W,Capacity + Resistance + Expansion,90.0,,5,150016.54844598373
sigma_min_W,Capacity + Resistance + Expansion,91.0,,5,0.60768763886882
condition_W,Capacity + Resistance + Expansion,91.0,,5,162356.076908939
sigma_min_W,Capacity + Resistance + Expansion,92.0,,5,0.6124724713130313
condition_W,Capacity + Resistance + Expansion,92.0,,5,175880.66588172843
sigma_min_W,Capacity + Resistance + Expansion,93.0,,5,0.6172377287558776
condition_W,Capacity + Resistance + Expansion,93.0,,5,190700.15174334327
sigma_min_W,Capacity + Resistance + Expansion,94.0,,5,0.6220493114297263
condition_W,Capacity + Resistance + Expansion,94.0,,5,206934.11885284874
sigma_min_W,Capacity + Resistance + Expansion,95.0,,5,0.6270323874756654
condition_W,Capacity + Resistance + Expansion,95.0,,5,224694.13033298767
sigma_min_W,Capacity + Resistance + Expansion,96.0,,5,0.6323694784084177
condition_W,Capacity + Resistance + Expansion,96.0,,5,244077.71058373307
sigma_min_W,Capacity + Resistance + Expansion,97.0,,5,0.6383134372466981
condition_W,Capacity + Resistance + Expansion,97.0,,5,265154.89518423623
sigma_min_W,Capacity + Resistance + Expansion,98.0,,5,0.645159622598093
condition_W,Capacity + Resistance + Expansion,98.0,,5,287969.64395776566
sigma_min_W,Capacity + Resistance + Expansion,99.0,,5,0.6534203249679017
condition_W,Capacity + Resistance + Expansion,99.0,,5,312450.3407533323
sigma_min_W,Capacity + Resistance + Expansion,100.0,,5,0.6637342790990685
condition_W,Capacity + Resistance + Expansion,100.0,,5,338422.2345079462
sigma_min_W,Capacity + Resistance + Expansion,101.0,,5,0.6767721083583417
condition_W,Capacity + Resistance + Expansion,101.0,,5,365638.5078577603
sigma_min_W,Capacity + Resistance + Expansion,102.0,,5,0.6932687623756393
condition_W,Capacity + Resistance + Expansion,102.0,,5,393769.71795521624
sigma_min_W,Capacity + Resistance + Expansion,103.0,,5,0.7140929339795018
condition_W,Capacity + Resistance + Expansion,103.0,,5,422375.66812570347
sigma_min_W,Capacity + Resistance + Expansion,104.0,,5,0.7403507184993404
condition_W,Capacity + Resistance + Expansion,104.0,,5,450861.38312139054
sigma_min_W,Capacity + Resistance + Expansion,105.0,,5,0.772733309220645
condition_W,Capacity + Resistance + Expansion,105.0,,5,478914.4682030749
sigma_min_W,Capacity + Resistance + Expansion,106.0,,5,0.811799876769821
condition_W,Capacity + Resistance + Expansion,106.0,,5,506399.1943597205
sigma_min_W,Capacity + Resistance + Expansion,107.0,,5,0.8578087779790793
condition_W,Capacity + Resistance + Expansion,107.0,,5,533491.0702412497
sigma_min_W,Capacity + Resistance + Expansion,108.0,,5,0.9104169475975181
condition_W,Capacity + Resistance + Expansion,108.0,,5,560857.0143376177
sigma_min_W,Capacity + Resistance + Expansion,109.0,,5,0.9685684357039847
condition_W,Capacity + Resistance + Expansion,109.0,,5,589683.0846723091
sigma_min_W,Capacity + Resistance + Expansion,110.0,,5,1.0302222637367586
condition_W,Capacity + Resistance + Expansion,110.0,,5,621791.8985429438
sigma_min_W,Capacity + Resistance + Expansion,111.0,,5,1.0927053018698576
condition_W,Capacity + Resistance + Expansion,111.0,,5,659425.1412971255
sigma_min_W,Capacity + Resistance + Expansion,112.0,,5,1.1533094681356526
condition_W,Capacity + Resistance + Expansion,112.0,,5,704987.65449108
sigma_min_W,Capacity + Resistance + Expansion,113.0,,5,1.2097233293266425
condition_W,Capacity + Resistance + Expansion,113.0,,5,760982.4695548189
sigma_min_W,Capacity + Resistance + Expansion,114.0,,5,1.2604934209290413
condition_W,Capacity + Resistance + Expansion,114.0,,5,829930.3774954195
sigma_min_W,Capacity + Resistance + Expansion,115.0,,5,1.3050156374682458
condition_W,Capacity + Resistance + Expansion,115.0,,5,914522.6993050652
sigma_min_W,Capacity + Resistance + Expansion,116.0,,5,1.3432660724185514
condition_W,Capacity + Resistance + Expansion,116.0,,5,1017894.8397063493
sigma_min_W,Capacity + Resistance + Expansion,117.0,,5,1.375475062424287
condition_W,Capacity + Resistance + Expansion,117.0,,5,1143962.4658202697
sigma_min_W,Capacity + Resistance + Expansion,118.0,,5,1.4019170902010276
condition_W,Capacity + Resistance + Expansion,118.0,,5,1297761.1442366694
sigma_min_W,Capacity + Resistance + Expansion,119.0,,5,1.4226490352180605
condition_W,Capacity + Resistance + Expansion,119.0,,5,1485976.776540225
sigma_min_W,Capacity + Resistance + Expansion,120.0,,5,1.4374482359357186
condition_W,Capacity + Resistance + Expansion,120.0,,5,1717499.2166950188
sigma_min_W,eSOH,0.0,,3,0.0
condition_W,eSOH,0.0,,3,inf
sigma_min_W,eSOH,1.0,,5,3.852757409796052e-11
condition_W,eSOH,1.0,,5,51969277032.78296
sigma_min_W,eSOH,2.0,,5,1.6963977664168065e-10
condition_W,eSOH,2.0,,5,17724524589.30095
sigma_min_W,eSOH,3.0,,5,4.099671978824883e-10
condition_W,eSOH,3.0,,5,9790105690.71168
sigma_min_W,eSOH,4.0,,5,8.095546472325612e-10
condition_W,eSOH,4.0,,5,6204386518.33529
sigma_min_W,eSOH,5.0,,5,1.4090626868511609e-09
condition_W,eSOH,5.0,,5,4282502358.1028156
sigma_min_W,eSOH,6.0,,5,2.23343456276154e-09
condition_W,eSOH,6.0,,5,3155781198.9143696
sigma_min_W,eSOH,7.0,,5,3.336518723929973e-09
condition_W,eSOH,7.0,,5,2417065991.5330076
sigma_min_W,eSOH,8.0,,5,4.763397315773985e-09
condition_W,eSOH,8.0,,5,1906919255.0927167
sigma_min_W,eSOH,9.0,,5,6.5773358880646725e-09
condition_W,eSOH,9.0,,5,1536296416.7288072
sigma_min_W,eSOH,10.0,,5,8.779000739933963e-09
condition_W,eSOH,10.0,,5,1267636068.0494435
sigma_min_W,eSOH,11.0,,5,1.14219804975885e-08
condition_W,eSOH,11.0,,5,1064173709.4804136
sigma_min_W,eSOH,12.0,,5,1.4567449166694625e-08
condition_W,eSOH,12.0,,5,905027598.074148
sigma_min_W,eSOH,13.0,,5,1.8265049530662258e-08
condition_W,eSOH,13.0,,5,778290661.0768464
sigma_min_W,eSOH,14.0,,5,2.2560200214676704e-08
condition_W,eSOH,14.0,,5,675956690.9852736
sigma_min_W,eSOH,15.0,,5,2.7505582027213277e-08
condition_W,eSOH,15.0,,5,592118445.4450809
sigma_min_W,eSOH,16.0,,5,3.313620710002864e-08
condition_W,eSOH,16.0,,5,522874796.3590543
sigma_min_W,eSOH,17.0,,5,3.9462742449600044e-08
condition_W,eSOH,17.0,,5,465460096.5187708
sigma_min_W,eSOH,18.0,,5,4.649748213767892e-08
condition_W,eSOH,18.0,,5,417513825.1667294
sigma_min_W,eSOH,19.0,,5,5.432945729532093e-08
condition_W,eSOH,19.0,,5,376613553.80181986
sigma_min_W,eSOH,20.0,,5,6.304379821970979e-08
condition_W,eSOH,20.0,,5,341222462.86822456
sigma_min_W,eSOH,21.0,,5,7.266369812548921e-08
condition_W,eSOH,21.0,,5,310549027.2568807
sigma_min_W,eSOH,22.0,,5,8.326375139928798e-08
condition_W,eSOH,22.0,,5,283704525.4859815
sigma_min_W,eSOH,23.0,,5,9.488273541975159e-08
condition_W,eSOH,23.0,,5,260131837.03745788
sigma_min_W,eSOH,24.0,,5,1.0756761642586333e-07
condition_W,eSOH,24.0,,5,239336469.14545986
sigma_min_W,eSOH,25.0,,5,1.2153710510409193e-07
condition_W,eSOH,25.0,,5,220597906.30152
sigma_min_W,eSOH,26.0,,5,1.3679218871594504e-07
condition_W,eSOH,26.0,,5,203812660.68163475
sigma_min_W,eSOH,27.0,,5,1.526374831422541e-07
condition_W,eSOH,27.0,,5,189680567.1531166
sigma_min_W,eSOH,28.0,,5,1.6939216283812128e-07
condition_W,eSOH,28.0,,5,177269369.69594565
sigma_min_W,eSOH,29.0,,5,1.8725692227786093e-07
condition_W,eSOH,29.0,,5,166119708.2903558
sigma_min_W,eSOH,30.0,,5,2.0639887239293647e-07
condition_W,eSOH,30.0,,5,155957702.31912136
sigma_min_W,eSOH,31.0,,5,2.2694464948898452e-07
condition_W,eSOH,31.0,,5,146623403.94113743
sigma_min_W,eSOH,32.0,,5,2.49006191578481e-07
condition_W,eSOH,32.0,,5,138008059.68055126
sigma_min_W,eSOH,33.0,,5,2.726894658381942e-07
condition_W,eSOH,33.0,,5,130030558.89555365
sigma_min_W,eSOH,34.0,,5,2.9755205851565303e-07
condition_W,eSOH,34.0,,5,122851959.90764302
sigma_min_W,eSOH,35.0,,5,3.2411901168818804e-07
condition_W,eSOH,35.0,,5,116178225.56577277
sigma_min_W,eSOH,36.0,,5,3.5270425317519113e-07
condition_W,eSOH,36.0,,5,109894163.88588294
sigma_min_W,eSOH,37.0,,5,3.8322766274688174e-07
condition_W,eSOH,37.0,,5,104033922.35905774
sigma_min_W,eSOH,38.0,,5,4.1577547884834616e-07
condition_W,eSOH,38.0,,5,98565923.85192932
sigma_min_W,eSOH,39.0,,5,4.501833304765312e-07
condition_W,eSOH,39.0,,5,93513176.00718275
sigma_min_W,eSOH,40.0,,5,4.864597302497908e-07
condition_W,eSOH,40.0,,5,88844132.50058424
sigma_min_W,eSOH,41.0,,5,5.245802146395867e-07
condition_W,eSOH,41.0,,5,84533225.15806186
sigma_min_W,eSOH,42.0,,5,5.64884873860789e-07
condition_W,eSOH,42.0,,5,80501850.27218506
sigma_min_W,eSOH,43.0,,5,6.075889346305891e-07
condition_W,eSOH,43.0,,5,76710817.14657839
sigma_min_W,eSOH,44.0,,5,6.528340309067649e-07
condition_W,eSOH,44.0,,5,73139047.21214542
sigma_min_W,eSOH,45.0,,5,7.007152530574654e-07
condition_W,eSOH,45.0,,5,69773625.65549202
sigma_min_W,eSOH,46.0,,5,7.509691982830833e-07
condition_W,eSOH,46.0,,5,66634050.08175467
sigma_min_W,eSOH,47.0,,5,8.038400246897096e-07
condition_W,eSOH,47.0,,5,63686620.042197086
sigma_min_W,eSOH,48.0,,5,8.590542184001775e-07
condition_W,eSOH,48.0,,5,60942443.942140035
sigma_min_W,eSOH,49.0,,5,9.169038733217075e-07
condition_W,eSOH,49.0,,5,58367407.92411145
sigma_min_W,eSOH,50.0,,5,9.778457795200299e-07
condition_W,eSOH,50.0,,5,55926260.482929416
sigma_min_W,eSOH,51.0,,5,1.0418623401428033e-06
condition_W,eSOH,51.0,,5,53618268.28367324
sigma_min_W,eSOH,52.0,,5,1.105827419278049e-06
condition_W,eSOH,52.0,,5,51585133.77961277
sigma_min_W,eSOH,53.0,,5,1.1732217190176917e-06
condition_W,eSOH,53.0,,5,49633955.60911939
sigma_min_W,eSOH,54.0,,5,1.2441979703558522e-06
condition_W,eSOH,54.0,,5,47761832.6846696
sigma_min_W,eSOH,55.0,,5,1.3189177877385636e-06
condition_W,eSOH,55.0,,5,45965769.86719558
sigma_min_W,eSOH,56.0,,5,1.3974957164848204e-06
condition_W,eSOH,56.0,,5,44244488.518698566
sigma_min_W,eSOH,57.0,,5,1.480063692041254e-06
condition_W,eSOH,57.0,,5,42595897.886785015
sigma_min_W,eSOH,58.0,,5,1.5667742477236385e-06
condition_W,eSOH,58.0,,5,41017255.99689974
sigma_min_W,eSOH,59.0,,5,1.6577526922681202e-06
condition_W,eSOH,59.0,,5,39506599.57860545
sigma_min_W,eSOH,60.0,,5,1.7531575134676104e-06
condition_W,eSOH,60.0,,5,38061143.05357394
sigma_min_W,eSOH,61.0,,5,1.8517613675721493e-06
condition_W,eSOH,61.0,,5,36705650.154846445
sigma_min_W,eSOH,62.0,,5,1.9540783289979113e-06
condition_W,eSOH,62.0,,5,35423975.35026747
sigma_min_W,eSOH,63.0,,5,2.060981615669915e-06
condition_W,eSOH,63.0,,5,34197653.56302372
sigma_min_W,eSOH,64.0,,5,2.172734823021134e-06
condition_W,eSOH,64.0,,5,33022408.476333793
sigma_min_W,eSOH,65.0,,5,2.2889284576902827e-06
condition_W,eSOH,65.0,,5,31904079.374286912
sigma_min_W,eSOH,66.0,,5,2.410605857609329e-06
condition_W,eSOH,66.0,,5,30827375.97047161
sigma_min_W,eSOH,67.0,,5,2.5379996806691236e-06
condition_W,eSOH,67.0,,5,29790696.549342908
sigma_min_W,eSOH,68.0,,5,2.6713245884381007e-06
condition_W,eSOH,68.0,,5,28792826.127174206
sigma_min_W,eSOH,69.0,,5,2.8108083034638746e-06
condition_W,eSOH,69.0,,5,27832465.4291879
sigma_min_W,eSOH,70.0,,5,2.9566893869937516e-06
condition_W,eSOH,70.0,,5,26908294.07881327
sigma_min_W,eSOH,71.0,,5,3.108448923246201e-06
condition_W,eSOH,71.0,,5,26025444.890573867
sigma_min_W,eSOH,72.0,,5,3.2656803199126503e-06
condition_W,eSOH,72.0,,5,25186236.121449344
sigma_min_W,eSOH,73.0,,5,3.4282938457243193e-06
condition_W,eSOH,73.0,,5,24389484.163544808
sigma_min_W,eSOH,74.0,,5,3.5985663607848515e-06
condition_W,eSOH,74.0,,5,23618215.07436239
sigma_min_W,eSOH,75.0,,5,3.776795381578566e-06
condition_W,eSOH,75.0,,5,22872005.19357227
sigma_min_W,eSOH,76.0,,5,3.96329906710788e-06
condition_W,eSOH,76.0,,5,22150352.78851174
sigma_min_W,eSOH,77.0,,5,4.158343446725023e-06
condition_W,eSOH,77.0,,5,21453063.792808205
sigma_min_W,eSOH,78.0,,5,4.363564963113952e-06
condition_W,eSOH,78.0,,5,20773343.22898557
sigma_min_W,eSOH,79.0,,5,4.577900026581226e-06
condition_W,eSOH,79.0,,5,20118205.29392397
sigma_min_W,eSOH,80.0,,5,4.8019385671738115e-06
condition_W,eSOH,80.0,,5,19485859.32225116
sigma_min_W,eSOH,81.0,,5,5.036457441267466e-06
condition_W,eSOH,81.0,,5,18874233.439679846
sigma_min_W,eSOH,82.0,,5,5.281750547594262e-06
condition_W,eSOH,82.0,,5,18283390.920669775
sigma_min_W,eSOH,83.0,,5,5.538081413240306e-06
condition_W,eSOH,83.0,,5,17713379.266285576
sigma_min_W,eSOH,84.0,,5,5.806781967682442e-06
condition_W,eSOH,84.0,,5,17160923.764333155
sigma_min_W,eSOH,85.0,,5,6.088233325196467e-06
condition_W,eSOH,85.0,,5,16626206.926710334
sigma_min_W,eSOH,86.0,,5,6.3816694809923496e-06
condition_W,eSOH,86.0,,5,16112210.315671131
sigma_min_W,eSOH,87.0,,5,6.6918584355734535e-06
condition_W,eSOH,87.0,,5,15608061.910048163
sigma_min_W,eSOH,88.0,,5,7.016478518346631e-06
condition_W,eSOH,88.0,,5,15121305.724679217
sigma_min_W,eSOH,89.0,,5,7.351158998031769e-06
condition_W,eSOH,89.0,,5,14661488.511510791
sigma_min_W,eSOH,90.0,,5,7.701774730197714e-06
condition_W,eSOH,90.0,,5,14216333.543258201
sigma_min_W,eSOH,91.0,,5,8.062558029916873e-06
condition_W,eSOH,91.0,,5,13796698.024700666
sigma_min_W,eSOH,92.0,,5,8.423078770563677e-06
condition_W,eSOH,92.0,,5,13417692.294671936
sigma_min_W,eSOH,93.0,,5,8.783742188603534e-06
condition_W,eSOH,93.0,,5,13073971.738930337
sigma_min_W,eSOH,94.0,,5,9.157845438483932e-06
condition_W,eSOH,94.0,,5,12743149.000216275
sigma_min_W,eSOH,95.0,,5,9.550669406257942e-06
condition_W,eSOH,95.0,,5,12418564.52370825
sigma_min_W,eSOH,96.0,,5,9.962045068063463e-06
condition_W,eSOH,96.0,,5,12101896.56873654
sigma_min_W,eSOH,97.0,,5,1.0391647400185057e-05
condition_W,eSOH,97.0,,5,11794695.270620124
sigma_min_W,eSOH,98.0,,5,1.083878865360025e-05
condition_W,eSOH,98.0,,5,11498552.599778924
sigma_min_W,eSOH,99.0,,5,1.1302882805945706e-05
condition_W,eSOH,99.0,,5,11214600.953947457
sigma_min_W,eSOH,100.0,,5,1.1781341378567328e-05
condition_W,eSOH,100.0,,5,10945558.528979003
sigma_min_W,eSOH,101.0,,5,1.2263161188116068e-05
condition_W,eSOH,101.0,,5,10700798.379808972
sigma_min_W,eSOH,102.0,,5,1.2760421252606199e-05
condition_W,eSOH,102.0,,5,10468491.586828174
sigma_min_W,eSOH,103.0,,5,1.3272440465661074e-05
condition_W,eSOH,103.0,,5,10249289.778959898
sigma_min_W,eSOH,104.0,,5,1.3800200972910297e-05
condition_W,eSOH,104.0,,5,10042525.403190825
sigma_min_W,eSOH,105.0,,5,1.4339717881145201e-05
condition_W,eSOH,105.0,,5,9851132.381737245
sigma_min_W,eSOH,106.0,,5,1.4896562661647232e-05
condition_W,eSOH,106.0,,5,9671281.61737619
sigma_min_W,eSOH,107.0,,5,1.5466494676947314e-05
condition_W,eSOH,107.0,,5,9506054.801883118
sigma_min_W,eSOH,108.0,,5,1.604752138075045e-05
condition_W,eSOH,108.0,,5,9356748.030248279
sigma_min_W,eSOH,109.0,,5,1.664140187502617e-05
condition_W,eSOH,109.0,,5,9222486.818426603
sigma_min_W,eSOH,110.0,,5,1.7248685318606858e-05
condition_W,eSOH,110.0,,5,9103374.39123469
sigma_min_W,eSOH,111.0,,5,1.786652777988607e-05
condition_W,eSOH,111.0,,5,9001470.91826471
sigma_min_W,eSOH,112.0,,5,1.8503808535118183e-05
condition_W,eSOH,112.0,,5,8913144.771155043
sigma_min_W,eSOH,113.0,,5,1.915777289515755e-05
condition_W,eSOH,113.0,,5,8841164.316515846
sigma_min_W,eSOH,114.0,,5,1.9834937680074896e-05
condition_W,eSOH,114.0,,5,8784191.884564554
sigma_min_W,eSOH,115.0,,5,2.054121751050305e-05
condition_W,eSOH,115.0,,5,8741909.475204011
sigma_min_W,eSOH,116.0,,5,2.1286630024353443e-05
condition_W,eSOH,116.0,,5,8712992.934378218
sigma_min_W,eSOH,117.0,,5,2.2077674669183424e-05
condition_W,eSOH,117.0,,5,8698443.17920808
sigma_min_W,eSOH,118.0,,5,2.2930717904013223e-05
condition_W,eSOH,118.0,,5,8696183.04616257
sigma_min_W,eSOH,119.0,,5,2.386160805785197e-05
condition_W,eSOH,119.0,,5,8705509.921674918
sigma_min_W,eSOH,120.0,,5,2.488238693846925e-05
condition_W,eSOH,120.0,,5,8728025.828135835
sigma_min_W,eSOH + Resistance,0.0,,4,1.3227266043664776e-17
condition_W,eSOH + Resistance,0.0,,4,inf
sigma_min_W,eSOH + Resistance,1.0,,5,2.849483000451873e-07
condition_W,eSOH + Resistance,1.0,,5,16543061.278117662
sigma_min_W,eSOH + Resistance,2.0,,5,1.1525137949095635e-06
condition_W,eSOH + Resistance,2.0,,5,6182068.4620508
sigma_min_W,eSOH + Resistance,3.0,,5,2.9217531541875808e-06
condition_W,eSOH + Resistance,3.0,,5,3276586.7116484162
sigma_min_W,eSOH + Resistance,4.0,,5,5.918371478634504e-06
condition_W,eSOH + Resistance,4.0,,5,2037797.9271042238
sigma_min_W,eSOH + Resistance,5.0,,5,1.0464285567321741e-05
condition_W,eSOH + Resistance,5.0,,5,1394004.885342882
sigma_min_W,eSOH + Resistance,6.0,,5,1.690580352695295e-05
condition_W,eSOH + Resistance,6.0,,5,1014734.0240272853
sigma_min_W,eSOH + Resistance,7.0,,5,2.5615732942889315e-05
condition_W,eSOH + Resistance,7.0,,5,771585.5928869251
sigma_min_W,eSOH + Resistance,8.0,,5,3.69808855128418e-05
condition_W,eSOH + Resistance,8.0,,5,606207.1037834485
sigma_min_W,eSOH + Resistance,9.0,,5,5.14081789509794e-05
condition_W,eSOH + Resistance,9.0,,5,488565.5921622537
sigma_min_W,eSOH + Resistance,10.0,,5,6.931738500086519e-05
condition_W,eSOH + Resistance,10.0,,5,401929.4714909786
sigma_min_W,eSOH + Resistance,11.0,,5,9.115767884754957e-05
condition_W,eSOH + Resistance,11.0,,5,336262.1026423395
sigma_min_W,eSOH + Resistance,12.0,,5,0.00011736624067886115
condition_W,eSOH + Resistance,12.0,,5,285383.783075545
sigma_min_W,eSOH + Resistance,13.0,,5,0.0001483988562278044
condition_W,eSOH + Resistance,13.0,,5,245197.33229222902
sigma_min_W,eSOH + Resistance,14.0,,5,0.00018474971328464175
condition_W,eSOH + Resistance,14.0,,5,212894.0771209191
sigma_min_W,eSOH + Resistance,15.0,,5,0.0002269523604803675
condition_W,eSOH + Resistance,15.0,,5,186520.1870570793
sigma_min_W,eSOH + Resistance,16.0,,5,0.0002755117835777861
condition_W,eSOH + Resistance,16.0,,5,164733.56928924343
sigma_min_W,eSOH + Resistance,17.0,,5,0.00033098540184446585
condition_W,eSOH + Resistance,17.0,,5,146527.67490163282
sigma_min_W,eSOH + Resistance,18.0,,5,0.0003939316996632598
condition_W,eSOH + Resistance,18.0,,5,131166.33400542967
sigma_min_W,eSOH + Resistance,19.0,,5,0.0004649220478477946
condition_W,eSOH + Resistance,19.0,,5,118094.66688421597
sigma_min_W,eSOH + Resistance,20.0,,5,0.0005446385307720905
condition_W,eSOH + Resistance,20.0,,5,106866.31024618901
sigma_min_W,eSOH + Resistance,21.0,,5,0.0006336212801689034
condition_W,eSOH + Resistance,21.0,,5,97169.85893989414
sigma_min_W,eSOH + Resistance,22.0,,5,0.0007326502912758477
condition_W,eSOH + Resistance,22.0,,5,88723.46100742892
sigma_min_W,eSOH + Resistance,23.0,,5,0.0008423912960507092
condition_W,eSOH + Resistance,23.0,,5,81326.8155504822
sigma_min_W,eSOH + Resistance,24.0,,5,0.0009635657643657972
condition_W,eSOH + Resistance,24.0,,5,74814.4065804596
sigma_min_W,eSOH + Resistance,25.0,,5,0.0010970112713640592
condition_W,eSOH + Resistance,25.0,,5,69046.21797552588
sigma_min_W,eSOH + Resistance,26.0,,5,0.0012433968663418974
condition_W,eSOH + Resistance,26.0,,5,63920.881337658386
sigma_min_W,eSOH + Resistance,27.0,,5,0.001403570407196026
condition_W,eSOH + Resistance,27.0,,5,59345.15155726441
sigma_min_W,eSOH + Resistance,28.0,,5,0.0015783546315329478
condition_W,eSOH + Resistance,28.0,,5,55244.68162757495
sigma_min_W,eSOH + Resistance,29.0,,5,0.0017686174566377915
condition_W,eSOH + Resistance,29.0,,5,51556.68434430497
sigma_min_W,eSOH + Resistance,30.0,,5,0.001975261959757372
condition_W,eSOH + Resistance,30.0,,5,48228.25992225685
sigma_min_W,eSOH + Resistance,31.0,,5,0.0021991768953369918
condition_W,eSOH + Resistance,31.0,,5,45215.7324421
sigma_min_W,eSOH + Resistance,32.0,,5,0.0024414037347239266
condition_W,eSOH + Resistance,32.0,,5,42479.62087936085
sigma_min_W,eSOH + Resistance,33.0,,5,0.0027029902568966283
condition_W,eSOH + Resistance,33.0,,5,39987.08515385801
sigma_min_W,eSOH + Resistance,34.0,,5,0.0029849363488424216
condition_W,eSOH + Resistance,34.0,,5,37711.19539053961
sigma_min_W,eSOH + Resistance,35.0,,5,0.0032883142992633837
condition_W,eSOH + Resistance,35.0,,5,35628.133577419096
sigma_min_W,eSOH + Resistance,36.0,,5,0.0036143324355867082
condition_W,eSOH + Resistance,36.0,,5,33716.33374039231
sigma_min_W,eSOH + Resistance,37.0,,5,0.003964134117422276
condition_W,eSOH + Resistance,37.0,,5,31958.18356302855
sigma_min_W,eSOH + Resistance,38.0,,5,0.004338948994126176
condition_W,eSOH + Resistance,38.0,,5,30337.907163071235
sigma_min_W,eSOH + Resistance,39.0,,5,0.004740023715780769
condition_W,eSOH + Resistance,39.0,,5,28841.89420806711
sigma_min_W,eSOH + Resistance,40.0,,5,0.005168691703447775
condition_W,eSOH + Resistance,40.0,,5,27457.92366807421
sigma_min_W,eSOH + Resistance,41.0,,5,0.005626621028066635
condition_W,eSOH + Resistance,41.0,,5,26173.93544449302
sigma_min_W,eSOH + Resistance,42.0,,5,0.0061169617495608316
condition_W,eSOH + Resistance,42.0,,5,24973.95766948705
sigma_min_W,eSOH + Resistance,43.0,,5,0.00663913699370591
condition_W,eSOH + Resistance,43.0,,5,23859.948400278707
sigma_min_W,eSOH + Resistance,44.0,,5,0.007194631000611259
condition_W,eSOH + Resistance,44.0,,5,22824.151169064266
sigma_min_W,eSOH + Resistance,45.0,,5,0.007784997504786671
condition_W,eSOH + Resistance,45.0,,5,21859.607480437313
sigma_min_W,eSOH + Resistance,46.0,,5,0.00841146126143461
condition_W,eSOH + Resistance,46.0,,5,20961.109206490033
sigma_min_W,eSOH + Resistance,47.0,,5,0.0090761138321029
condition_W,eSOH + Resistance,47.0,,5,20121.855965400657
sigma_min_W,eSOH + Resistance,48.0,,5,0.009780692734148659
condition_W,eSOH + Resistance,48.0,,5,19336.92011070639
sigma_min_W,eSOH + Resistance,49.0,,5,0.010526977197044155
condition_W,eSOH + Resistance,49.0,,5,18601.946052115894
sigma_min_W,eSOH + Resistance,50.0,,5,0.011316831974112552
condition_W,eSOH + Resistance,50.0,,5,17912.9871490111
sigma_min_W,eSOH + Resistance,51.0,,5,0.012152197535359174
condition_W,eSOH + Resistance,51.0,,5,17266.465092695085
sigma_min_W,eSOH + Resistance,52.0,,5,0.013034818810399761
condition_W,eSOH + Resistance,52.0,,5,16659.489878690634
sigma_min_W,eSOH + Resistance,53.0,,5,0.013966613573182511
condition_W,eSOH + Resistance,53.0,,5,16089.231155230647
sigma_min_W,eSOH + Resistance,54.0,,5,0.014950107212220872
condition_W,eSOH + Resistance,54.0,,5,15552.526000975407
sigma_min_W,eSOH + Resistance,55.0,,5,0.01598747070076992
condition_W,eSOH + Resistance,55.0,,5,15047.044539009396
sigma_min_W,eSOH + Resistance,56.0,,5,0.017080963239032087
condition_W,eSOH + Resistance,56.0,,5,14570.649607003146
sigma_min_W,eSOH + Resistance,57.0,,5,0.01823290770125327
condition_W,eSOH + Resistance,57.0,,5,14121.396822072016
sigma_min_W,eSOH + Resistance,58.0,,5,0.019445696477400177
condition_W,eSOH + Resistance,58.0,,5,13697.50959469699
sigma_min_W,eSOH + Resistance,59.0,,5,0.02072180193461
condition_W,eSOH + Resistance,59.0,,5,13297.354269811398
sigma_min_W,eSOH + Resistance,60.0,,5,0.022063781006673926
condition_W,eSOH + Resistance,60.0,,5,12919.423862013282
sigma_min_W,eSOH + Resistance,61.0,,5,0.023474557578235068
condition_W,eSOH + Resistance,61.0,,5,12562.189738481027
sigma_min_W,eSOH + Resistance,62.0,,5,0.024956688977549435
condition_W,eSOH + Resistance,62.0,,5,12224.5100797069
sigma_min_W,eSOH + Resistance,63.0,,5,0.026512706433921594
condition_W,eSOH + Resistance,63.0,,5,11905.371127601054
sigma_min_W,eSOH + Resistance,64.0,,5,0.028145410205765508
condition_W,eSOH + Resistance,64.0,,5,11603.726946537408
sigma_min_W,eSOH + Resistance,65.0,,5,0.029857586573065746
condition_W,eSOH + Resistance,65.0,,5,11318.643369738575
sigma_min_W,eSOH + Resistance,66.0,,5,0.03165237163406685
condition_W,eSOH + Resistance,66.0,,5,11049.130439211665
sigma_min_W,eSOH + Resistance,67.0,,5,0.03353281275655825
condition_W,eSOH + Resistance,67.0,,5,10794.359950536678
sigma_min_W,eSOH + Resistance,68.0,,5,0.03550201626033394
condition_W,eSOH + Resistance,68.0,,5,10553.583139043414
sigma_min_W,eSOH + Resistance,69.0,,5,0.03756313482487813
condition_W,eSOH + Resistance,69.0,,5,10326.119029541542
sigma_min_W,eSOH + Resistance,70.0,,5,0.039719381200651646
condition_W,eSOH + Resistance,70.0,,5,10111.342685995347
sigma_min_W,eSOH + Resistance,71.0,,5,0.04197403230658497
condition_W,eSOH + Resistance,71.0,,5,9908.67339915219
sigma_min_W,eSOH + Resistance,72.0,,5,0.04433049322206905
condition_W,eSOH + Resistance,72.0,,5,9717.563265659626
sigma_min_W,eSOH + Resistance,73.0,,5,0.04679211157107815
condition_W,eSOH + Resistance,73.0,,5,9537.537833292354
sigma_min_W,eSOH + Resistance,74.0,,5,0.04936212132680083
condition_W,eSOH + Resistance,74.0,,5,9368.19983178031
sigma_min_W,eSOH + Resistance,75.0,,5,0.05204388864999396
condition_W,eSOH + Resistance,75.0,,5,9209.159488950054
sigma_min_W,eSOH + Resistance,76.0,,5,0.054841144891903865
condition_W,eSOH + Resistance,76.0,,5,9059.99547962348
sigma_min_W,eSOH + Resistance,77.0,,5,0.057757246037420704
condition_W,eSOH + Resistance,77.0,,5,8920.3885272641
sigma_min_W,eSOH + Resistance,78.0,,5,0.06079331570452096
condition_W,eSOH + Resistance,78.0,,5,8790.381204052366
sigma_min_W,eSOH + Resistance,79.0,,5,0.06395462917199914
condition_W,eSOH + Resistance,79.0,,5,8669.398384257463
sigma_min_W,eSOH + Resistance,80.0,,5,0.06724467499672075
condition_W,eSOH + Resistance,80.0,,5,8557.156961035189
sigma_min_W,eSOH + Resistance,81.0,,5,0.07066666929532042
condition_W,eSOH + Resistance,81.0,,5,8453.465913753118
sigma_min_W,eSOH + Resistance,82.0,,5,0.07422383753901904
condition_W,eSOH + Resistance,82.0,,5,8358.152274582268
sigma_min_W,eSOH + Resistance,83.0,,5,0.07791931135775146
condition_W,eSOH + Resistance,83.0,,5,8271.070802599397
sigma_min_W,eSOH + Resistance,84.0,,5,0.08175626327841257
condition_W,eSOH + Resistance,84.0,,5,8192.049620232154
sigma_min_W,eSOH + Resistance,85.0,,5,0.0857374384894287
condition_W,eSOH + Resistance,85.0,,5,8121.011730343963
sigma_min_W,eSOH + Resistance,86.0,,5,0.08986382230362344
condition_W,eSOH + Resistance,86.0,,5,8058.065414811348
sigma_min_W,eSOH + Resistance,87.0,,5,0.09413369896895787
condition_W,eSOH + Resistance,87.0,,5,8003.5308397038325
sigma_min_W,eSOH + Resistance,88.0,,5,0.09855639696809182
condition_W,eSOH + Resistance,88.0,,5,7956.749682495086
sigma_min_W,eSOH + Resistance,89.0,,5,0.10312182816150438
condition_W,eSOH + Resistance,89.0,,5,7918.715632562707
sigma_min_W,eSOH + Resistance,90.0,,5,0.10784382340350959
condition_W,eSOH + Resistance,90.0,,5,7888.5450593041605
sigma_min_W,eSOH + Resistance,91.0,,5,0.11272593871816423
condition_W,eSOH + Resistance,91.0,,5,7866.256922865751
sigma_min_W,eSOH + Resistance,92.0,,5,0.11777029371814757
condition_W,eSOH + Resistance,92.0,,5,7851.970967458549
sigma_min_W,eSOH + Resistance,93.0,,5,0.12297978986509432
condition_W,eSOH + Resistance,93.0,,5,7845.784033260787
sigma_min_W,eSOH + Resistance,94.0,,5,0.1283594413045584
condition_W,eSOH + Resistance,94.0,,5,7847.684355650943
sigma_min_W,eSOH + Resistance,95.0,,5,0.13391296861359858
condition_W,eSOH + Resistance,95.0,,5,7857.820149897111
sigma_min_W,eSOH + Resistance,96.0,,5,0.13964469686749
condition_W,eSOH + Resistance,96.0,,5,7876.370540213944
sigma_min_W,eSOH + Resistance,97.0,,5,0.14556018310879895
condition_W,eSOH + Resistance,97.0,,5,7903.51728930846
sigma_min_W,eSOH + Resistance,98.0,,5,0.15166264706214574
condition_W,eSOH + Resistance,98.0,,5,7939.648650483205
sigma_min_W,eSOH + Resistance,99.0,,5,0.15796252826944665
condition_W,eSOH + Resistance,99.0,,5,7984.8702160861385
sigma_min_W,eSOH + Resistance,100.0,,5,0.16446751001689608
condition_W,eSOH + Resistance,100.0,,5,8039.570103382077
sigma_min_W,eSOH + Resistance,101.0,,5,0.17118526423304845
condition_W,eSOH + Resistance,101.0,,5,8104.229486218901
sigma_min_W,eSOH + Resistance,102.0,,5,0.17812291022602011
condition_W,eSOH + Resistance,102.0,,5,8179.476983729617
sigma_min_W,eSOH + Resistance,103.0,,5,0.18528864525219685
condition_W,eSOH + Resistance,103.0,,5,8266.025615691278
sigma_min_W,eSOH + Resistance,104.0,,5,0.1926926960517737
condition_W,eSOH + Resistance,104.0,,5,8364.650446666155
sigma_min_W,eSOH + Resistance,105.0,,5,0.20034896304736868
condition_W,eSOH + Resistance,105.0,,5,8476.147590597535
sigma_min_W,eSOH + Resistance,106.0,,5,0.20826994271681346
condition_W,eSOH + Resistance,106.0,,5,8601.569383302285
sigma_min_W,eSOH + Resistance,107.0,,5,0.2164666794061095
condition_W,eSOH + Resistance,107.0,,5,8742.256583825436
sigma_min_W,eSOH + Resistance,108.0,,5,0.2249428647775145
condition_W,eSOH + Resistance,108.0,,5,8900.069307963071
sigma_min_W,eSOH + Resistance,109.0,,5,0.23369830717731166
condition_W,eSOH + Resistance,109.0,,5,9077.257518061533
sigma_min_W,eSOH + Resistance,110.0,,5,0.2427357785432601
condition_W,eSOH + Resistance,110.0,,5,9276.247784034136
sigma_min_W,eSOH + Resistance,111.0,,5,0.25205840127197293
condition_W,eSOH + Resistance,111.0,,5,9499.807624483561
sigma_min_W,eSOH + Resistance,112.0,,5,0.26166276582734577
condition_W,eSOH + Resistance,112.0,,5,9751.365344662845
sigma_min_W,eSOH + Resistance,113.0,,5,0.27153623480283917
condition_W,eSOH + Resistance,113.0,,5,10035.202576564416
sigma_min_W,eSOH + Resistance,114.0,,5,0.28166128257493006
condition_W,eSOH + Resistance,114.0,,5,10356.37220559421
sigma_min_W,eSOH + Resistance,115.0,,5,0.2920141529126943
condition_W,eSOH + Resistance,115.0,,5,10720.872761561517
sigma_min_W,eSOH + Resistance,116.0,,5,0.30256420457346583
condition_W,eSOH + Resistance,116.0,,5,11135.819896493978
sigma_min_W,eSOH + Resistance,117.0,,5,0.3132809328391247
condition_W,eSOH + Resistance,117.0,,5,11609.34965804785
sigma_min_W,eSOH + Resistance,118.0,,5,0.32411288414698175
condition_W,eSOH + Resistance,118.0,,5,12151.55960838645
sigma_min_W,eSOH + Resistance,119.0,,5,0.3350142902190361
condition_W,eSOH + Resistance,119.0,,5,12773.66448625398
sigma_min_W,eSOH + Resistance,120.0,,5,0.3459516491204985
condition_W,eSOH + Resistance,120.0,,5,13487.720434761115
sigma_min_W,eSOH + Resistance + Expansion,0.0,,5,0.001329236882358266
condition_W,eSOH + Resistance + Expansion,0.0,,5,17949.03705413364
sigma_min_W,eSOH + Resistance + Expansion,1.0,,5,0.0027606018715131933
condition_W,eSOH + Resistance + Expansion,1.0,,5,17506.143361220784
sigma_min_W,eSOH + Resistance + Expansion,2.0,,5,0.004327300364805439
condition_W,eSOH + Resistance + Expansion,2.0,,5,16972.778417635313
sigma_min_W,eSOH + Resistance + Expansion,3.0,,5,0.006061761343258162
condition_W,eSOH + Resistance + Expansion,3.0,,5,16374.416661171586
sigma_min_W,eSOH + Resistance + Expansion,4.0,,5,0.00799490012562357
condition_W,eSOH + Resistance + Expansion,4.0,,5,15735.997699099098
sigma_min_W,eSOH + Resistance + Expansion,5.0,,5,0.010155167155092468
condition_W,eSOH + Resistance + Expansion,5.0,,5,15080.440417920716
sigma_min_W,eSOH + Resistance + Expansion,6.0,,5,0.012571700887354507
condition_W,eSOH + Resistance + Expansion,6.0,,5,14422.746714262603
sigma_min_W,eSOH + Resistance + Expansion,7.0,,5,0.015271246562291684
condition_W,eSOH + Resistance + Expansion,7.0,,5,13776.607123897398
sigma_min_W,eSOH + Resistance + Expansion,8.0,,5,0.018279082172589153
condition_W,eSOH + Resistance + Expansion,8.0,,5,13151.970999689167
sigma_min_W,eSOH + Resistance + Expansion,9.0,,5,0.021620175355966078
condition_W,eSOH + Resistance + Expansion,9.0,,5,12555.015608210057
sigma_min_W,eSOH + Resistance + Expansion,10.0,,5,0.0253166881860446
condition_W,eSOH + Resistance + Expansion,10.0,,5,11990.541439193397
sigma_min_W,eSOH + Resistance + Expansion,11.0,,5,0.029390367509984916
condition_W,eSOH + Resistance + Expansion,11.0,,5,11460.777297197217
sigma_min_W,eSOH + Resistance + Expansion,12.0,,5,0.03385938379261378
condition_W,eSOH + Resistance + Expansion,12.0,,5,10967.325348432569
sigma_min_W,eSOH + Resistance + Expansion,13.0,,5,0.0387410511804856
condition_W,eSOH + Resistance + Expansion,13.0,,5,10510.185915118678
sigma_min_W,eSOH + Resistance + Expansion,14.0,,5,0.044050764536107095
condition_W,eSOH + Resistance + Expansion,14.0,,5,10088.52335952836
sigma_min_W,eSOH + Resistance + Expansion,15.0,,5,0.04980286949209386
condition_W,eSOH + Resistance + Expansion,15.0,,5,9700.794307297538
sigma_min_W,eSOH + Resistance + Expansion,16.0,,5,0.05600911114121786
condition_W,eSOH + Resistance + Expansion,16.0,,5,9345.605888747878
sigma_min_W,eSOH + Resistance + Expansion,17.0,,5,0.06268253740574863
condition_W,eSOH + Resistance + Expansion,17.0,,5,9020.892814153258
sigma_min_W,eSOH + Resistance + Expansion,18.0,,5,0.06983323423733724
condition_W,eSOH + Resistance + Expansion,18.0,,5,8724.873590036002
sigma_min_W,eSOH + Resistance + Expansion,19.0,,5,0.07747699425267913
condition_W,eSOH + Resistance + Expansion,19.0,,5,8455.289731998862
sigma_min_W,eSOH + Resistance + Expansion,20.0,,5,0.08562818290221236
condition_W,eSOH + Resistance + Expansion,20.0,,5,8209.998700269001
sigma_min_W,eSOH + Resistance + Expansion,21.0,,5,0.09429098536407277
condition_W,eSOH + Resistance + Expansion,21.0,,5,7987.892448104259
sigma_min_W,eSOH + Resistance + Expansion,22.0,,5,0.10348165780758599
condition_W,eSOH + Resistance + Expansion,22.0,,5,7786.776130780856
sigma_min_W,eSOH + Resistance + Expansion,23.0,,5,0.11320556429818641
condition_W,eSOH + Resistance + Expansion,23.0,,5,7605.521440742568
sigma_min_W,eSOH + Resistance + Expansion,24.0,,5,0.12346959714288784
condition_W,eSOH + Resistance + Expansion,24.0,,5,7442.881509410432
sigma_min_W,eSOH + Resistance + Expansion,25.0,,5,0.13427908404952726
condition_W,eSOH + Resistance + Expansion,25.0,,5,7297.709461865457
sigma_min_W,eSOH + Resistance + Expansion,26.0,,5,0.14563553415009486
condition_W,eSOH + Resistance + Expansion,26.0,,5,7169.065894381847
sigma_min_W,eSOH + Resistance + Expansion,27.0,,5,0.15754333982084817
condition_W,eSOH + Resistance + Expansion,27.0,,5,7055.989548833467
sigma_min_W,eSOH + Resistance + Expansion,28.0,,5,0.17000420262579066
condition_W,eSOH + Resistance + Expansion,28.0,,5,6957.712799557038
sigma_min_W,eSOH + Resistance + Expansion,29.0,,5,0.18302180509789467
condition_W,eSOH + Resistance + Expansion,29.0,,5,6873.449027162257
sigma_min_W,eSOH + Resistance + Expansion,30.0,,5,0.19659705546727235
condition_W,eSOH + Resistance + Expansion,30.0,,5,6802.590265235369
sigma_min_W,eSOH + Resistance + Expansion,31.0,,5,0.21072828704073132
condition_W,eSOH + Resistance + Expansion,31.0,,5,6744.68404759739
sigma_min_W,eSOH + Resistance + Expansion,32.0,,5,0.22542925591472937
condition_W,eSOH + Resistance + Expansion,32.0,,5,6698.930869022249
sigma_min_W,eSOH + Resistance + Expansion,33.0,,5,0.24070062296115022
condition_W,eSOH + Resistance + Expansion,33.0,,5,6664.95302801492
sigma_min_W,eSOH + Resistance + Expansion,34.0,,5,0.25653538217750277
condition_W,eSOH + Resistance + Expansion,34.0,,5,6642.619644651053
sigma_min_W,eSOH + Resistance + Expansion,35.0,,5,0.2729244368845624
condition_W,eSOH + Resistance + Expansion,35.0,,5,6631.846488183987
sigma_min_W,eSOH + Resistance + Expansion,36.0,,5,0.2898620349956167
condition_W,eSOH + Resistance + Expansion,36.0,,5,6632.479295887771
sigma_min_W,eSOH + Resistance + Expansion,37.0,,5,0.3073323337827921
condition_W,eSOH + Resistance + Expansion,37.0,,5,6644.620595685142
sigma_min_W,eSOH + Resistance + Expansion,38.0,,5,0.32531893976127324
condition_W,eSOH + Resistance + Expansion,38.0,,5,6668.380187068084
sigma_min_W,eSOH + Resistance + Expansion,39.0,,5,0.3438033200346108
condition_W,eSOH + Resistance + Expansion,39.0,,5,6703.916215149443
sigma_min_W,eSOH + Resistance + Expansion,40.0,,5,0.3627607582211457
condition_W,eSOH + Resistance + Expansion,40.0,,5,6751.513959233542
sigma_min_W,eSOH + Resistance + Expansion,41.0,,5,0.3821109425126168
condition_W,eSOH + Resistance + Expansion,41.0,,5,6812.452284327569
sigma_min_W,eSOH + Resistance + Expansion,42.0,,5,0.4018753858322012
condition_W,eSOH + Resistance + Expansion,42.0,,5,6886.135735570331
sigma_min_W,eSOH + Resistance + Expansion,43.0,,5,0.42202218059432894
condition_W,eSOH + Resistance + Expansion,43.0,,5,6973.022713883005
sigma_min_W,eSOH + Resistance + Expansion,44.0,,5,0.4425109521462273
condition_W,eSOH + Resistance + Expansion,44.0,,5,7073.727518922051
sigma_min_W,eSOH + Resistance + Expansion,45.0,,5,0.46329746183908715
condition_W,eSOH + Resistance + Expansion,45.0,,5,7188.956005401512
sigma_min_W,eSOH + Resistance + Expansion,46.0,,5,0.4842901260104805
condition_W,eSOH + Resistance + Expansion,46.0,,5,7320.188603317731
sigma_min_W,eSOH + Resistance + Expansion,47.0,,5,0.5054591855512719
condition_W,eSOH + Resistance + Expansion,47.0,,5,7467.95288638763
sigma_min_W,eSOH + Resistance + Expansion,48.0,,5,0.526774797149816
condition_W,eSOH + Resistance + Expansion,48.0,,5,7632.860376952913
sigma_min_W,eSOH + Resistance + Expansion,49.0,,5,0.5481799966278599
condition_W,eSOH + Resistance + Expansion,49.0,,5,7816.030283376954
sigma_min_W,eSOH + Resistance + Expansion,50.0,,5,0.5696150719895241
condition_W,eSOH + Resistance + Expansion,50.0,,5,8018.708182204422
sigma_min_W,eSOH + Resistance + Expansion,51.0,,5,0.5910193916139395
condition_W,eSOH + Resistance + Expansion,51.0,,5,8242.257664668612
sigma_min_W,eSOH + Resistance + Expansion,52.0,,5,0.6123285352814283
condition_W,eSOH + Resistance + Expansion,52.0,,5,8488.221706618187
sigma_min_W,eSOH + Resistance + Expansion,53.0,,5,0.6334807973097137
condition_W,eSOH + Resistance + Expansion,53.0,,5,8758.253388486155
sigma_min_W,eSOH + Resistance + Expansion,54.0,,5,0.6544238362649214
condition_W,eSOH + Resistance + Expansion,54.0,,5,9054.047468388742
sigma_min_W,eSOH + Resistance + Expansion,55.0,,5,0.6751029849389503
condition_W,eSOH + Resistance + Expansion,55.0,,5,9377.525368076469
sigma_min_W,eSOH + Resistance + Expansion,56.0,,5,0.695467250652816
condition_W,eSOH + Resistance + Expansion,56.0,,5,9730.775298152974
sigma_min_W,eSOH + Resistance + Expansion,57.0,,5,0.715471074370258
condition_W,eSOH + Resistance + Expansion,57.0,,5,10116.049025606406
sigma_min_W,eSOH + Resistance + Expansion,58.0,,5,0.7350738257737603
condition_W,eSOH + Resistance + Expansion,58.0,,5,10535.794920030454
sigma_min_W,eSOH + Resistance + Expansion,59.0,,5,0.7542407977257793
condition_W,eSOH + Resistance + Expansion,59.0,,5,10992.666054104246
sigma_min_W,eSOH + Resistance + Expansion,60.0,,5,0.7729435699789834
condition_W,eSOH + Resistance + Expansion,60.0,,5,11489.533839165579
sigma_min_W,eSOH + Resistance + Expansion,61.0,,5,0.7911639336116747
condition_W,eSOH + Resistance + Expansion,61.0,,5,12029.450906586406
sigma_min_W,eSOH + Resistance + Expansion,62.0,,5,0.8088895173315462
condition_W,eSOH + Resistance + Expansion,62.0,,5,12615.726471082222
sigma_min_W,eSOH + Resistance + Expansion,63.0,,5,0.8261001476500885
condition_W,eSOH + Resistance + Expansion,63.0,,5,13252.188809311567
sigma_min_W,eSOH + Resistance + Expansion,64.0,,5,0.8427942055709075
condition_W,eSOH + Resistance + Expansion,64.0,,5,13942.78192749679
sigma_min_W,eSOH + Resistance + Expansion,65.0,,5,0.8589719549198077
condition_W,eSOH + Resistance + Expansion,65.0,,5,14691.846338795114
sigma_min_W,eSOH + Resistance + Expansion,66.0,,5,0.8746386031478367
condition_W,eSOH + Resistance + Expansion,66.0,,5,15503.9791354453
sigma_min_W,eSOH + Resistance + Expansion,67.0,,5,0.8898066550234834
condition_W,eSOH + Resistance + Expansion,67.0,,5,16384.200507020636
sigma_min_W,eSOH + Resistance + Expansion,68.0,,5,0.9044971302620591
condition_W,eSOH + Resistance + Expansion,68.0,,5,17337.958278436177
sigma_min_W,eSOH + Resistance + Expansion,69.0,,5,0.9187336187828777
condition_W,eSOH + Resistance + Expansion,69.0,,5,18371.191859608203
sigma_min_W,eSOH + Resistance + Expansion,70.0,,5,0.9325424987329901
condition_W,eSOH + Resistance + Expansion,70.0,,5,19490.366990481707
sigma_min_W,eSOH + Resistance + Expansion,71.0,,5,0.9459522986091715
condition_W,eSOH + Resistance + Expansion,71.0,,5,20702.528860914546
sigma_min_W,eSOH + Resistance + Expansion,72.0,,5,0.9589936816550723
condition_W,eSOH + Resistance + Expansion,72.0,,5,22015.345297137457
sigma_min_W,eSOH + Resistance + Expansion,73.0,,5,0.9716960433004351
condition_W,eSOH + Resistance + Expansion,73.0,,5,23437.237185880687
sigma_min_W,eSOH + Resistance + Expansion,74.0,,5,0.9840910203807055
condition_W,eSOH + Resistance + Expansion,74.0,,5,24977.428823945527
sigma_min_W,eSOH + Resistance + Expansion,75.0,,5,0.9962112488317879
condition_W,eSOH + Resistance + Expansion,75.0,,5,26645.93265532898
sigma_min_W,eSOH + Resistance + Expansion,76.0,,5,1.0080912672466436
condition_W,eSOH + Resistance + Expansion,76.0,,5,28453.59252461688
sigma_min_W,eSOH + Resistance + Expansion,77.0,,5,1.0197714243085223
condition_W,eSOH + Resistance + Expansion,77.0,,5,30411.965867004634
sigma_min_W,eSOH + Resistance + Expansion,78.0,,5,1.0312743753648785
condition_W,eSOH + Resistance + Expansion,78.0,,5,32534.34573202982
sigma_min_W,eSOH + Resistance + Expansion,79.0,,5,1.0426198888970872
condition_W,eSOH + Resistance + Expansion,79.0,,5,34835.42729050321
sigma_min_W,eSOH + Resistance + Expansion,80.0,,5,1.053830759953791
condition_W,eSOH + Resistance + Expansion,80.0,,5,37330.774299478704
sigma_min_W,eSOH + Resistance + Expansion,81.0,,5,1.0649396188858833
condition_W,eSOH + Resistance + Expansion,81.0,,5,40037.476918906315
sigma_min_W,eSOH + Resistance + Expansion,82.0,,5,1.0759770155243542
condition_W,eSOH + Resistance + Expansion,82.0,,5,42974.30549143455
sigma_min_W,eSOH + Resistance + Expansion,83.0,,5,1.0869716778006218
condition_W,eSOH + Resistance + Expansion,83.0,,5,46161.88426628517
sigma_min_W,eSOH + Resistance + Expansion,84.0,,5,1.0979501037443966
condition_W,eSOH + Resistance + Expansion,84.0,,5,49622.17961254376
sigma_min_W,eSOH + Resistance + Expansion,85.0,,5,1.1089380740752786
condition_W,eSOH + Resistance + Expansion,85.0,,5,53379.94190918394
sigma_min_W,eSOH + Resistance + Expansion,86.0,,5,1.119964451812507
condition_W,eSOH + Resistance + Expansion,86.0,,5,57462.555128312684
sigma_min_W,eSOH + Resistance + Expansion,87.0,,5,1.1310561784755022
condition_W,eSOH + Resistance + Expansion,87.0,,5,61900.282350313
sigma_min_W,eSOH + Resistance + Expansion,88.0,,5,1.1421898593684288
condition_W,eSOH + Resistance + Expansion,88.0,,5,66728.57738126561
sigma_min_W,eSOH + Resistance + Expansion,89.0,,5,1.1534258856614303
condition_W,eSOH + Resistance + Expansion,89.0,,5,71982.59250221169
sigma_min_W,eSOH + Resistance + Expansion,90.0,,5,1.164703863422571
condition_W,eSOH + Resistance + Expansion,90.0,,5,77709.98608790542
sigma_min_W,eSOH + Resistance + Expansion,91.0,,5,1.176033279006716
condition_W,eSOH + Resistance + Expansion,91.0,,5,83959.59303162832
sigma_min_W,eSOH + Resistance + Expansion,92.0,,5,1.187409358508334
condition_W,eSOH + Resistance + Expansion,92.0,,5,90786.16724533938
sigma_min_W,eSOH + Resistance + Expansion,93.0,,5,1.1988173087191072
condition_W,eSOH + Resistance + Expansion,93.0,,5,98252.16365384836
sigma_min_W,eSOH + Resistance + Expansion,94.0,,5,1.2102410929261946
condition_W,eSOH + Resistance + Expansion,94.0,,5,106427.62284773387
sigma_min_W,eSOH + Resistance + Expansion,95.0,,5,1.2216541329380544
condition_W,eSOH + Resistance + Expansion,95.0,,5,115393.66464182621
sigma_min_W,eSOH + Resistance + Expansion,96.0,,5,1.2330182857243122
condition_W,eSOH + Resistance + Expansion,96.0,,5,125244.48663137936
sigma_min_W,eSOH + Resistance + Expansion,97.0,,5,1.2442866663859535
condition_W,eSOH + Resistance + Expansion,97.0,,5,136089.36408533435
sigma_min_W,eSOH + Resistance + Expansion,98.0,,5,1.2554127630313014
condition_W,eSOH + Resistance + Expansion,98.0,,5,148054.4453015971
sigma_min_W,eSOH + Resistance + Expansion,99.0,,5,1.2663310453730754
condition_W,eSOH + Resistance + Expansion,99.0,,5,161288.9980324524
sigma_min_W,eSOH + Resistance + Expansion,100.0,,5,1.27698026346367
condition_W,eSOH + Resistance + Expansion,100.0,,5,175967.56952302819
sigma_min_W,eSOH + Resistance + Expansion,101.0,,5,1.2873209176864924
condition_W,eSOH + Resistance + Expansion,101.0,,5,192290.38644846613
sigma_min_W,eSOH + Resistance + Expansion,102.0,,5,1.2973347821466428
condition_W,eSOH + Resistance + Expansion,102.0,,5,210488.89105596193
sigma_min_W,eSOH + Resistance + Expansion,103.0,,5,1.3070181370912295
condition_W,eSOH + Resistance + Expansion,103.0,,5,230832.77268575554
sigma_min_W,eSOH + Resistance + Expansion,104.0,,5,1.3163918619451027
condition_W,eSOH + Resistance + Expansion,104.0,,5,253635.3563351224
sigma_min_W,eSOH + Resistance + Expansion,105.0,,5,1.3255197522930873
condition_W,eSOH + Resistance + Expansion,105.0,,5,279257.97700708604
sigma_min_W,eSOH + Resistance + Expansion,106.0,,5,1.334485792146793
condition_W,eSOH + Resistance + Expansion,106.0,,5,308122.0072700734
sigma_min_W,eSOH + Resistance + Expansion,107.0,,5,1.3433890182489125
condition_W,eSOH + Resistance + Expansion,107.0,,5,340723.19319096534
sigma_min_W,eSOH + Resistance + Expansion,108.0,,5,1.3523522225633562
condition_W,eSOH + Resistance + Expansion,108.0,,5,377642.0304060062
sigma_min_W,eSOH + Resistance + Expansion,109.0,,5,1.361516700164028
condition_W,eSOH + Resistance + Expansion,109.0,,5,419561.92232722737
sigma_min_W,eSOH + Resistance + Expansion,110.0,,5,1.371015066373086
condition_W,eSOH + Resistance + Expansion,110.0,,5,467301.08409742516
sigma_min_W,eSOH + Resistance + Expansion,111.0,,5,1.380966265501379
condition_W,eSOH + Resistance + Expansion,111.0,,5,521845.5775241534
sigma_min_W,eSOH + Resistance + Expansion,112.0,,5,1.3914605998257505
condition_W,eSOH + Resistance + Expansion,112.0,,5,584395.6605698371
sigma_min_W,eSOH + Resistance + Expansion,113.0,,5,1.4025592182726692
condition_W,eSOH + Resistance + Expansion,113.0,,5,656424.0763773959
sigma_min_W,eSOH + Resistance + Expansion,114.0,,5,1.4142676148973201
condition_W,eSOH + Resistance + Expansion,114.0,,5,739759.5292752236
sigma_min_W,eSOH + Resistance + Expansion,115.0,,5,1.426516055673492
condition_W,eSOH + Resistance + Expansion,115.0,,5,836698.1401854379
sigma_min_W,eSOH + Resistance + Expansion,116.0,,5,1.4391168111999046
condition_W,eSOH + Resistance + Expansion,116.0,,5,950166.9395009446
sigma_min_W,eSOH + Resistance + Expansion,117.0,,5,1.451827586129494
condition_W,eSOH + Resistance + Expansion,117.0,,5,1083868.4485452422
sigma_min_W,eSOH + Resistance + Expansion,118.0,,5,1.4642007378095083
condition_W,eSOH + Resistance + Expansion,118.0,,5,1242624.9649434611
sigma_min_W,eSOH + Resistance + Expansion,119.0,,5,1.4757276246662265
condition_W,eSOH + Resistance + Expansion,119.0,,5,1432596.8897073634
sigma_min_W,eSOH + Resistance + Expansion,120.0,,5,1.485852821850273
condition_W,eSOH + Resistance + Expansion,120.0,,5,1661615.4527771608
Ioptimality_N10,Capacity,1.0,10.0,1,
Ioptimality_N25,Capacity,1.0,25.0,1,
Ioptimality_remaining,Capacity,1.0,120.0,1,
Ioptimality_N10,Capacity,2.0,10.0,2,
Ioptimality_N25,Capacity,2.0,25.0,2,
Ioptimality_remaining,Capacity,2.0,119.0,2,
Ioptimality_N10,Capacity,3.0,10.0,3,
Ioptimality_N25,Capacity,3.0,25.0,3,
Ioptimality_remaining,Capacity,3.0,118.0,3,
Ioptimality_N10,Capacity,4.0,10.0,4,
Ioptimality_N25,Capacity,4.0,25.0,4,
Ioptimality_remaining,Capacity,4.0,117.0,4,
Ioptimality_N10,Capacity,5.0,10.0,5,119614827277.10019
Ioptimality_N25,Capacity,5.0,25.0,5,120767130873.49945
Ioptimality_remaining,Capacity,5.0,116.0,5,94528231906.39214
Ioptimality_N10,Capacity,6.0,10.0,5,1676589436.7355273
Ioptimality_N25,Capacity,6.0,25.0,5,1633368216.649293
Ioptimality_remaining,Capacity,6.0,115.0,5,2226287591.3251
Ioptimality_N10,Capacity,7.0,10.0,5,1428098645.444818
Ioptimality_N25,Capacity,7.0,25.0,5,1403530386.8692298
Ioptimality_remaining,Capacity,7.0,114.0,5,1507367848.835485
Ioptimality_N10,Capacity,8.0,10.0,5,867550797.3124478
Ioptimality_N25,Capacity,8.0,25.0,5,861532424.4830719
Ioptimality_remaining,Capacity,8.0,113.0,5,815650867.898885
Ioptimality_N10,Capacity,9.0,10.0,5,761737262.6173362
Ioptimality_N25,Capacity,9.0,25.0,5,754546319.4180975
Ioptimality_remaining,Capacity,9.0,112.0,5,736571051.47571
Ioptimality_N10,Capacity,10.0,10.0,5,199438388.67261726
Ioptimality_N25,Capacity,10.0,25.0,5,202016205.33072516
Ioptimality_remaining,Capacity,10.0,111.0,5,269756034.9076228
Ioptimality_N10,Capacity,11.0,10.0,5,198568392.1910664
Ioptimality_N25,Capacity,11.0,25.0,5,201142848.78975937
Ioptimality_remaining,Capacity,11.0,110.0,5,266132173.1534048
Ioptimality_N10,Capacity,12.0,10.0,5,197600746.05016223
Ioptimality_N25,Capacity,12.0,25.0,5,200286883.94627595
Ioptimality_remaining,Capacity,12.0,109.0,5,265545297.8535293
Ioptimality_N10,Capacity,13.0,10.0,5,197425466.39501247
Ioptimality_N25,Capacity,13.0,25.0,5,200049866.41538253
Ioptimality_remaining,Capacity,13.0,108.0,5,258745067.46475473
Ioptimality_N10,Capacity,14.0,10.0,5,197025846.4205149
Ioptimality_N25,Capacity,14.0,25.0,5,199579246.90068734
Ioptimality_remaining,Capacity,14.0,107.0,5,251934135.01969725
Ioptimality_N10,Capacity,15.0,10.0,5,197301225.50340623
Ioptimality_N25,Capacity,15.0,25.0,5,199860375.73379105
Ioptimality_remaining,Capacity,15.0,106.0,5,249320486.3078337
Ioptimality_N10,Capacity,16.0,10.0,5,191730160.53205442
Ioptimality_N25,Capacity,16.0,25.0,5,194349067.9782256
Ioptimality_remaining,Capacity,16.0,105.0,5,245341521.4410251
Ioptimality_N10,Capacity,17.0,10.0,5,181240413.44835845
Ioptimality_N25,Capacity,17.0,25.0,5,183836419.47537163
Ioptimality_remaining,Capacity,17.0,104.0,5,235623315.01652262
Ioptimality_N10,Capacity,18.0,10.0,5,159160451.9893958
Ioptimality_N25,Capacity,18.0,25.0,5,161573237.60629186
Ioptimality_remaining,Capacity,18.0,103.0,5,212400525.43619037
Ioptimality_N10,Capacity,19.0,10.0,5,144799731.7653192
Ioptimality_N25,Capacity,19.0,25.0,5,147044719.17464077
Ioptimality_remaining,Capacity,19.0,102.0,5,194233875.1370056
Ioptimality_N10,Capacity,20.0,10.0,5,126485316.99784163
Ioptimality_N25,Capacity,20.0,25.0,5,128371495.48421456
Ioptimality_remaining,Capacity,20.0,101.0,5,167828232.95618367
Ioptimality_N10,Capacity,21.0,10.0,5,123602131.44488938
Ioptimality_N25,Capacity,21.0,25.0,5,125316787.63467148
Ioptimality_remaining,Capacity,21.0,100.0,5,158066511.4197522
Ioptimality_N10,Capacity,22.0,10.0,5,122375192.85102908
Ioptimality_N25,Capacity,22.0,25.0,5,123959438.30218855
Ioptimality_remaining,Capacity,22.0,99.0,5,150190331.7922478
Ioptimality_N10,Capacity,23.0,10.0,5,121160872.51601474
Ioptimality_N25,Capacity,23.0,25.0,5,122875980.80954143
Ioptimality_remaining,Capacity,23.0,98.0,5,148878962.56824988
Ioptimality_N10,Capacity,24.0,10.0,5,120184927.62207171
Ioptimality_N25,Capacity,24.0,25.0,5,122020308.76955794
Ioptimality_remaining,Capacity,24.0,97.0,5,147892712.48962635
Ioptimality_N10,Capacity,25.0,10.0,5,113442070.41733535
Ioptimality_N25,Capacity,25.0,25.0,5,115457933.13871771
Ioptimality_remaining,Capacity,25.0,96.0,5,143489817.88978207
Ioptimality_N10,Capacity,26.0,10.0,5,5551163.518151907
Ioptimality_N25,Capacity,26.0,25.0,5,5493137.755942135
Ioptimality_remaining,Capacity,26.0,95.0,5,5987996.81202662
Ioptimality_N10,Capacity,27.0,10.0,5,3964517.5869323527
Ioptimality_N25,Capacity,27.0,25.0,5,3875755.2097586514
Ioptimality_remaining,Capacity,27.0,94.0,5,4194492.743907119
Ioptimality_N10,Capacity,28.0,10.0,5,3951597.9915023767
Ioptimality_N25,Capacity,28.0,25.0,5,3858083.06788757
Ioptimality_remaining,Capacity,28.0,93.0,5,3997613.2905925596
Ioptimality_N10,Capacity,29.0,10.0,5,3852608.578593622
Ioptimality_N25,Capacity,29.0,25.0,5,3769327.208592363
Ioptimality_remaining,Capacity,29.0,92.0,5,3858940.834244276
Ioptimality_N10,Capacity,30.0,10.0,5,3613076.6231632708
Ioptimality_N25,Capacity,30.0,25.0,5,3547605.5325484793
Ioptimality_remaining,Capacity,30.0,91.0,5,3689527.04438653
Ioptimality_N10,Capacity,31.0,10.0,5,3275199.3865105086
Ioptimality_N25,Capacity,31.0,25.0,5,3230271.7779833437
Ioptimality_remaining,Capacity,31.0,90.0,5,3486395.3444594597
Ioptimality_N10,Capacity,32.0,10.0,5,2932244.1303760274
Ioptimality_N25,Capacity,32.0,25.0,5,2906124.922231647
Ioptimality_remaining,Capacity,32.0,89.0,5,3286993.6650829837
Ioptimality_N10,Capacity,33.0,10.0,5,2604424.2547979886
Ioptimality_N25,Capacity,33.0,25.0,5,2595326.133833955
Ioptimality_remaining,Capacity,33.0,88.0,5,3098570.6593172806
Ioptimality_N10,Capacity,34.0,10.0,5,2327824.3093325966
Ioptimality_N25,Capacity,34.0,25.0,5,2332621.0006848816
Ioptimality_remaining,Capacity,34.0,87.0,5,2941080.930977431
Ioptimality_N10,Capacity,35.0,10.0,5,2265560.433334374
Ioptimality_N25,Capacity,35.0,25.0,5,2274059.0559824347
Ioptimality_remaining,Capacity,35.0,86.0,5,2911187.2134741796
Ioptimality_N10,Capacity,36.0,10.0,5,2052505.0642206639
Ioptimality_N25,Capacity,36.0,25.0,5,2067705.3838962868
Ioptimality_remaining,Capacity,36.0,85.0,5,2765260.475965844
Ioptimality_N10,Capacity,37.0,10.0,5,1804901.893058972
Ioptimality_N25,Capacity,37.0,25.0,5,1827914.8337031584
Ioptimality_remaining,Capacity,37.0,84.0,5,2603550.9247767567
Ioptimality_N10,Capacity,38.0,10.0,5,1659009.8576661025
Ioptimality_N25,Capacity,38.0,25.0,5,1688706.5245080027
Ioptimality_remaining,Capacity,38.0,83.0,5,2522090.9964785394
Ioptimality_N10,Capacity,39.0,10.0,5,1532166.9257592026
Ioptimality_N25,Capacity,39.0,25.0,5,1567686.8069208735
Ioptimality_remaining,Capacity,39.0,82.0,5,2450304.776199177
Ioptimality_N10,Capacity,40.0,10.0,5,1286227.8868700354
Ioptimality_N25,Capacity,40.0,25.0,5,1323279.8662793073
Ioptimality_remaining,Capacity,40.0,81.0,5,2189239.068522981
Ioptimality_N10,Capacity,41.0,10.0,5,1116165.7277401374
Ioptimality_N25,Capacity,41.0,25.0,5,1153495.6366687655
Ioptimality_remaining,Capacity,41.0,80.0,5,1983112.0566767051
Ioptimality_N10,Capacity,42.0,10.0,5,1027368.7127498656
Ioptimality_N25,Capacity,42.0,25.0,5,1065188.6861173478
Ioptimality_remaining,Capacity,42.0,79.0,5,1868477.0833079
Ioptimality_N10,Capacity,43.0,10.0,5,955484.8580692646
Ioptimality_N25,Capacity,43.0,25.0,5,993299.7833142689
Ioptimality_remaining,Capacity,43.0,78.0,5,1767788.5229920156
Ioptimality_N10,Capacity,44.0,10.0,5,923887.8631981151
Ioptimality_N25,Capacity,44.0,25.0,5,963450.1685995996
Ioptimality_remaining,Capacity,44.0,77.0,5,1746306.9811438029
Ioptimality_N10,Capacity,45.0,10.0,5,908632.0852646462
Ioptimality_N25,Capacity,45.0,25.0,5,950560.8298638276
Ioptimality_remaining,Capacity,45.0,76.0,5,1745697.4939689133
Ioptimality_N10,Capacity,46.0,10.0,5,903940.1959285472
Ioptimality_N25,Capacity,46.0,25.0,5,948394.4837765312
Ioptimality_remaining,Capacity,46.0,75.0,5,1747419.5400559858
Ioptimality_N10,Capacity,47.0,10.0,5,908547.7063757848
Ioptimality_N25,Capacity,47.0,25.0,5,954680.4569808374
Ioptimality_remaining,Capacity,47.0,74.0,5,1725554.4371092168
Ioptimality_N10,Capacity,48.0,10.0,5,911531.711215907
Ioptimality_N25,Capacity,48.0,25.0,5,958187.1445439139
Ioptimality_remaining,Capacity,48.0,73.0,5,1673221.659732785
Ioptimality_N10,Capacity,49.0,10.0,5,894653.7977649536
Ioptimality_N25,Capacity,49.0,25.0,5,938758.3425621003
Ioptimality_remaining,Capacity,49.0,72.0,5,1548398.6193857188
Ioptimality_N10,Capacity,50.0,10.0,5,882515.4607657585
Ioptimality_N25,Capacity,50.0,25.0,5,925086.9437848713
Ioptimality_remaining,Capacity,50.0,71.0,5,1465803.680309713
Ioptimality_N10,Capacity,51.0,10.0,5,873867.5582937201
Ioptimality_N25,Capacity,51.0,25.0,5,915450.958076897
Ioptimality_remaining,Capacity,51.0,70.0,5,1402897.6083104697
Ioptimality_N10,Capacity,52.0,10.0,5,868547.3027661394
Ioptimality_N25,Capacity,52.0,25.0,5,909741.0840568894
Ioptimality_remaining,Capacity,52.0,69.0,5,1361104.071907092
Ioptimality_N10,Capacity,53.0,10.0,5,804495.6569331553
Ioptimality_N25,Capacity,53.0,25.0,5,841220.0170056915
Ioptimality_remaining,Capacity,53.0,68.0,5,1221553.994005771
Ioptimality_N10,Capacity,54.0,10.0,5,770872.1676472934
Ioptimality_N25,Capacity,54.0,25.0,5,805201.9035735242
Ioptimality_remaining,Capacity,54.0,67.0,5,1141165.1451945847
Ioptimality_N10,Capacity,55.0,10.0,5,753107.785277157
Ioptimality_N25,Capacity,55.0,25.0,5,786110.9385062968
Ioptimality_remaining,Capacity,55.0,66.0,5,1089742.3844160908
Ioptimality_N10,Capacity,56.0,10.0,5,744975.4959375712
Ioptimality_N25,Capacity,56.0,25.0,5,777405.4892249375
Ioptimality_remaining,Capacity,56.0,65.0,5,1057583.1848042265
Ioptimality_N10,Capacity,57.0,10.0,5,743961.2770303986
Ioptimality_N25,Capacity,57.0,25.0,5,776540.1326934334
Ioptimality_remaining,Capacity,57.0,64.0,5,1041944.6413994795
Ioptimality_N10,Capacity,58.0,10.0,5,746227.3039645959
Ioptimality_N25,Capacity,58.0,25.0,5,779426.3248080952
Ioptimality_remaining,Capacity,58.0,63.0,5,1035534.9928740687
Ioptimality_N10,Capacity,59.0,10.0,5,749685.3098370414
Ioptimality_N25,Capacity,59.0,25.0,5,783814.8236487241
Ioptimality_remaining,Capacity,59.0,62.0,5,1034092.1832701758
Ioptimality_N10,Capacity,60.0,10.0,5,753385.5093917322
Ioptimality_N25,Capacity,60.0,25.0,5,788583.8533555333
Ioptimality_remaining,Capacity,60.0,61.0,5,1034398.8766921962
Ioptimality_N10,Capacity,61.0,10.0,5,756778.9180765859
Ioptimality_N25,Capacity,61.0,25.0,5,792916.9091142416
Ioptimality_remaining,Capacity,61.0,60.0,5,1032571.1541250055
Ioptimality_N10,Capacity,62.0,10.0,5,759173.8683487157
Ioptimality_N25,Capacity,62.0,25.0,5,796111.5812192842
Ioptimality_remaining,Capacity,62.0,59.0,5,1029129.9363450635
Ioptimality_N10,Capacity,63.0,10.0,5,762804.8868199723
Ioptimality_N25,Capacity,63.0,25.0,5,801098.6783338524
Ioptimality_remaining,Capacity,63.0,58.0,5,1033644.0535206052
Ioptimality_N10,Capacity,64.0,10.0,5,766168.8084745033
Ioptimality_N25,Capacity,64.0,25.0,5,805910.2411460563
Ioptimality_remaining,Capacity,64.0,57.0,5,1038275.5750706405
Ioptimality_N10,Capacity,65.0,10.0,5,770411.1704355888
Ioptimality_N25,Capacity,65.0,25.0,5,811628.2207754818
Ioptimality_remaining,Capacity,65.0,56.0,5,1042646.7419108587
Ioptimality_N10,Capacity,66.0,10.0,5,772473.5320106505
Ioptimality_N25,Capacity,66.0,25.0,5,814733.4633284955
Ioptimality_remaining,Capacity,66.0,55.0,5,1040339.7049279982
Ioptimality_N10,Capacity,67.0,10.0,5,775507.3676136514
Ioptimality_N25,Capacity,67.0,25.0,5,818965.0989327085
Ioptimality_remaining,Capacity,67.0,54.0,5,1039694.4172877398
Ioptimality_N10,Capacity,68.0,10.0,5,779389.1428168943
Ioptimality_N25,Capacity,68.0,25.0,5,824227.2216928223
Ioptimality_remaining,Capacity,68.0,53.0,5,1040848.1607085926
Ioptimality_N10,Capacity,69.0,10.0,5,783193.708230051
Ioptimality_N25,Capacity,69.0,25.0,5,829424.8208026815
Ioptimality_remaining,Capacity,69.0,52.0,5,1041598.1861938544
Ioptimality_N10,Capacity,70.0,10.0,5,786511.2480254795
Ioptimality_N25,Capacity,70.0,25.0,5,834076.7922786108
Ioptimality_remaining,Capacity,70.0,51.0,5,1041174.7199958988
Ioptimality_N10,Capacity,71.0,10.0,5,789292.8998040635
Ioptimality_N25,Capacity,71.0,25.0,5,838163.5296383053
Ioptimality_remaining,Capacity,71.0,50.0,5,1039861.1284776044
Ioptimality_N10,Capacity,72.0,10.0,5,793907.5747305234
Ioptimality_N25,Capacity,72.0,25.0,5,844540.6530012224
Ioptimality_remaining,Capacity,72.0,49.0,5,1043029.0157339448
Ioptimality_N10,Capacity,73.0,10.0,5,799096.880331171
Ioptimality_N25,Capacity,73.0,25.0,5,851875.5145383105
Ioptimality_remaining,Capacity,73.0,48.0,5,1048508.9712473449
Ioptimality_N10,Capacity,74.0,10.0,5,804539.8813900726
Ioptimality_N25,Capacity,74.0,25.0,5,859542.032260912
Ioptimality_remaining,Capacity,74.0,47.0,5,1053824.6886858528
Ioptimality_N10,Capacity,75.0,10.0,5,805735.4445513238
Ioptimality_N25,Capacity,75.0,25.0,5,862334.7096795619
Ioptimality_remaining,Capacity,75.0,46.0,5,1051005.2434148663
Ioptimality_N10,Capacity,76.0,10.0,5,802109.0508076105
Ioptimality_N25,Capacity,76.0,25.0,5,859739.9568691007
Ioptimality_remaining,Capacity,76.0,45.0,5,1040400.1053137355
Ioptimality_N10,Capacity,77.0,10.0,5,793964.3109563362
Ioptimality_N25,Capacity,77.0,25.0,5,852130.3053339164
Ioptimality_remaining,Capacity,77.0,44.0,5,1023119.212878463
Ioptimality_N10,Capacity,78.0,10.0,5,781894.5581913146
Ioptimality_N25,Capacity,78.0,25.0,5,840212.6055043244
Ioptimality_remaining,Capacity,78.0,43.0,5,1000551.4044978305
Ioptimality_N10,Capacity,79.0,10.0,5,768804.7238816402
Ioptimality_N25,Capacity,79.0,25.0,5,827242.1057521359
Ioptimality_remaining,Capacity,79.0,42.0,5,977075.5447492884
Ioptimality_N10,Capacity,80.0,10.0,5,762454.231190763
Ioptimality_N25,Capacity,80.0,25.0,5,821924.8892254963
Ioptimality_remaining,Capacity,80.0,41.0,5,963928.9188435026
Ioptimality_N10,Capacity,81.0,10.0,5,759119.7557052957
Ioptimality_N25,Capacity,81.0,25.0,5,820185.0261101851
Ioptimality_remaining,Capacity,81.0,40.0,5,955449.540346289
Ioptimality_N10,Capacity,82.0,10.0,5,749691.3402634988
Ioptimality_N25,Capacity,82.0,25.0,5,811820.4567114626
Ioptimality_remaining,Capacity,82.0,39.0,5,938836.8890191278
Ioptimality_N10,Capacity,83.0,10.0,5,740485.9888805028
Ioptimality_N25,Capacity,83.0,25.0,5,803908.8077351603
Ioptimality_remaining,Capacity,83.0,38.0,5,922888.0835976718
Ioptimality_N10,Capacity,84.0,10.0,5,736038.8961801587
Ioptimality_N25,Capacity,84.0,25.0,5,801567.2024523339
Ioptimality_remaining,Capacity,84.0,37.0,5,913594.572334582
Ioptimality_N10,Capacity,85.0,10.0,5,730042.4416194313
Ioptimality_N25,Capacity,85.0,25.0,5,797790.8118340591
Ioptimality_remaining,Capacity,85.0,36.0,5,902469.931431724
Ioptimality_N10,Capacity,86.0,10.0,5,724795.8530193138
Ioptimality_N25,Capacity,86.0,25.0,5,795192.093340186
Ioptimality_remaining,Capacity,86.0,35.0,5,892539.391491148
Ioptimality_N10,Capacity,87.0,10.0,5,719160.5685168982
Ioptimality_N25,Capacity,87.0,25.0,5,792539.0837067417
Ioptimality_remaining,Capacity,87.0,34.0,5,882302.2005750014
Ioptimality_N10,Capacity,88.0,10.0,5,717068.5442013151
Ioptimality_N25,Capacity,88.0,25.0,5,794268.2061280274
Ioptimality_remaining,Capacity,88.0,33.0,5,876650.413776274
Ioptimality_N10,Capacity,89.0,10.0,5,715154.3491851472
Ioptimality_N25,Capacity,89.0,25.0,5,796671.0698695544
Ioptimality_remaining,Capacity,89.0,32.0,5,871247.4341567708
Ioptimality_N10,Capacity,90.0,10.0,5,684617.5816705636
Ioptimality_N25,Capacity,90.0,25.0,5,767279.7028064019
Ioptimality_remaining,Capacity,90.0,31.0,5,830605.1476631623
Ioptimality_N10,Capacity,91.0,10.0,5,653014.3457180739
Ioptimality_N25,Capacity,91.0,25.0,5,736841.6427016668
Ioptimality_remaining,Capacity,91.0,30.0,5,789007.8811648099
Ioptimality_N10,Capacity,92.0,10.0,5,614757.3496555844
Ioptimality_N25,Capacity,92.0,25.0,5,698921.9375807346
Ioptimality_remaining,Capacity,92.0,29.0,5,739665.6926114333
Ioptimality_N10,Capacity,93.0,10.0,5,529809.5221576137
Ioptimality_N25,Capacity,93.0,25.0,5,607276.6236689992
Ioptimality_remaining,Capacity,93.0,28.0,5,634536.8655755696
Ioptimality_N10,Capacity,94.0,10.0,5,418669.5509038235
Ioptimality_N25,Capacity,94.0,25.0,5,484102.70007724577
Ioptimality_remaining,Capacity,94.0,27.0,5,498928.12758433766
Ioptimality_N10,Capacity,95.0,10.0,5,350808.9636545246
Ioptimality_N25,Capacity,95.0,25.0,5,409498.2489319072
Ioptimality_remaining,Capacity,95.0,26.0,5,415901.9242819135
Ioptimality_N10,Capacity,96.0,10.0,5,310360.28859657835
Ioptimality_N25,Capacity,96.0,25.0,5,365986.52595958597
Ioptimality_remaining,Capacity,96.0,25.0,5,365986.52595958597
Ioptimality_N10,Capacity,97.0,10.0,5,280756.121186872
Ioptimality_remaining,Capacity,97.0,24.0,5,329192.39976449765
Ioptimality_N10,Capacity,98.0,10.0,5,254163.22535446828
Ioptimality_remaining,Capacity,98.0,23.0,5,296161.6043401951
Ioptimality_N10,Capacity,99.0,10.0,5,227542.2354338662
Ioptimality_remaining,Capacity,99.0,22.0,5,263323.43109525234
Ioptimality_N10,Capacity,100.0,10.0,5,205742.28053694806
Ioptimality_remaining,Capacity,100.0,21.0,5,236303.38401992456
Ioptimality_N10,Capacity,101.0,10.0,5,180121.9397037583
Ioptimality_remaining,Capacity,101.0,20.0,5,205105.62706274813
Ioptimality_N10,Capacity,102.0,10.0,5,143938.61814423258
Ioptimality_remaining,Capacity,102.0,19.0,5,162266.57948169412
Ioptimality_N10,Capacity,103.0,10.0,5,112390.14553976529
Ioptimality_remaining,Capacity,103.0,18.0,5,125279.41637893647
Ioptimality_N10,Capacity,104.0,10.0,5,86667.83231695191
Ioptimality_remaining,Capacity,104.0,17.0,5,95405.3549266886
Ioptimality_N10,Capacity,105.0,10.0,5,66778.74840634377
Ioptimality_remaining,Capacity,105.0,16.0,5,72512.29404017472
Ioptimality_N10,Capacity,106.0,10.0,5,51633.882792985
Ioptimality_remaining,Capacity,106.0,15.0,5,55253.00347028181
Ioptimality_N10,Capacity,107.0,10.0,5,41958.53524327946
Ioptimality_remaining,Capacity,107.0,14.0,5,44239.99919591311
Ioptimality_N10,Capacity,108.0,10.0,5,34717.41661700756
Ioptimality_remaining,Capacity,108.0,13.0,5,36070.333315298194
Ioptimality_N10,Capacity,109.0,10.0,5,29298.23876030998
Ioptimality_remaining,Capacity,109.0,12.0,5,30019.67367988836
Ioptimality_N10,Capacity,110.0,10.0,5,25304.535392474383
Ioptimality_remaining,Capacity,110.0,11.0,5,25598.98780407711
Ioptimality_N10,Capacity,111.0,10.0,5,22430.342343671415
Ioptimality_remaining,Capacity,111.0,10.0,5,22430.342343671415
Ioptimality_remaining,Capacity,112.0,9.0,5,20187.88469980572
Ioptimality_remaining,Capacity,113.0,8.0,5,18665.690252593555
Ioptimality_remaining,Capacity,114.0,7.0,5,17379.19334163057
Ioptimality_remaining,Capacity,115.0,6.0,5,16307.852364083874
Ioptimality_remaining,Capacity,116.0,5.0,5,15346.929081973392
Ioptimality_remaining,Capacity,117.0,4.0,5,14453.138608196206
Ioptimality_remaining,Capacity,118.0,3.0,5,13608.884926816218
Ioptimality_remaining,Capacity,119.0,2.0,5,12698.07161234603
Ioptimality_remaining,Capacity,120.0,1.0,5,11655.282475076467
Ioptimality_N10,Resistance,1.0,10.0,1,
Ioptimality_N25,Resistance,1.0,25.0,1,
Ioptimality_remaining,Resistance,1.0,120.0,1,
Ioptimality_N10,Resistance,2.0,10.0,2,
Ioptimality_N25,Resistance,2.0,25.0,2,
Ioptimality_remaining,Resistance,2.0,119.0,2,
Ioptimality_N10,Resistance,3.0,10.0,3,
Ioptimality_N25,Resistance,3.0,25.0,3,
Ioptimality_remaining,Resistance,3.0,118.0,3,
Ioptimality_N10,Resistance,4.0,10.0,4,
Ioptimality_N25,Resistance,4.0,25.0,4,
Ioptimality_remaining,Resistance,4.0,117.0,4,
Ioptimality_N10,Resistance,5.0,10.0,5,87100740022.66653
Ioptimality_N25,Resistance,5.0,25.0,5,85745779106.84955
Ioptimality_remaining,Resistance,5.0,116.0,5,75124682882.69435
Ioptimality_N10,Resistance,6.0,10.0,5,534124946.55449295
Ioptimality_N25,Resistance,6.0,25.0,5,525868817.0981863
Ioptimality_remaining,Resistance,6.0,115.0,5,621784146.8165579
Ioptimality_N10,Resistance,7.0,10.0,5,531589560.788174
Ioptimality_N25,Resistance,7.0,25.0,5,523054881.0532123
Ioptimality_remaining,Resistance,7.0,114.0,5,582749108.7368735
Ioptimality_N10,Resistance,8.0,10.0,5,371887565.6588965
Ioptimality_N25,Resistance,8.0,25.0,5,364666892.9017209
Ioptimality_remaining,Resistance,8.0,113.0,5,345476575.94191545
Ioptimality_N10,Resistance,9.0,10.0,5,315810889.62834024
Ioptimality_N25,Resistance,9.0,25.0,5,309201177.7193434
Ioptimality_remaining,Resistance,9.0,112.0,5,271396484.30749834
Ioptimality_N10,Resistance,10.0,10.0,5,313604627.9425572
Ioptimality_N25,Resistance,10.0,25.0,5,307028257.1795693
Ioptimality_remaining,Resistance,10.0,111.0,5,263728636.28595695
Ioptimality_N10,Resistance,11.0,10.0,5,267553882.01178306
Ioptimality_N25,Resistance,11.0,25.0,5,261981338.62846366
Ioptimality_remaining,Resistance,11.0,110.0,5,227744307.29488656
Ioptimality_N10,Resistance,12.0,10.0,5,249389874.47870654
Ioptimality_N25,Resistance,12.0,25.0,5,244157506.89635533
Ioptimality_remaining,Resistance,12.0,109.0,5,213374757.43166372
Ioptimality_N10,Resistance,13.0,10.0,5,197458406.1493621
Ioptimality_N25,Resistance,13.0,25.0,5,193238383.19332808
Ioptimality_remaining,Resistance,13.0,108.0,5,167886226.095456
Ioptimality_N10,Resistance,14.0,10.0,5,93141563.78801809
Ioptimality_N25,Resistance,14.0,25.0,5,91062651.72499447
Ioptimality_remaining,Resistance,14.0,107.0,5,78143862.59296645
Ioptimality_N10,Resistance,15.0,10.0,5,34782964.55441375
Ioptimality_N25,Resistance,15.0,25.0,5,33980479.36110225
Ioptimality_remaining,Resistance,15.0,106.0,5,29503721.303100027
Ioptimality_N10,Resistance,16.0,10.0,5,12479340.342329929
Ioptimality_N25,Resistance,16.0,25.0,5,12228204.039504305
Ioptimality_remaining,Resistance,16.0,105.0,5,11877279.55010575
Ioptimality_N10,Resistance,17.0,10.0,5,6976837.2743077185
Ioptimality_N25,Resistance,17.0,25.0,5,6867719.434646498
Ioptimality_remaining,Resistance,17.0,104.0,5,7606636.315829842
Ioptimality_N10,Resistance,18.0,10.0,5,4954782.060858598
Ioptimality_N25,Resistance,18.0,25.0,5,4896337.052749861
Ioptimality_remaining,Resistance,18.0,103.0,5,6028084.62364294
Ioptimality_N10,Resistance,19.0,10.0,5,3716787.468142523
Ioptimality_N25,Resistance,19.0,25.0,5,3683675.051410336
Ioptimality_remaining,Resistance,19.0,102.0,5,4988361.087927955
Ioptimality_N10,Resistance,20.0,10.0,5,2660782.749837061
Ioptimality_N25,Resistance,20.0,25.0,5,2626220.7474467363
Ioptimality_remaining,Resistance,20.0,101.0,5,3331436.674987629
Ioptimality_N10,Resistance,21.0,10.0,5,2369323.769224095
Ioptimality_N25,Resistance,21.0,25.0,5,2328384.442419885
Ioptimality_remaining,Resistance,21.0,100.0,5,2509719.364394215
Ioptimality_N10,Resistance,22.0,10.0,5,2314020.471870862
Ioptimality_N25,Resistance,22.0,25.0,5,2269732.8901258763
Ioptimality_remaining,Resistance,22.0,99.0,5,2169990.1332208365
Ioptimality_N10,Resistance,23.0,10.0,5,2305864.6977358833
Ioptimality_N25,Resistance,23.0,25.0,5,2260729.079592585
Ioptimality_remaining,Resistance,23.0,98.0,5,2057634.2559483873
Ioptimality_N10,Resistance,24.0,10.0,5,2299488.0395746166
Ioptimality_N25,Resistance,24.0,25.0,5,2253891.9849883807
Ioptimality_remaining,Resistance,24.0,97.0,5,2005964.7553093531
Ioptimality_N10,Resistance,25.0,10.0,5,2292522.030854558
Ioptimality_N25,Resistance,25.0,25.0,5,2246882.049279707
Ioptimality_remaining,Resistance,25.0,96.0,5,1978988.9624515905
Ioptimality_N10,Resistance,26.0,10.0,5,2232464.246877291
Ioptimality_N25,Resistance,26.0,25.0,5,2188445.1832881216
Ioptimality_remaining,Resistance,26.0,95.0,5,1924219.1808487421
Ioptimality_N10,Resistance,27.0,10.0,5,2178223.0654492364
Ioptimality_N25,Resistance,27.0,25.0,5,2135380.421448111
Ioptimality_remaining,Resistance,27.0,94.0,5,1876824.538320858
Ioptimality_N10,Resistance,28.0,10.0,5,2167132.697690799
Ioptimality_N25,Resistance,28.0,25.0,5,2123960.5992152877
Ioptimality_remaining,Resistance,28.0,93.0,5,1865029.3625847371
Ioptimality_N10,Resistance,29.0,10.0,5,2136409.842882163
Ioptimality_N25,Resistance,29.0,25.0,5,2092996.4885101297
Ioptimality_remaining,Resistance,29.0,92.0,5,1835319.0703353921
Ioptimality_N10,Resistance,30.0,10.0,5,1993029.2508128616
Ioptimality_N25,Resistance,30.0,25.0,5,1951539.9831928657
Ioptimality_remaining,Resistance,30.0,91.0,5,1708883.3974825412
Ioptimality_N10,Resistance,31.0,10.0,5,1743323.0947708017
Ioptimality_N25,Resistance,31.0,25.0,5,1705993.589415567
Ioptimality_remaining,Resistance,31.0,90.0,5,1491853.3885732025
Ioptimality_N10,Resistance,32.0,10.0,5,1476063.6554669926
Ioptimality_N25,Resistance,32.0,25.0,5,1443311.067274326
Ioptimality_remaining,Resistance,32.0,89.0,5,1259540.4905804875
Ioptimality_N10,Resistance,33.0,10.0,5,1331649.2209174007
Ioptimality_N25,Resistance,33.0,25.0,5,1300684.1918517312
Ioptimality_remaining,Resistance,33.0,88.0,5,1129248.532995928
Ioptimality_N10,Resistance,34.0,10.0,5,1259848.2729833138
Ioptimality_N25,Resistance,34.0,25.0,5,1229273.7587237891
Ioptimality_remaining,Resistance,34.0,87.0,5,1061364.7278612475
Ioptimality_N10,Resistance,35.0,10.0,5,1239714.647308234
Ioptimality_N25,Resistance,35.0,25.0,5,1208708.4478978827
Ioptimality_remaining,Resistance,35.0,86.0,5,1039207.251297087
Ioptimality_N10,Resistance,36.0,10.0,5,1223764.8192947763
Ioptimality_N25,Resistance,36.0,25.0,5,1192337.08698797
Ioptimality_remaining,Resistance,36.0,85.0,5,1021813.5722481193
Ioptimality_N10,Resistance,37.0,10.0,5,1209969.4392890413
Ioptimality_N25,Resistance,37.0,25.0,5,1178162.349613457
Ioptimality_remaining,Resistance,37.0,84.0,5,1007386.258719131
Ioptimality_N10,Resistance,38.0,10.0,5,1193494.6933759118
Ioptimality_N25,Resistance,38.0,25.0,5,1161358.3235465947
Ioptimality_remaining,Resistance,38.0,83.0,5,991214.1855536918
Ioptimality_N10,Resistance,39.0,10.0,5,1177119.3328056359
Ioptimality_N25,Resistance,39.0,25.0,5,1144691.6584193874
Ioptimality_remaining,Resistance,39.0,82.0,5,975925.5585068144
Ioptimality_N10,Resistance,40.0,10.0,5,1171818.4867604577
Ioptimality_N25,Resistance,40.0,25.0,5,1138976.510406635
Ioptimality_remaining,Resistance,40.0,81.0,5,971126.025448387
Ioptimality_N10,Resistance,41.0,10.0,5,1166269.2465981836
Ioptimality_N25,Resistance,41.0,25.0,5,1133148.5910013863
Ioptimality_remaining,Resistance,41.0,80.0,5,967195.5764809236
Ioptimality_N10,Resistance,42.0,10.0,5,1141303.908113971
Ioptimality_N25,Resistance,42.0,25.0,5,1108292.4614120754
Ioptimality_remaining,Resistance,42.0,79.0,5,946772.9444457149
Ioptimality_N10,Resistance,43.0,10.0,5,967143.5980830009
Ioptimality_N25,Resistance,43.0,25.0,5,939715.495538854
Ioptimality_remaining,Resistance,43.0,78.0,5,809189.318514694
Ioptimality_N10,Resistance,44.0,10.0,5,867550.4264047794
Ioptimality_N25,Resistance,44.0,25.0,5,843097.4270251512
Ioptimality_remaining,Resistance,44.0,77.0,5,729910.4779356407
Ioptimality_N10,Resistance,45.0,10.0,5,782234.2264604631
Ioptimality_N25,Resistance,45.0,25.0,5,760168.2463117555
Ioptimality_remaining,Resistance,45.0,76.0,5,660880.4305709082
Ioptimality_N10,Resistance,46.0,10.0,5,704355.0515534801
Ioptimality_N25,Resistance,46.0,25.0,5,684349.7474527884
Ioptimality_remaining,Resistance,46.0,75.0,5,596899.7058715832
Ioptimality_N10,Resistance,47.0,10.0,5,649624.0713185618
Ioptimality_N25,Resistance,47.0,25.0,5,631235.9597412472
Ioptimality_remaining,Resistance,47.0,74.0,5,553077.7072605427
Ioptimality_N10,Resistance,48.0,10.0,5,605088.6620333137
Ioptimality_N25,Resistance,48.0,25.0,5,588157.5065074672
Ioptimality_remaining,Resistance,48.0,73.0,5,518202.56957229663
Ioptimality_N10,Resistance,49.0,10.0,5,555255.4546082413
Ioptimality_N25,Resistance,49.0,25.0,5,539854.9927023603
Ioptimality_remaining,Resistance,49.0,72.0,5,478146.0527531816
Ioptimality_N10,Resistance,50.0,10.0,5,505593.3679872103
Ioptimality_N25,Resistance,50.0,25.0,5,491591.99293098407
Ioptimality_remaining,Resistance,50.0,71.0,5,437288.4298040332
Ioptimality_N10,Resistance,51.0,10.0,5,457658.33755156165
Ioptimality_N25,Resistance,51.0,25.0,5,444920.2478179984
Ioptimality_remaining,Resistance,51.0,70.0,5,397225.02358336374
Ioptimality_N10,Resistance,52.0,10.0,5,423924.1437546525
Ioptimality_N25,Resistance,52.0,25.0,5,412026.18988143787
Ioptimality_remaining,Resistance,52.0,69.0,5,369058.02942112024
Ioptimality_N10,Resistance,53.0,10.0,5,406595.5711207833
Ioptimality_N25,Resistance,53.0,25.0,5,394994.91337483557
Ioptimality_remaining,Resistance,53.0,68.0,5,354489.46193695517
Ioptimality_N10,Resistance,54.0,10.0,5,391870.69139264035
Ioptimality_N25,Resistance,54.0,25.0,5,380447.64593952015
Ioptimality_remaining,Resistance,54.0,67.0,5,341868.01172951324
Ioptimality_N10,Resistance,55.0,10.0,5,374673.982608524
Ioptimality_N25,Resistance,55.0,25.0,5,363477.49022056296
Ioptimality_remaining,Resistance,55.0,66.0,5,327004.95087681676
Ioptimality_N10,Resistance,56.0,10.0,5,355234.28847927804
Ioptimality_N25,Resistance,56.0,25.0,5,344316.86320499657
Ioptimality_remaining,Resistance,56.0,65.0,5,310117.0983723197
Ioptimality_N10,Resistance,57.0,10.0,5,335385.4995420013
Ioptimality_N25,Resistance,57.0,25.0,5,324764.575397069
Ioptimality_remaining,Resistance,57.0,64.0,5,292784.6605280321
Ioptimality_N10,Resistance,58.0,10.0,5,312276.2128393064
Ioptimality_N25,Resistance,58.0,25.0,5,302066.9615234567
Ioptimality_remaining,Resistance,58.0,63.0,5,272547.919532283
Ioptimality_N10,Resistance,59.0,10.0,5,286718.27119792096
Ioptimality_N25,Resistance,59.0,25.0,5,277024.92100336106
Ioptimality_remaining,Resistance,59.0,62.0,5,250149.5740861956
Ioptimality_N10,Resistance,60.0,10.0,5,260225.65977815207
Ioptimality_N25,Resistance,60.0,25.0,5,251123.50751724935
Ioptimality_remaining,Resistance,60.0,61.0,5,226976.11205627906
Ioptimality_N10,Resistance,61.0,10.0,5,232369.4048151731
Ioptimality_N25,Resistance,61.0,25.0,5,223986.37833119568
Ioptimality_remaining,Resistance,61.0,60.0,5,202796.67242138408
Ioptimality_N10,Resistance,62.0,10.0,5,206409.8777521475
Ioptimality_N25,Resistance,62.0,25.0,5,198756.40814147197
Ioptimality_remaining,Resistance,62.0,59.0,5,180392.75656275512
Ioptimality_N10,Resistance,63.0,10.0,5,189550.9472825496
Ioptimality_N25,Resistance,63.0,25.0,5,182297.97759894532
Ioptimality_remaining,Resistance,63.0,58.0,5,165739.08401803847
Ioptimality_N10,Resistance,64.0,10.0,5,177014.59263703634
Ioptimality_N25,Resistance,64.0,25.0,5,170063.8697751642
Ioptimality_remaining,Resistance,64.0,57.0,5,154980.6222936355
Ioptimality_N10,Resistance,65.0,10.0,5,165397.52741532927
Ioptimality_N25,Resistance,65.0,25.0,5,158729.94738215406
Ioptimality_remaining,Resistance,65.0,56.0,5,145012.0616541999
Ioptimality_N10,Resistance,66.0,10.0,5,155063.80874902214
Ioptimality_N25,Resistance,66.0,25.0,5,148642.9728694884
Ioptimality_remaining,Resistance,66.0,55.0,5,136131.39468390285
Ioptimality_N10,Resistance,67.0,10.0,5,144298.43243771122
Ioptimality_N25,Resistance,67.0,25.0,5,138223.62940912278
Ioptimality_remaining,Resistance,67.0,54.0,5,127076.47392063185
Ioptimality_N10,Resistance,68.0,10.0,5,132541.6051493555
Ioptimality_N25,Resistance,68.0,25.0,5,126960.8974261389
Ioptimality_remaining,Resistance,68.0,53.0,5,117406.65925509078
Ioptimality_N10,Resistance,69.0,10.0,5,120835.2777485161
Ioptimality_N25,Resistance,69.0,25.0,5,115835.51925906897
Ioptimality_remaining,Resistance,69.0,52.0,5,107939.29154119515
Ioptimality_N10,Resistance,70.0,10.0,5,109714.93686443179
Ioptimality_N25,Resistance,70.0,25.0,5,105336.4944775654
Ioptimality_remaining,Resistance,70.0,51.0,5,99042.45115475934
Ioptimality_N10,Resistance,71.0,10.0,5,99773.68973448742
Ioptimality_N25,Resistance,71.0,25.0,5,96003.9038454343
Ioptimality_remaining,Resistance,71.0,50.0,5,91153.17220239174
Ioptimality_N10,Resistance,72.0,10.0,5,92468.63308657664
Ioptimality_N25,Resistance,72.0,25.0,5,89155.45823853105
Ioptimality_remaining,Resistance,72.0,49.0,5,85387.98402953855
Ioptimality_N10,Resistance,73.0,10.0,5,87123.58629119463
Ioptimality_N25,Resistance,73.0,25.0,5,84125.38794207993
Ioptimality_remaining,Resistance,73.0,48.0,5,81143.20823886084
Ioptimality_N10,Resistance,74.0,10.0,5,82332.69318393838
Ioptimality_N25,Resistance,74.0,25.0,5,79589.2980916311
Ioptimality_remaining,Resistance,74.0,47.0,5,77249.74998140981
Ioptimality_N10,Resistance,75.0,10.0,5,77831.92112485018
Ioptimality_N25,Resistance,75.0,25.0,5,75327.14902609747
Ioptimality_remaining,Resistance,75.0,46.0,5,73553.47712672087
Ioptimality_N10,Resistance,76.0,10.0,5,74307.27428321507
Ioptimality_N25,Resistance,76.0,25.0,5,71965.20728404202
Ioptimality_remaining,Resistance,76.0,45.0,5,70608.44380811148
Ioptimality_N10,Resistance,77.0,10.0,5,72135.44633863283
Ioptimality_N25,Resistance,77.0,25.0,5,69884.57932305704
Ioptimality_remaining,Resistance,77.0,44.0,5,68819.67296688027
Ioptimality_N10,Resistance,78.0,10.0,5,71605.83645046907
Ioptimality_N25,Resistance,78.0,25.0,5,69373.13779254832
Ioptimality_remaining,Resistance,78.0,43.0,5,68486.0845631844
Ioptimality_N10,Resistance,79.0,10.0,5,70852.68521175956
Ioptimality_N25,Resistance,79.0,25.0,5,68758.94381604916
Ioptimality_remaining,Resistance,79.0,42.0,5,68050.36363124044
Ioptimality_N10,Resistance,80.0,10.0,5,69903.92420905372
Ioptimality_N25,Resistance,80.0,25.0,5,67986.81170866992
Ioptimality_remaining,Resistance,80.0,41.0,5,67471.76731478334
Ioptimality_N10,Resistance,81.0,10.0,5,69582.87102857398
Ioptimality_N25,Resistance,81.0,25.0,5,67710.49221225192
Ioptimality_remaining,Resistance,81.0,40.0,5,67307.40634277146
Ioptimality_N10,Resistance,82.0,10.0,5,69093.82821717593
Ioptimality_N25,Resistance,82.0,25.0,5,67213.17286171058
Ioptimality_remaining,Resistance,82.0,39.0,5,66899.56603717741
Ioptimality_N10,Resistance,83.0,10.0,5,67616.79806919527
Ioptimality_N25,Resistance,83.0,25.0,5,65748.07479843049
Ioptimality_remaining,Resistance,83.0,38.0,5,65552.48527931645
Ioptimality_N10,Resistance,84.0,10.0,5,64852.80029198892
Ioptimality_N25,Resistance,84.0,25.0,5,63042.417504194025
Ioptimality_remaining,Resistance,84.0,37.0,5,62990.365422931
Ioptimality_N10,Resistance,85.0,10.0,5,60013.05589864722
Ioptimality_N25,Resistance,85.0,25.0,5,58530.227187344375
Ioptimality_remaining,Resistance,85.0,36.0,5,58778.09524472836
Ioptimality_N10,Resistance,86.0,10.0,5,54520.03258835491
Ioptimality_N25,Resistance,86.0,25.0,5,53570.26796755648
Ioptimality_remaining,Resistance,86.0,35.0,5,54151.28023133662
Ioptimality_N10,Resistance,87.0,10.0,5,49602.65842506772
Ioptimality_N25,Resistance,87.0,25.0,5,49098.645117114705
Ioptimality_remaining,Resistance,87.0,34.0,5,49901.53009945822
Ioptimality_N10,Resistance,88.0,10.0,5,47973.1927785138
Ioptimality_N25,Resistance,88.0,25.0,5,47572.478669882155
Ioptimality_remaining,Resistance,88.0,33.0,5,48402.797442415176
Ioptimality_N10,Resistance,89.0,10.0,5,47679.39188730242
Ioptimality_N25,Resistance,89.0,25.0,5,47389.90250334158
Ioptimality_remaining,Resistance,89.0,32.0,5,48232.56394111368
Ioptimality_N10,Resistance,90.0,10.0,5,47571.52018140633
Ioptimality_N25,Resistance,90.0,25.0,5,47315.847498564224
Ioptimality_remaining,Resistance,90.0,31.0,5,48023.464379070894
Ioptimality_N10,Resistance,91.0,10.0,5,46988.42359360403
Ioptimality_N25,Resistance,91.0,25.0,5,46966.21230808076
Ioptimality_remaining,Resistance,91.0,30.0,5,47572.18547865517
Ioptimality_N10,Resistance,92.0,10.0,5,46488.84406846423
Ioptimality_N25,Resistance,92.0,25.0,5,46684.265552208264
Ioptimality_remaining,Resistance,92.0,29.0,5,47156.43851219846
Ioptimality_N10,Resistance,93.0,10.0,5,46189.50895841865
Ioptimality_N25,Resistance,93.0,25.0,5,46548.42304702623
Ioptimality_remaining,Resistance,93.0,28.0,5,46885.46910849029
Ioptimality_N10,Resistance,94.0,10.0,5,45821.85905546018
Ioptimality_N25,Resistance,94.0,25.0,5,46353.00622838799
Ioptimality_remaining,Resistance,94.0,27.0,5,46574.80012902575
Ioptimality_N10,Resistance,95.0,10.0,5,45344.59931872911
Ioptimality_N25,Resistance,95.0,25.0,5,46056.12313883059
Ioptimality_remaining,Resistance,95.0,26.0,5,46171.75199884576
Ioptimality_N10,Resistance,96.0,10.0,5,44746.41904259194
Ioptimality_N25,Resistance,96.0,25.0,5,45644.03491281268
Ioptimality_remaining,Resistance,96.0,25.0,5,45644.03491281268
Ioptimality_N10,Resistance,97.0,10.0,5,43894.24784897576
Ioptimality_remaining,Resistance,97.0,24.0,5,44849.31006448681
Ioptimality_N10,Resistance,98.0,10.0,5,42676.92377262332
Ioptimality_remaining,Resistance,98.0,23.0,5,43675.66799492562
Ioptimality_N10,Resistance,99.0,10.0,5,41188.79905177835
Ioptimality_remaining,Resistance,99.0,22.0,5,42211.88242771868
Ioptimality_N10,Resistance,100.0,10.0,5,39703.14749125037
Ioptimality_remaining,Resistance,100.0,21.0,5,40726.472323281014
Ioptimality_N10,Resistance,101.0,10.0,5,37986.515189988524
Ioptimality_remaining,Resistance,101.0,20.0,5,38987.59326500846
Ioptimality_N10,Resistance,102.0,10.0,5,35962.51720844015
Ioptimality_remaining,Resistance,102.0,19.0,5,36914.183841911785
Ioptimality_N10,Resistance,103.0,10.0,5,34162.67862535277
Ioptimality_remaining,Resistance,103.0,18.0,5,35041.85058482802
Ioptimality_N10,Resistance,104.0,10.0,5,32804.05534855893
Ioptimality_remaining,Resistance,104.0,17.0,5,33600.14839452224
Ioptimality_N10,Resistance,105.0,10.0,5,32094.487398201116
Ioptimality_remaining,Resistance,105.0,16.0,5,32802.39375256468
Ioptimality_N10,Resistance,106.0,10.0,5,31207.209388781535
Ioptimality_remaining,Resistance,106.0,15.0,5,31816.25983842041
Ioptimality_N10,Resistance,107.0,10.0,5,30664.662540031735
Ioptimality_remaining,Resistance,107.0,14.0,5,31171.313441999107
Ioptimality_N10,Resistance,108.0,10.0,5,29914.69046174435
Ioptimality_remaining,Resistance,108.0,13.0,5,30306.5128232443
Ioptimality_N10,Resistance,109.0,10.0,5,29535.42523171553
Ioptimality_remaining,Resistance,109.0,12.0,5,29808.64414760325
Ioptimality_N10,Resistance,110.0,10.0,5,29751.77447812397
Ioptimality_remaining,Resistance,110.0,11.0,5,29899.13383769846
Ioptimality_N10,Resistance,111.0,10.0,5,29722.7629230722
Ioptimality_remaining,Resistance,111.0,10.0,5,29722.7629230722
Ioptimality_remaining,Resistance,112.0,9.0,5,28715.176157735918
Ioptimality_remaining,Resistance,113.0,8.0,5,26077.43411224886
Ioptimality_remaining,Resistance,114.0,7.0,5,22342.966946811026
Ioptimality_remaining,Resistance,115.0,6.0,5,17893.36773163801
Ioptimality_remaining,Resistance,116.0,5.0,5,13726.826201101843
Ioptimality_remaining,Resistance,117.0,4.0,5,10305.990057142142
Ioptimality_remaining,Resistance,118.0,3.0,5,8478.857004960972
Ioptimality_remaining,Resistance,119.0,2.0,5,7474.777173855517
Ioptimality_remaining,Resistance,120.0,1.0,5,7362.556805170164
Ioptimality_N10,Capacity + Resistance,1.0,10.0,2,
Ioptimality_N25,Capacity + Resistance,1.0,25.0,2,
Ioptimality_remaining,Capacity + Resistance,1.0,120.0,2,
Ioptimality_N10,Capacity + Resistance,2.0,10.0,4,
Ioptimality_N25,Capacity + Resistance,2.0,25.0,4,
Ioptimality_remaining,Capacity + Resistance,2.0,119.0,4,
Ioptimality_N10,Capacity + Resistance,3.0,10.0,5,87.09224453474961
Ioptimality_N25,Capacity + Resistance,3.0,25.0,5,707.2318970351976
Ioptimality_remaining,Capacity + Resistance,3.0,118.0,5,65126741.21094493
Ioptimality_N10,Capacity + Resistance,4.0,10.0,5,38.712611878446815
Ioptimality_N25,Capacity + Resistance,4.0,25.0,5,707.937970729686
Ioptimality_remaining,Capacity + Resistance,4.0,117.0,5,39921978.84884669
Ioptimality_N10,Capacity + Resistance,5.0,10.0,5,29.46734576665827
Ioptimality_N25,Capacity + Resistance,5.0,25.0,5,724.4039010861869
Ioptimality_remaining,Capacity + Resistance,5.0,116.0,5,27938182.48077468
Ioptimality_N10,Capacity + Resistance,6.0,10.0,5,15.12410470868081
Ioptimality_N25,Capacity + Resistance,6.0,25.0,5,325.82177641657427
Ioptimality_remaining,Capacity + Resistance,6.0,115.0,5,7350637.489712176
Ioptimality_N10,Capacity + Resistance,7.0,10.0,5,10.53687005995026
Ioptimality_N25,Capacity + Resistance,7.0,25.0,5,152.92272274704422
Ioptimality_remaining,Capacity + Resistance,7.0,114.0,5,1982746.0435906937
Ioptimality_N10,Capacity + Resistance,8.0,10.0,5,12.4762520201126
Ioptimality_N25,Capacity + Resistance,8.0,25.0,5,179.78197359349502
Ioptimality_remaining,Capacity + Resistance,8.0,113.0,5,1966332.098323831
Ioptimality_N10,Capacity + Resistance,9.0,10.0,5,11.284951769700942
Ioptimality_N25,Capacity + Resistance,9.0,25.0,5,166.4138991909158
Ioptimality_remaining,Capacity + Resistance,9.0,112.0,5,1639270.3299511163
Ioptimality_N10,Capacity + Resistance,10.0,10.0,5,5.520776732745534
Ioptimality_N25,Capacity + Resistance,10.0,25.0,5,78.2987363615931
Ioptimality_remaining,Capacity + Resistance,10.0,111.0,5,695097.2224219048
Ioptimality_N10,Capacity + Resistance,11.0,10.0,5,3.7137356532116073
Ioptimality_N25,Capacity + Resistance,11.0,25.0,5,49.980169533531914
Ioptimality_remaining,Capacity + Resistance,11.0,110.0,5,403583.143310661
Ioptimality_N10,Capacity + Resistance,12.0,10.0,5,3.0646193759050826
Ioptimality_N25,Capacity + Resistance,12.0,25.0,5,39.85339763115403
Ioptimality_remaining,Capacity + Resistance,12.0,109.0,5,296711.85235602665
Ioptimality_N10,Capacity + Resistance,13.0,10.0,5,2.719098724897557
Ioptimality_N25,Capacity + Resistance,13.0,25.0,5,34.5142621620311
Ioptimality_remaining,Capacity + Resistance,13.0,108.0,5,237338.6963869176
Ioptimality_N10,Capacity + Resistance,14.0,10.0,5,2.4472186145671535
Ioptimality_N25,Capacity + Resistance,14.0,25.0,5,30.3098046188926
Ioptimality_remaining,Capacity + Resistance,14.0,107.0,5,191846.50947005014
Ioptimality_N10,Capacity + Resistance,15.0,10.0,5,2.299680662236744
Ioptimality_N25,Capacity + Resistance,15.0,25.0,5,27.78862124122622
Ioptimality_remaining,Capacity + Resistance,15.0,106.0,5,160237.57671358358
Ioptimality_N10,Capacity + Resistance,16.0,10.0,5,2.312347406860538
Ioptimality_N25,Capacity + Resistance,16.0,25.0,5,27.180381255712863
Ioptimality_remaining,Capacity + Resistance,16.0,105.0,5,140907.47598249733
Ioptimality_N10,Capacity + Resistance,17.0,10.0,5,2.4135129311945187
Ioptimality_N25,Capacity + Resistance,17.0,25.0,5,27.057910934629444
Ioptimality_remaining,Capacity + Resistance,17.0,104.0,5,126106.2469352549
Ioptimality_N10,Capacity + Resistance,18.0,10.0,5,2.5391713765647173
Ioptimality_N25,Capacity + Resistance,18.0,25.0,5,26.75390042110665
Ioptimality_remaining,Capacity + Resistance,18.0,103.0,5,113041.452976692
Ioptimality_N10,Capacity + Resistance,19.0,10.0,5,2.655314549472311
Ioptimality_N25,Capacity + Resistance,19.0,25.0,5,26.454890921984216
Ioptimality_remaining,Capacity + Resistance,19.0,102.0,5,100806.41139446553
Ioptimality_N10,Capacity + Resistance,20.0,10.0,5,2.5572730363221505
Ioptimality_N25,Capacity + Resistance,20.0,25.0,5,24.257278100392817
Ioptimality_remaining,Capacity + Resistance,20.0,101.0,5,83698.80628576702
Ioptimality_N10,Capacity + Resistance,21.0,10.0,5,2.340139987673728
Ioptimality_N25,Capacity + Resistance,21.0,25.0,5,21.2721289055621
Ioptimality_remaining,Capacity + Resistance,21.0,100.0,5,66521.97115060619
Ioptimality_N10,Capacity + Resistance,22.0,10.0,5,2.056498850589757
Ioptimality_N25,Capacity + Resistance,22.0,25.0,5,18.037648404041473
Ioptimality_remaining,Capacity + Resistance,22.0,99.0,5,51081.376253209084
Ioptimality_N10,Capacity + Resistance,23.0,10.0,5,1.798318088418382
Ioptimality_N25,Capacity + Resistance,23.0,25.0,5,15.227485136969655
Ioptimality_remaining,Capacity + Resistance,23.0,98.0,5,39043.201357851874
Ioptimality_N10,Capacity + Resistance,24.0,10.0,5,1.5874217321761488
Ioptimality_N25,Capacity + Resistance,24.0,25.0,5,12.968332508562948
Ioptimality_remaining,Capacity + Resistance,24.0,97.0,5,30124.82852216334
Ioptimality_N10,Capacity + Resistance,25.0,10.0,5,1.4166940873576879
Ioptimality_N25,Capacity + Resistance,25.0,25.0,5,11.095717360580588
Ioptimality_remaining,Capacity + Resistance,25.0,96.0,5,23379.421137695288
Ioptimality_N10,Capacity + Resistance,26.0,10.0,5,1.267637685892664
Ioptimality_N25,Capacity + Resistance,26.0,25.0,5,9.538821570620149
Ioptimality_remaining,Capacity + Resistance,26.0,95.0,5,18251.509460488192
Ioptimality_N10,Capacity + Resistance,27.0,10.0,5,1.1217477294042546
Ioptimality_N25,Capacity + Resistance,27.0,25.0,5,8.14096526628686
Ioptimality_remaining,Capacity + Resistance,27.0,94.0,5,14143.089724062449
Ioptimality_N10,Capacity + Resistance,28.0,10.0,5,1.0226511392403068
Ioptimality_N25,Capacity + Resistance,28.0,25.0,5,7.199095271411422
Ioptimality_remaining,Capacity + Resistance,28.0,93.0,5,11325.499494665846
Ioptimality_N10,Capacity + Resistance,29.0,10.0,5,0.9624687746023634
Ioptimality_N25,Capacity + Resistance,29.0,25.0,5,6.598062054079487
Ioptimality_remaining,Capacity + Resistance,29.0,92.0,5,9382.483236242873
Ioptimality_N10,Capacity + Resistance,30.0,10.0,5,0.9250153115425663
Ioptimality_N25,Capacity + Resistance,30.0,25.0,5,6.1603120350440745
Ioptimality_remaining,Capacity + Resistance,30.0,91.0,5,7915.389388817627
Ioptimality_N10,Capacity + Resistance,31.0,10.0,5,0.9002757749671803
Ioptimality_N25,Capacity + Resistance,31.0,25.0,5,5.824691114753403
Ioptimality_remaining,Capacity + Resistance,31.0,90.0,5,6759.156637022853
Ioptimality_N10,Capacity + Resistance,32.0,10.0,5,0.865322550701664
Ioptimality_N25,Capacity + Resistance,32.0,25.0,5,5.534872215795121
Ioptimality_remaining,Capacity + Resistance,32.0,89.0,5,5798.921979754701
Ioptimality_N10,Capacity + Resistance,33.0,10.0,5,0.8068578938339346
Ioptimality_N25,Capacity + Resistance,33.0,25.0,5,5.234155319458759
Ioptimality_remaining,Capacity + Resistance,33.0,88.0,5,4952.822818447721
Ioptimality_N10,Capacity + Resistance,34.0,10.0,5,0.7533770855101813
Ioptimality_N25,Capacity + Resistance,34.0,25.0,5,4.932616002805923
Ioptimality_remaining,Capacity + Resistance,34.0,87.0,5,4216.612470315649
Ioptimality_N10,Capacity + Resistance,35.0,10.0,5,0.6958777841317666
Ioptimality_N25,Capacity + Resistance,35.0,25.0,5,4.580291019570953
Ioptimality_remaining,Capacity + Resistance,35.0,86.0,5,3539.566444420943
Ioptimality_N10,Capacity + Resistance,36.0,10.0,5,0.6468293682472661
Ioptimality_N25,Capacity + Resistance,36.0,25.0,5,4.265719529939426
Ioptimality_remaining,Capacity + Resistance,36.0,85.0,5,2980.9341151975004
Ioptimality_N10,Capacity + Resistance,37.0,10.0,5,0.6098551721620031
Ioptimality_N25,Capacity + Resistance,37.0,25.0,5,3.9967645543942654
Ioptimality_remaining,Capacity + Resistance,37.0,84.0,5,2526.2196113974837
Ioptimality_N10,Capacity + Resistance,38.0,10.0,5,0.5804205268092882
Ioptimality_N25,Capacity + Resistance,38.0,25.0,5,3.7675982576971476
Ioptimality_remaining,Capacity + Resistance,38.0,83.0,5,2152.488126583185
Ioptimality_N10,Capacity + Resistance,39.0,10.0,5,0.5540561832243496
Ioptimality_N25,Capacity + Resistance,39.0,25.0,5,3.5636614778742643
Ioptimality_remaining,Capacity + Resistance,39.0,82.0,5,1839.304136723564
Ioptimality_N10,Capacity + Resistance,40.0,10.0,5,0.5271849712765657
Ioptimality_N25,Capacity + Resistance,40.0,25.0,5,3.3579006214715106
Ioptimality_remaining,Capacity + Resistance,40.0,81.0,5,1565.4665800614805
Ioptimality_N10,Capacity + Resistance,41.0,10.0,5,0.502309746722106
Ioptimality_N25,Capacity + Resistance,41.0,25.0,5,3.168348805186818
Ioptimality_remaining,Capacity + Resistance,41.0,80.0,5,1333.7390770968984
Ioptimality_N10,Capacity + Resistance,42.0,10.0,5,0.4938001880425382
Ioptimality_N25,Capacity + Resistance,42.0,25.0,5,3.085426147692152
Ioptimality_remaining,Capacity + Resistance,42.0,79.0,5,1170.7284408599055
Ioptimality_N10,Capacity + Resistance,43.0,10.0,5,0.5077167110817774
Ioptimality_N25,Capacity + Resistance,43.0,25.0,5,3.134161144108897
Ioptimality_remaining,Capacity + Resistance,43.0,78.0,5,1068.535270125183
Ioptimality_N10,Capacity + Resistance,44.0,10.0,5,0.5181787724883302
Ioptimality_N25,Capacity + Resistance,44.0,25.0,5,3.1531975597370026
Ioptimality_remaining,Capacity + Resistance,44.0,77.0,5,966.137075108273
Ioptimality_N10,Capacity + Resistance,45.0,10.0,5,0.5239098381663803
Ioptimality_N25,Capacity + Resistance,45.0,25.0,5,3.145098747420558
Ioptimality_remaining,Capacity + Resistance,45.0,76.0,5,866.1586497072625
Ioptimality_N10,Capacity + Resistance,46.0,10.0,5,0.5254726565186709
Ioptimality_N25,Capacity + Resistance,46.0,25.0,5,3.114711810979193
Ioptimality_remaining,Capacity + Resistance,46.0,75.0,5,771.0025246940777
Ioptimality_N10,Capacity + Resistance,47.0,10.0,5,0.5186519788323214
Ioptimality_N25,Capacity + Resistance,47.0,25.0,5,3.038878124801387
Ioptimality_remaining,Capacity + Resistance,47.0,74.0,5,676.2393261508892
Ioptimality_N10,Capacity + Resistance,48.0,10.0,5,0.507983728350701
Ioptimality_N25,Capacity + Resistance,48.0,25.0,5,2.9460129648652584
Ioptimality_remaining,Capacity + Resistance,48.0,73.0,5,589.1754798309724
Ioptimality_N10,Capacity + Resistance,49.0,10.0,5,0.4975107051278562
Ioptimality_N25,Capacity + Resistance,49.0,25.0,5,2.8588547859605278
Ioptimality_remaining,Capacity + Resistance,49.0,72.0,5,513.608969476219
Ioptimality_N10,Capacity + Resistance,50.0,10.0,5,0.4866706795007875
Ioptimality_N25,Capacity + Resistance,50.0,25.0,5,2.773664380507092
Ioptimality_remaining,Capacity + Resistance,50.0,71.0,5,447.50456640142636
Ioptimality_N10,Capacity + Resistance,51.0,10.0,5,0.4759986767135265
Ioptimality_N25,Capacity + Resistance,51.0,25.0,5,2.6939517971013665
Ioptimality_remaining,Capacity + Resistance,51.0,70.0,5,390.1573910644757
Ioptimality_N10,Capacity + Resistance,52.0,10.0,5,0.46519318890240113
Ioptimality_N25,Capacity + Resistance,52.0,25.0,5,2.61706927023364
Ioptimality_remaining,Capacity + Resistance,52.0,69.0,5,340.1217529741436
Ioptimality_N10,Capacity + Resistance,53.0,10.0,5,0.45321507539282235
Ioptimality_N25,Capacity + Resistance,53.0,25.0,5,2.5337769573058004
Ioptimality_remaining,Capacity + Resistance,53.0,68.0,5,295.46178642811867
Ioptimality_N10,Capacity + Resistance,54.0,10.0,5,0.44133541856217173
Ioptimality_N25,Capacity + Resistance,54.0,25.0,5,2.455739224731957
Ioptimality_remaining,Capacity + Resistance,54.0,67.0,5,256.53595118055244
Ioptimality_N10,Capacity + Resistance,55.0,10.0,5,0.4310935512102766
Ioptimality_N25,Capacity + Resistance,55.0,25.0,5,2.3895477321138467
Ioptimality_remaining,Capacity + Resistance,55.0,66.0,5,223.50294570791172
Ioptimality_N10,Capacity + Resistance,56.0,10.0,5,0.4221606671780527
Ioptimality_N25,Capacity + Resistance,56.0,25.0,5,2.3319979980054337
Ioptimality_remaining,Capacity + Resistance,56.0,65.0,5,195.25241323692623
Ioptimality_N10,Capacity + Resistance,57.0,10.0,5,0.414061400728019
Ioptimality_N25,Capacity + Resistance,57.0,25.0,5,2.2809386066698702
Ioptimality_remaining,Capacity + Resistance,57.0,64.0,5,170.9269206986755
Ioptimality_N10,Capacity + Resistance,58.0,10.0,5,0.4066066130188818
Ioptimality_N25,Capacity + Resistance,58.0,25.0,5,2.235517883362034
Ioptimality_remaining,Capacity + Resistance,58.0,63.0,5,149.89020439394415
Ioptimality_N10,Capacity + Resistance,59.0,10.0,5,0.39972506691846077
Ioptimality_N25,Capacity + Resistance,59.0,25.0,5,2.1950989718237803
Ioptimality_remaining,Capacity + Resistance,59.0,62.0,5,131.62929445419655
Ioptimality_N10,Capacity + Resistance,60.0,10.0,5,0.39340186957824796
Ioptimality_N25,Capacity + Resistance,60.0,25.0,5,2.1584361856320418
Ioptimality_remaining,Capacity + Resistance,60.0,61.0,5,115.73692040662911
Ioptimality_N10,Capacity + Resistance,61.0,10.0,5,0.38773057878286094
Ioptimality_N25,Capacity + Resistance,61.0,25.0,5,2.125562132253541
Ioptimality_remaining,Capacity + Resistance,61.0,60.0,5,101.89346583681328
Ioptimality_N10,Capacity + Resistance,62.0,10.0,5,0.38292866264374253
Ioptimality_N25,Capacity + Resistance,62.0,25.0,5,2.0983081504796863
Ioptimality_remaining,Capacity + Resistance,62.0,59.0,5,89.82846056944425
Ioptimality_N10,Capacity + Resistance,63.0,10.0,5,0.37833705580059346
Ioptimality_N25,Capacity + Resistance,63.0,25.0,5,2.0763128749264035
Ioptimality_remaining,Capacity + Resistance,63.0,58.0,5,79.14619096211077
Ioptimality_N10,Capacity + Resistance,64.0,10.0,5,0.37401912356066286
Ioptimality_N25,Capacity + Resistance,64.0,25.0,5,2.053583373867906
Ioptimality_remaining,Capacity + Resistance,64.0,57.0,5,69.71999687971501
Ioptimality_N10,Capacity + Resistance,65.0,10.0,5,0.3700678153328039
Ioptimality_N25,Capacity + Resistance,65.0,25.0,5,2.0348681066038465
Ioptimality_remaining,Capacity + Resistance,65.0,56.0,5,61.45011894069255
Ioptimality_N10,Capacity + Resistance,66.0,10.0,5,0.36650628355744097
Ioptimality_N25,Capacity + Resistance,66.0,25.0,5,2.0169564215154407
Ioptimality_remaining,Capacity + Resistance,66.0,55.0,5,54.18213506573154
Ioptimality_N10,Capacity + Resistance,67.0,10.0,5,0.36339384205964553
Ioptimality_N25,Capacity + Resistance,67.0,25.0,5,2.0003435304931916
Ioptimality_remaining,Capacity + Resistance,67.0,54.0,5,47.814097300456396
Ioptimality_N10,Capacity + Resistance,68.0,10.0,5,0.36067362151616444
Ioptimality_N25,Capacity + Resistance,68.0,25.0,5,1.9849848063972524
Ioptimality_remaining,Capacity + Resistance,68.0,53.0,5,42.23063464351916
Ioptimality_N10,Capacity + Resistance,69.0,10.0,5,0.35908840919622065
Ioptimality_N25,Capacity + Resistance,69.0,25.0,5,1.970152189060878
Ioptimality_remaining,Capacity + Resistance,69.0,52.0,5,37.319930211616516
Ioptimality_N10,Capacity + Resistance,70.0,10.0,5,0.35785233995555815
Ioptimality_N25,Capacity + Resistance,70.0,25.0,5,1.9545686424879238
Ioptimality_remaining,Capacity + Resistance,70.0,51.0,5,32.99066951701924
Ioptimality_N10,Capacity + Resistance,71.0,10.0,5,0.35667491287240394
Ioptimality_N25,Capacity + Resistance,71.0,25.0,5,1.9373718638510116
Ioptimality_remaining,Capacity + Resistance,71.0,50.0,5,29.16400349886726
Ioptimality_N10,Capacity + Resistance,72.0,10.0,5,0.35519479929316605
Ioptimality_N25,Capacity + Resistance,72.0,25.0,5,1.9168939918969716
Ioptimality_remaining,Capacity + Resistance,72.0,49.0,5,25.75920086182283
Ioptimality_N10,Capacity + Resistance,73.0,10.0,5,0.3534080011106321
Ioptimality_N25,Capacity + Resistance,73.0,25.0,5,1.892471970241202
Ioptimality_remaining,Capacity + Resistance,73.0,48.0,5,22.726753761434214
Ioptimality_N10,Capacity + Resistance,74.0,10.0,5,0.35157968074009893
Ioptimality_N25,Capacity + Resistance,74.0,25.0,5,1.8654219110379657
Ioptimality_remaining,Capacity + Resistance,74.0,47.0,5,20.039483138155898
Ioptimality_N10,Capacity + Resistance,75.0,10.0,5,0.3496962747116757
Ioptimality_N25,Capacity + Resistance,75.0,25.0,5,1.8357990985468167
Ioptimality_remaining,Capacity + Resistance,75.0,46.0,5,17.667053417798844
Ioptimality_N10,Capacity + Resistance,76.0,10.0,5,0.34766757418014266
Ioptimality_N25,Capacity + Resistance,76.0,25.0,5,1.803104443823491
Ioptimality_remaining,Capacity + Resistance,76.0,45.0,5,15.567706343096322
Ioptimality_N10,Capacity + Resistance,77.0,10.0,5,0.34612140742529135
Ioptimality_N25,Capacity + Resistance,77.0,25.0,5,1.7681814716900106
Ioptimality_remaining,Capacity + Resistance,77.0,44.0,5,13.716459021960834
Ioptimality_N10,Capacity + Resistance,78.0,10.0,5,0.3461675761168574
Ioptimality_N25,Capacity + Resistance,78.0,25.0,5,1.7317611995075135
Ioptimality_remaining,Capacity + Resistance,78.0,43.0,5,12.086643812976268
Ioptimality_N10,Capacity + Resistance,79.0,10.0,5,0.34476101852898683
Ioptimality_N25,Capacity + Resistance,79.0,25.0,5,1.6885887589612139
Ioptimality_remaining,Capacity + Resistance,79.0,42.0,5,10.616333096416286
Ioptimality_N10,Capacity + Resistance,80.0,10.0,5,0.34379908213911564
Ioptimality_N25,Capacity + Resistance,80.0,25.0,5,1.6437719714579881
Ioptimality_remaining,Capacity + Resistance,80.0,41.0,5,9.320291541929482
Ioptimality_N10,Capacity + Resistance,81.0,10.0,5,0.34271383107699815
Ioptimality_N25,Capacity + Resistance,81.0,25.0,5,1.598187601087931
Ioptimality_remaining,Capacity + Resistance,81.0,40.0,5,8.183921705260861
Ioptimality_N10,Capacity + Resistance,82.0,10.0,5,0.34145663054009023
Ioptimality_N25,Capacity + Resistance,82.0,25.0,5,1.5525089062298403
Ioptimality_remaining,Capacity + Resistance,82.0,39.0,5,7.188701106511212
Ioptimality_N10,Capacity + Resistance,83.0,10.0,5,0.3398977810874736
Ioptimality_N25,Capacity + Resistance,83.0,25.0,5,1.5064848999467548
Ioptimality_remaining,Capacity + Resistance,83.0,38.0,5,6.314685036860535
Ioptimality_N10,Capacity + Resistance,84.0,10.0,5,0.3378799518752167
Ioptimality_N25,Capacity + Resistance,84.0,25.0,5,1.4604113598008908
Ioptimality_remaining,Capacity + Resistance,84.0,37.0,5,5.54516930930551
Ioptimality_N10,Capacity + Resistance,85.0,10.0,5,0.3354254177438854
Ioptimality_N25,Capacity + Resistance,85.0,25.0,5,1.4160737913116506
Ioptimality_remaining,Capacity + Resistance,85.0,36.0,5,4.870899543197302
Ioptimality_N10,Capacity + Resistance,86.0,10.0,5,0.33241394037532274
Ioptimality_N25,Capacity + Resistance,86.0,25.0,5,1.3737634589429941
Ioptimality_remaining,Capacity + Resistance,86.0,35.0,5,4.279331424354094
Ioptimality_N10,Capacity + Resistance,87.0,10.0,5,0.3281912747758694
Ioptimality_N25,Capacity + Resistance,87.0,25.0,5,1.331372943759956
Ioptimality_remaining,Capacity + Resistance,87.0,34.0,5,3.7530078340721893
Ioptimality_N10,Capacity + Resistance,88.0,10.0,5,0.32136556842040387
Ioptimality_N25,Capacity + Resistance,88.0,25.0,5,1.2844649681871911
Ioptimality_remaining,Capacity + Resistance,88.0,33.0,5,3.2722334344011657
Ioptimality_N10,Capacity + Resistance,89.0,10.0,5,0.31460529917902536
Ioptimality_N25,Capacity + Resistance,89.0,25.0,5,1.2437778163806634
Ioptimality_remaining,Capacity + Resistance,89.0,32.0,5,2.8583648936785955
Ioptimality_N10,Capacity + Resistance,90.0,10.0,5,0.30654855314839646
Ioptimality_N25,Capacity + Resistance,90.0,25.0,5,1.2050974078411416
Ioptimality_remaining,Capacity + Resistance,90.0,31.0,5,2.4917770456674795
Ioptimality_N10,Capacity + Resistance,91.0,10.0,5,0.29826165161129214
Ioptimality_N25,Capacity + Resistance,91.0,25.0,5,1.1729929035246862
Ioptimality_remaining,Capacity + Resistance,91.0,30.0,5,2.175068832821525
Ioptimality_N10,Capacity + Resistance,92.0,10.0,5,0.2898691995872418
Ioptimality_N25,Capacity + Resistance,92.0,25.0,5,1.1484119296257647
Ioptimality_remaining,Capacity + Resistance,92.0,29.0,5,1.901999463056686
Ioptimality_N10,Capacity + Resistance,93.0,10.0,5,0.2814371214141211
Ioptimality_N25,Capacity + Resistance,93.0,25.0,5,1.131602994645139
Ioptimality_remaining,Capacity + Resistance,93.0,28.0,5,1.666160641901913
Ioptimality_N10,Capacity + Resistance,94.0,10.0,5,0.2730520065555149
Ioptimality_N25,Capacity + Resistance,94.0,25.0,5,1.1231172514691206
Ioptimality_remaining,Capacity + Resistance,94.0,27.0,5,1.4621732264570886
Ioptimality_N10,Capacity + Resistance,95.0,10.0,5,0.2649526493375079
Ioptimality_N25,Capacity + Resistance,95.0,25.0,5,1.1242022559757892
Ioptimality_remaining,Capacity + Resistance,95.0,26.0,5,1.286547039070224
Ioptimality_N10,Capacity + Resistance,96.0,10.0,5,0.25711170816595935
Ioptimality_N25,Capacity + Resistance,96.0,25.0,5,1.1353875974466847
Ioptimality_remaining,Capacity + Resistance,96.0,25.0,5,1.1353875974466847
Ioptimality_N10,Capacity + Resistance,97.0,10.0,5,0.2496688314118746
Ioptimality_remaining,Capacity + Resistance,97.0,24.0,5,1.005103929973999
Ioptimality_N10,Capacity + Resistance,98.0,10.0,5,0.24270192983221647
Ioptimality_remaining,Capacity + Resistance,98.0,23.0,5,0.8928559442214481
Ioptimality_N10,Capacity + Resistance,99.0,10.0,5,0.23626375332120433
Ioptimality_remaining,Capacity + Resistance,99.0,22.0,5,0.7956143205572594
Ioptimality_N10,Capacity + Resistance,100.0,10.0,5,0.2307224018941117
Ioptimality_remaining,Capacity + Resistance,100.0,21.0,5,0.7117971410549335
Ioptimality_N10,Capacity + Resistance,101.0,10.0,5,0.22618328794075865
Ioptimality_remaining,Capacity + Resistance,101.0,20.0,5,0.6393712914979401
Ioptimality_N10,Capacity + Resistance,102.0,10.0,5,0.22275075112241388
Ioptimality_remaining,Capacity + Resistance,102.0,19.0,5,0.5766760087839106
Ioptimality_N10,Capacity + Resistance,103.0,10.0,5,0.2205184591820105
Ioptimality_remaining,Capacity + Resistance,103.0,18.0,5,0.5221749635145364
Ioptimality_N10,Capacity + Resistance,104.0,10.0,5,0.21957564765193055
Ioptimality_remaining,Capacity + Resistance,104.0,17.0,5,0.4746159872523026
Ioptimality_N10,Capacity + Resistance,105.0,10.0,5,0.22013052145141102
Ioptimality_remaining,Capacity + Resistance,105.0,16.0,5,0.4330294280715648
Ioptimality_N10,Capacity + Resistance,106.0,10.0,5,0.22253904401382144
Ioptimality_remaining,Capacity + Resistance,106.0,15.0,5,0.3968347641694997
Ioptimality_N10,Capacity + Resistance,107.0,10.0,5,0.22700479808783994
Ioptimality_remaining,Capacity + Resistance,107.0,14.0,5,0.3651533476001069
Ioptimality_N10,Capacity + Resistance,108.0,10.0,5,0.23386173394461168
Ioptimality_remaining,Capacity + Resistance,108.0,13.0,5,0.33741222521376624
Ioptimality_N10,Capacity + Resistance,109.0,10.0,5,0.24338712154409564
Ioptimality_remaining,Capacity + Resistance,109.0,12.0,5,0.31290778875675795
Ioptimality_N10,Capacity + Resistance,110.0,10.0,5,0.25575696662111475
Ioptimality_remaining,Capacity + Resistance,110.0,11.0,5,0.2909850983991454
Ioptimality_N10,Capacity + Resistance,111.0,10.0,5,0.2712577581338904
Ioptimality_remaining,Capacity + Resistance,111.0,10.0,5,0.2712577581338904
Ioptimality_remaining,Capacity + Resistance,112.0,9.0,5,0.25343136261896837
Ioptimality_remaining,Capacity + Resistance,113.0,8.0,5,0.2371903607430981
Ioptimality_remaining,Capacity + Resistance,114.0,7.0,5,0.22230034323227257
Ioptimality_remaining,Capacity + Resistance,115.0,6.0,5,0.2085011679986554
Ioptimality_remaining,Capacity + Resistance,116.0,5.0,5,0.19560620557754235
Ioptimality_remaining,Capacity + Resistance,117.0,4.0,5,0.1834264770254372
Ioptimality_remaining,Capacity + Resistance,118.0,3.0,5,0.17189441031030994
Ioptimality_remaining,Capacity + Resistance,119.0,2.0,5,0.1608962721505415
Ioptimality_remaining,Capacity + Resistance,120.0,1.0,5,0.15046315786404993
Ioptimality_N10,Expansion,1.0,10.0,1,
Ioptimality_N25,Expansion,1.0,25.0,1,
Ioptimality_remaining,Expansion,1.0,120.0,1,
Ioptimality_N10,Expansion,2.0,10.0,2,
Ioptimality_N25,Expansion,2.0,25.0,2,
Ioptimality_remaining,Expansion,2.0,119.0,2,
Ioptimality_N10,Expansion,3.0,10.0,3,
Ioptimality_N25,Expansion,3.0,25.0,3,
Ioptimality_remaining,Expansion,3.0,118.0,3,
Ioptimality_N10,Expansion,4.0,10.0,4,
Ioptimality_N25,Expansion,4.0,25.0,4,
Ioptimality_remaining,Expansion,4.0,117.0,4,
Ioptimality_N10,Expansion,5.0,10.0,5,1421411029.064926
Ioptimality_N25,Expansion,5.0,25.0,5,1402493711.0673308
Ioptimality_remaining,Expansion,5.0,116.0,5,1325612775.0682862
Ioptimality_N10,Expansion,6.0,10.0,5,4695998.995716924
Ioptimality_N25,Expansion,6.0,25.0,5,4653746.515009474
Ioptimality_remaining,Expansion,6.0,115.0,5,7212017.315550207
Ioptimality_N10,Expansion,7.0,10.0,5,4014303.244966293
Ioptimality_N25,Expansion,7.0,25.0,5,3951635.461900757
Ioptimality_remaining,Expansion,7.0,114.0,5,4747392.667926578
Ioptimality_N10,Expansion,8.0,10.0,5,3777918.9823183
Ioptimality_N25,Expansion,8.0,25.0,5,3710315.1704276837
Ioptimality_remaining,Expansion,8.0,113.0,5,3451199.410319551
Ioptimality_N10,Expansion,9.0,10.0,5,3747373.1964388504
Ioptimality_N25,Expansion,9.0,25.0,5,3676446.0314255343
Ioptimality_remaining,Expansion,9.0,112.0,5,3201496.7131831697
Ioptimality_N10,Expansion,10.0,10.0,5,3734296.9436690784
Ioptimality_N25,Expansion,10.0,25.0,5,3662048.126415645
Ioptimality_remaining,Expansion,10.0,111.0,5,3146796.0121746017
Ioptimality_N10,Expansion,11.0,10.0,5,3694181.1965866005
Ioptimality_N25,Expansion,11.0,25.0,5,3621512.0028704447
Ioptimality_remaining,Expansion,11.0,110.0,5,3104199.9106290066
Ioptimality_N10,Expansion,12.0,10.0,5,3680415.02336475
Ioptimality_N25,Expansion,12.0,25.0,5,3606921.3664636207
Ioptimality_remaining,Expansion,12.0,109.0,5,3087593.3262228183
Ioptimality_N10,Expansion,13.0,10.0,5,3600941.572975634
Ioptimality_N25,Expansion,13.0,25.0,5,3527994.7965547955
Ioptimality_remaining,Expansion,13.0,108.0,5,3022251.455117415
Ioptimality_N10,Expansion,14.0,10.0,5,3300213.924771559
Ioptimality_N25,Expansion,14.0,25.0,5,3232358.4813125622
Ioptimality_remaining,Expansion,14.0,107.0,5,2773625.987762929
Ioptimality_N10,Expansion,15.0,10.0,5,2057621.797122638
Ioptimality_N25,Expansion,15.0,25.0,5,2014557.2797837835
Ioptimality_remaining,Expansion,15.0,106.0,5,1734852.0930142063
Ioptimality_N10,Expansion,16.0,10.0,5,864557.2427413978
Ioptimality_N25,Expansion,16.0,25.0,5,846118.2984961261
Ioptimality_remaining,Expansion,16.0,105.0,5,732954.9203629424
Ioptimality_N10,Expansion,17.0,10.0,5,437327.7174018115
Ioptimality_N25,Expansion,17.0,25.0,5,427788.6704964682
Ioptimality_remaining,Expansion,17.0,104.0,5,372955.75650370657
Ioptimality_N10,Expansion,18.0,10.0,5,293524.35029023135
Ioptimality_N25,Expansion,18.0,25.0,5,286952.6843849316
Ioptimality_remaining,Expansion,18.0,103.0,5,251393.68855187017
Ioptimality_N10,Expansion,19.0,10.0,5,226878.0747855723
Ioptimality_N25,Expansion,19.0,25.0,5,221651.12772633322
Ioptimality_remaining,Expansion,19.0,102.0,5,194847.10577182268
Ioptimality_N10,Expansion,20.0,10.0,5,226007.63173664798
Ioptimality_N25,Expansion,20.0,25.0,5,220755.54023370598
Ioptimality_remaining,Expansion,20.0,101.0,5,194245.94495006
Ioptimality_N10,Expansion,21.0,10.0,5,195146.53268612167
Ioptimality_N25,Expansion,21.0,25.0,5,190701.57211392184
Ioptimality_remaining,Expansion,21.0,100.0,5,168206.32312537645
Ioptimality_N10,Expansion,22.0,10.0,5,163174.21559700026
Ioptimality_N25,Expansion,22.0,25.0,5,159560.49516856117
Ioptimality_remaining,Expansion,22.0,99.0,5,141287.14851276498
Ioptimality_N10,Expansion,23.0,10.0,5,126804.77362554436
Ioptimality_N25,Expansion,23.0,25.0,5,124110.99268630156
Ioptimality_remaining,Expansion,23.0,98.0,5,110538.24577690898
Ioptimality_N10,Expansion,24.0,10.0,5,105610.96403060826
Ioptimality_N25,Expansion,24.0,25.0,5,103455.44929471977
Ioptimality_remaining,Expansion,24.0,97.0,5,92696.7805934934
Ioptimality_N10,Expansion,25.0,10.0,5,93559.83763416475
Ioptimality_N25,Expansion,25.0,25.0,5,91714.35983872302
Ioptimality_remaining,Expansion,25.0,96.0,5,82617.45095516102
Ioptimality_N10,Expansion,26.0,10.0,5,87392.32864837993
Ioptimality_N25,Expansion,26.0,25.0,5,85703.44585310307
Ioptimality_remaining,Expansion,26.0,95.0,5,77531.10117830377
Ioptimality_N10,Expansion,27.0,10.0,5,86496.9565161734
Ioptimality_N25,Expansion,27.0,25.0,5,84822.72588390176
Ioptimality_remaining,Expansion,27.0,94.0,5,76906.31065187098
Ioptimality_N10,Expansion,28.0,10.0,5,86041.48448481628
Ioptimality_N25,Expansion,28.0,25.0,5,84349.24005843313
Ioptimality_remaining,Expansion,28.0,93.0,5,76562.1539829905
Ioptimality_N10,Expansion,29.0,10.0,5,83264.67690073463
Ioptimality_N25,Expansion,29.0,25.0,5,81582.3785934739
Ioptimality_remaining,Expansion,29.0,92.0,5,74058.9831316219
Ioptimality_N10,Expansion,30.0,10.0,5,78903.60247440294
Ioptimality_N25,Expansion,30.0,25.0,5,77260.90683079211
Ioptimality_remaining,Expansion,30.0,91.0,5,70112.93252111643
Ioptimality_N10,Expansion,31.0,10.0,5,73504.23038483768
Ioptimality_N25,Expansion,31.0,25.0,5,71925.33282829702
Ioptimality_remaining,Expansion,31.0,90.0,5,65222.14912622229
Ioptimality_N10,Expansion,32.0,10.0,5,67781.07806521162
Ioptimality_N25,Expansion,32.0,25.0,5,66279.75118560997
Ioptimality_remaining,Expansion,32.0,89.0,5,60054.68625166728
Ioptimality_N10,Expansion,33.0,10.0,5,67027.20731364885
Ioptimality_N25,Expansion,33.0,25.0,5,65519.90447971731
Ioptimality_remaining,Expansion,33.0,88.0,5,59411.735679928795
Ioptimality_N10,Expansion,34.0,10.0,5,66165.11179468679
Ioptimality_N25,Expansion,34.0,25.0,5,64678.70816255335
Ioptimality_remaining,Expansion,34.0,87.0,5,58817.508533854125
Ioptimality_N10,Expansion,35.0,10.0,5,63093.424923527906
Ioptimality_N25,Expansion,35.0,25.0,5,61690.34325019779
Ioptimality_remaining,Expansion,35.0,86.0,5,56342.92743496395
Ioptimality_N10,Expansion,36.0,10.0,5,59025.94600795235
Ioptimality_N25,Expansion,36.0,25.0,5,57730.05863048939
Ioptimality_remaining,Expansion,36.0,85.0,5,52969.956897076045
Ioptimality_N10,Expansion,37.0,10.0,5,53398.48393600872
Ioptimality_N25,Expansion,37.0,25.0,5,52244.03506107478
Ioptimality_remaining,Expansion,37.0,84.0,5,48174.12986846046
Ioptimality_N10,Expansion,38.0,10.0,5,48658.50321902609
Ioptimality_N25,Expansion,38.0,25.0,5,47621.773470618704
Ioptimality_remaining,Expansion,38.0,83.0,5,44126.439174174244
Ioptimality_N10,Expansion,39.0,10.0,5,45088.13862261562
Ioptimality_N25,Expansion,39.0,25.0,5,44139.08613242373
Ioptimality_remaining,Expansion,39.0,82.0,5,41087.6539103937
Ioptimality_N10,Expansion,40.0,10.0,5,42096.68086794687
Ioptimality_N25,Expansion,40.0,25.0,5,41218.96790331383
Ioptimality_remaining,Expansion,40.0,81.0,5,38536.075477514416
Ioptimality_N10,Expansion,41.0,10.0,5,39441.26535214857
Ioptimality_N25,Expansion,41.0,25.0,5,38623.452992270744
Ioptimality_remaining,Expansion,41.0,80.0,5,36253.70792854909
Ioptimality_N10,Expansion,42.0,10.0,5,39107.86213248508
Ioptimality_N25,Expansion,42.0,25.0,5,38282.885130886294
Ioptimality_remaining,Expansion,42.0,79.0,5,35970.10972088092
Ioptimality_N10,Expansion,43.0,10.0,5,38825.64989873567
Ioptimality_N25,Expansion,43.0,25.0,5,37997.05120614681
Ioptimality_remaining,Expansion,43.0,78.0,5,35743.36143507659
Ioptimality_N10,Expansion,44.0,10.0,5,38508.69724133452
Ioptimality_N25,Expansion,44.0,25.0,5,37685.97075272963
Ioptimality_remaining,Expansion,44.0,77.0,5,35548.36945487787
Ioptimality_N10,Expansion,45.0,10.0,5,37636.18095227017
Ioptimality_N25,Expansion,45.0,25.0,5,36833.371933116476
Ioptimality_remaining,Expansion,45.0,76.0,5,34851.58364103264
Ioptimality_N10,Expansion,46.0,10.0,5,36043.330906670584
Ioptimality_N25,Expansion,46.0,25.0,5,35274.05625106609
Ioptimality_remaining,Expansion,46.0,75.0,5,33466.965723452595
Ioptimality_N10,Expansion,47.0,10.0,5,33312.26902634434
Ioptimality_N25,Expansion,47.0,25.0,5,32563.23141997787
Ioptimality_remaining,Expansion,47.0,74.0,5,30733.881832238476
Ioptimality_N10,Expansion,48.0,10.0,5,30065.30235838659
Ioptimality_N25,Expansion,48.0,25.0,5,29335.751176868638
Ioptimality_remaining,Expansion,48.0,73.0,5,27427.6804351779
Ioptimality_N10,Expansion,49.0,10.0,5,27942.357890713884
Ioptimality_N25,Expansion,49.0,25.0,5,27229.66119960578
Ioptimality_remaining,Expansion,49.0,72.0,5,25329.773526803325
Ioptimality_N10,Expansion,50.0,10.0,5,26197.17099140242
Ioptimality_N25,Expansion,50.0,25.0,5,25502.124209067595
Ioptimality_remaining,Expansion,50.0,71.0,5,23645.533242032747
Ioptimality_N10,Expansion,51.0,10.0,5,24649.333336910135
Ioptimality_N25,Expansion,51.0,25.0,5,23972.300678670388
Ioptimality_remaining,Expansion,51.0,70.0,5,22176.33270719988
Ioptimality_N10,Expansion,52.0,10.0,5,23100.16485830485
Ioptimality_N25,Expansion,52.0,25.0,5,22443.32041386255
Ioptimality_remaining,Expansion,52.0,69.0,5,20720.48180930385
Ioptimality_N10,Expansion,53.0,10.0,5,21530.311863038736
Ioptimality_N25,Expansion,53.0,25.0,5,20895.013375150884
Ioptimality_remaining,Expansion,53.0,68.0,5,19249.401406661396
Ioptimality_N10,Expansion,54.0,10.0,5,20436.39473274367
Ioptimality_N25,Expansion,54.0,25.0,5,19813.183930685733
Ioptimality_remaining,Expansion,54.0,67.0,5,18226.938923152426
Ioptimality_N10,Expansion,55.0,10.0,5,19493.734541458223
Ioptimality_N25,Expansion,55.0,25.0,5,18880.355560419262
Ioptimality_remaining,Expansion,55.0,66.0,5,17352.577910891676
Ioptimality_N10,Expansion,56.0,10.0,5,18666.958907428056
Ioptimality_N25,Expansion,56.0,25.0,5,18061.531973976333
Ioptimality_remaining,Expansion,56.0,65.0,5,16589.78151585515
Ioptimality_N10,Expansion,57.0,10.0,5,17943.109186958216
Ioptimality_N25,Expansion,57.0,25.0,5,17344.215058256552
Ioptimality_remaining,Expansion,57.0,64.0,5,15924.669660794994
Ioptimality_N10,Expansion,58.0,10.0,5,17335.874762437415
Ioptimality_N25,Expansion,58.0,25.0,5,16741.691307862427
Ioptimality_remaining,Expansion,58.0,63.0,5,15369.213149411478
Ioptimality_N10,Expansion,59.0,10.0,5,16846.904390358162
Ioptimality_N25,Expansion,59.0,25.0,5,16255.312431376691
Ioptimality_remaining,Expansion,59.0,62.0,5,14924.713208899691
Ioptimality_N10,Expansion,60.0,10.0,5,16472.556651477265
Ioptimality_N25,Expansion,60.0,25.0,5,15881.240971647221
Ioptimality_remaining,Expansion,60.0,61.0,5,14588.311878846738
Ioptimality_N10,Expansion,61.0,10.0,5,16213.813874915475
Ioptimality_N25,Expansion,61.0,25.0,5,15620.297047702283
Ioptimality_remaining,Expansion,61.0,60.0,5,14362.45605581537
Ioptimality_N10,Expansion,62.0,10.0,5,15978.478972352072
Ioptimality_N25,Expansion,62.0,25.0,5,15382.255159230726
Ioptimality_remaining,Expansion,62.0,59.0,5,14159.991910677503
Ioptimality_N10,Expansion,63.0,10.0,5,15692.875953251272
Ioptimality_N25,Expansion,63.0,25.0,5,15095.02989919999
Ioptimality_remaining,Expansion,63.0,58.0,5,13910.654187116073
Ioptimality_N10,Expansion,64.0,10.0,5,15576.032506370486
Ioptimality_N25,Expansion,64.0,25.0,5,14973.159010648671
Ioptimality_remaining,Expansion,64.0,57.0,5,13828.027431985085
Ioptimality_N10,Expansion,65.0,10.0,5,15475.235353963359
Ioptimality_N25,Expansion,65.0,25.0,5,14868.966367572211
Ioptimality_remaining,Expansion,65.0,56.0,5,13772.55208262446
Ioptimality_N10,Expansion,66.0,10.0,5,15280.10634855372
Ioptimality_N25,Expansion,66.0,25.0,5,14677.092091334178
Ioptimality_remaining,Expansion,66.0,55.0,5,13647.062854718486
Ioptimality_N10,Expansion,67.0,10.0,5,14355.677025113493
Ioptimality_N25,Expansion,67.0,25.0,5,13792.27662768566
Ioptimality_remaining,Expansion,67.0,54.0,5,12899.228053472449
Ioptimality_N10,Expansion,68.0,10.0,5,12359.143319270435
Ioptimality_N25,Expansion,68.0,25.0,5,11882.766812943832
Ioptimality_remaining,Expansion,68.0,53.0,5,11197.46262055537
Ioptimality_N10,Expansion,69.0,10.0,5,10305.156019006452
Ioptimality_N25,Expansion,69.0,25.0,5,9917.018183638469
Ioptimality_remaining,Expansion,69.0,52.0,5,9419.63865374664
Ioptimality_N10,Expansion,70.0,10.0,5,8670.200804742884
Ioptimality_N25,Expansion,70.0,25.0,5,8351.39178092234
Ioptimality_remaining,Expansion,70.0,51.0,5,7993.57948623011
Ioptimality_N10,Expansion,71.0,10.0,5,7488.352347070062
Ioptimality_N25,Expansion,71.0,25.0,5,7219.125003251176
Ioptimality_remaining,Expansion,71.0,50.0,5,6958.828039922765
Ioptimality_N10,Expansion,72.0,10.0,5,6682.506935347116
Ioptimality_N25,Expansion,72.0,25.0,5,6446.484656032987
Ioptimality_remaining,Expansion,72.0,49.0,5,6253.501616414259
Ioptimality_N10,Expansion,73.0,10.0,5,6152.44293429202
Ioptimality_N25,Expansion,73.0,25.0,5,5937.715868286786
Ioptimality_remaining,Expansion,73.0,48.0,5,5792.21539986915
Ioptimality_N10,Expansion,74.0,10.0,5,5777.260329988612
Ioptimality_N25,Expansion,74.0,25.0,5,5577.091896026116
Ioptimality_remaining,Expansion,74.0,47.0,5,5467.961276296759
Ioptimality_N10,Expansion,75.0,10.0,5,5561.179575790438
Ioptimality_N25,Expansion,75.0,25.0,5,5368.9486567257345
Ioptimality_remaining,Expansion,75.0,46.0,5,5287.240738381246
Ioptimality_N10,Expansion,76.0,10.0,5,5486.252902767548
Ioptimality_N25,Expansion,76.0,25.0,5,5295.890641189539
Ioptimality_remaining,Expansion,76.0,45.0,5,5234.961167171468
Ioptimality_N10,Expansion,77.0,10.0,5,5446.51298639784
Ioptimality_N25,Expansion,77.0,25.0,5,5255.169211286714
Ioptimality_remaining,Expansion,77.0,44.0,5,5210.365905718463
Ioptimality_N10,Expansion,78.0,10.0,5,4550.263820534086
Ioptimality_N25,Expansion,78.0,25.0,5,4384.870218284434
Ioptimality_remaining,Expansion,78.0,43.0,5,4353.567327007496
Ioptimality_N10,Expansion,79.0,10.0,5,2976.7578618198995
Ioptimality_N25,Expansion,79.0,25.0,5,2862.9988613114565
Ioptimality_remaining,Expansion,79.0,42.0,5,2843.624467428385
Ioptimality_N10,Expansion,80.0,10.0,5,2402.6629822316236
Ioptimality_N25,Expansion,80.0,25.0,5,2307.1813910560827
Ioptimality_remaining,Expansion,80.0,41.0,5,2294.733955432972
Ioptimality_N10,Expansion,81.0,10.0,5,2370.738368588024
Ioptimality_N25,Expansion,81.0,25.0,5,2275.32626989093
Ioptimality_remaining,Expansion,81.0,40.0,5,2270.4207219960076
Ioptimality_N10,Expansion,82.0,10.0,5,2287.1187622085376
Ioptimality_N25,Expansion,82.0,25.0,5,2195.8607719288157
Ioptimality_remaining,Expansion,82.0,39.0,5,2200.3904551759674
Ioptimality_N10,Expansion,83.0,10.0,5,2002.5063742853465
Ioptimality_N25,Expansion,83.0,25.0,5,1924.6575270399085
Ioptimality_remaining,Expansion,83.0,38.0,5,1937.4897314013215
Ioptimality_N10,Expansion,84.0,10.0,5,1617.9267800781658
Ioptimality_N25,Expansion,84.0,25.0,5,1557.6651092457043
Ioptimality_remaining,Expansion,84.0,37.0,5,1575.1635512756027
Ioptimality_N10,Expansion,85.0,10.0,5,1139.5959017498135
Ioptimality_N25,Expansion,85.0,25.0,5,1100.0051604003147
Ioptimality_remaining,Expansion,85.0,36.0,5,1117.3119647021088
Ioptimality_N10,Expansion,86.0,10.0,5,778.0051169170526
Ioptimality_N25,Expansion,86.0,25.0,5,753.480630050553
Ioptimality_remaining,Expansion,86.0,35.0,5,768.3746103322947
Ioptimality_N10,Expansion,87.0,10.0,5,547.8427347076612
Ioptimality_N25,Expansion,87.0,25.0,5,532.6589442136793
Ioptimality_remaining,Expansion,87.0,34.0,5,544.9477226429448
Ioptimality_N10,Expansion,88.0,10.0,5,480.05435188060164
Ioptimality_N25,Expansion,88.0,25.0,5,468.5082152619117
Ioptimality_remaining,Expansion,88.0,33.0,5,480.33297784695964
Ioptimality_N10,Expansion,89.0,10.0,5,475.28134771627475
Ioptimality_N25,Expansion,89.0,25.0,5,465.368419986292
Ioptimality_remaining,Expansion,89.0,32.0,5,477.61127806410485
Ioptimality_N10,Expansion,90.0,10.0,5,471.4753976905555
Ioptimality_N25,Expansion,90.0,25.0,5,463.2958553601945
Ioptimality_remaining,Expansion,90.0,31.0,5,475.5865276198128
Ioptimality_N10,Expansion,91.0,10.0,5,398.67521315336387
Ioptimality_N25,Expansion,91.0,25.0,5,393.179779104238
Ioptimality_remaining,Expansion,91.0,30.0,5,403.31215942895443
Ioptimality_N10,Expansion,92.0,10.0,5,295.07779027027016
Ioptimality_N25,Expansion,92.0,25.0,5,292.34562112083574
Ioptimality_remaining,Expansion,92.0,29.0,5,299.35191659687365
Ioptimality_N10,Expansion,93.0,10.0,5,201.76802696001803
Ioptimality_N25,Expansion,93.0,25.0,5,201.08444824166102
Ioptimality_remaining,Expansion,93.0,28.0,5,205.2753010051218
Ioptimality_N10,Expansion,94.0,10.0,5,129.54262458882428
Ioptimality_N25,Expansion,94.0,25.0,5,130.08022182965843
Ioptimality_remaining,Expansion,94.0,27.0,5,132.1687913577746
Ioptimality_N10,Expansion,95.0,10.0,5,82.31344356418478
Ioptimality_N25,Expansion,95.0,25.0,5,83.45582937197534
Ioptimality_remaining,Expansion,95.0,26.0,5,84.22578214437941
Ioptimality_N10,Expansion,96.0,10.0,5,51.444064110657834
Ioptimality_N25,Expansion,96.0,25.0,5,52.792444628812085
Ioptimality_remaining,Expansion,96.0,25.0,5,52.792444628812085
Ioptimality_N10,Expansion,97.0,10.0,5,31.251325933368697
Ioptimality_remaining,Expansion,97.0,24.0,5,32.15744091532875
Ioptimality_N10,Expansion,98.0,10.0,5,18.54223471893523
Ioptimality_remaining,Expansion,98.0,23.0,5,19.125143273599356
Ioptimality_N10,Expansion,99.0,10.0,5,10.81941716457756
Ioptimality_remaining,Expansion,99.0,22.0,5,11.177355551551875
Ioptimality_N10,Expansion,100.0,10.0,5,6.367388155399199
Ioptimality_remaining,Expansion,100.0,21.0,5,6.578813826515914
Ioptimality_N10,Expansion,101.0,10.0,5,3.884519375154619
Ioptimality_remaining,Expansion,101.0,20.0,5,4.00405297624869
Ioptimality_N10,Expansion,102.0,10.0,5,2.5749163709600587
Ioptimality_remaining,Expansion,102.0,19.0,5,2.640461445396287
Ioptimality_N10,Expansion,103.0,10.0,5,1.905508404340362
Ioptimality_remaining,Expansion,103.0,18.0,5,1.940550870636208
Ioptimality_N10,Expansion,104.0,10.0,5,1.5728829219894784
Ioptimality_remaining,Expansion,104.0,17.0,5,1.5912988041810023
Ioptimality_N10,Expansion,105.0,10.0,5,1.4180713024384581
Ioptimality_remaining,Expansion,105.0,16.0,5,1.4278859281872278
Ioptimality_N10,Expansion,106.0,10.0,5,1.3534963812789156
Ioptimality_remaining,Expansion,106.0,15.0,5,1.3592383555644736
Ioptimality_N10,Expansion,107.0,10.0,5,1.3300600329977847
Ioptimality_remaining,Expansion,107.0,14.0,5,1.3340406564824525
Ioptimality_N10,Expansion,108.0,10.0,5,1.3237466362252903
Ioptimality_remaining,Expansion,108.0,13.0,5,1.326902694520966
Ioptimality_N10,Expansion,109.0,10.0,5,1.3224502921050605
Ioptimality_remaining,Expansion,109.0,12.0,5,1.3250080645574032
Ioptimality_N10,Expansion,110.0,10.0,5,1.322219232407219
Ioptimality_remaining,Expansion,110.0,11.0,5,1.3238958034048238
Ioptimality_N10,Expansion,111.0,10.0,5,1.3223951947645536
Ioptimality_remaining,Expansion,111.0,10.0,5,1.3223951947645536
Ioptimality_remaining,Expansion,112.0,9.0,5,1.320604442883717
Ioptimality_remaining,Expansion,113.0,8.0,5,1.3189773015029298
Ioptimality_remaining,Expansion,114.0,7.0,5,1.318688790503199
Ioptimality_remaining,Expansion,115.0,6.0,5,1.3197053033111794
Ioptimality_remaining,Expansion,116.0,5.0,5,1.3201937430185287
Ioptimality_remaining,Expansion,117.0,4.0,5,1.3160377943588222
Ioptimality_remaining,Expansion,118.0,3.0,5,1.2925851548814922
Ioptimality_remaining,Expansion,119.0,2.0,5,1.2302799839978582
Ioptimality_remaining,Expansion,120.0,1.0,5,1.0917111145861293
Ioptimality_N10,Resistance + Expansion,1.0,10.0,2,
Ioptimality_N25,Resistance + Expansion,1.0,25.0,2,
Ioptimality_remaining,Resistance + Expansion,1.0,120.0,2,
Ioptimality_N10,Resistance + Expansion,2.0,10.0,4,
Ioptimality_N25,Resistance + Expansion,2.0,25.0,4,
Ioptimality_remaining,Resistance + Expansion,2.0,119.0,4,
Ioptimality_N10,Resistance + Expansion,3.0,10.0,5,4164502.9128339114
Ioptimality_N25,Resistance + Expansion,3.0,25.0,5,4137738.0441699624
Ioptimality_remaining,Resistance + Expansion,3.0,118.0,5,4088119.4367421754
Ioptimality_N10,Resistance + Expansion,4.0,10.0,5,2329521.2940619253
Ioptimality_N25,Resistance + Expansion,4.0,25.0,5,2314815.0559730357
Ioptimality_remaining,Resistance + Expansion,4.0,117.0,5,2294802.292555614
Ioptimality_N10,Resistance + Expansion,5.0,10.0,5,1601855.3673358974
Ioptimality_N25,Resistance + Expansion,5.0,25.0,5,1591830.603431299
Ioptimality_remaining,Resistance + Expansion,5.0,116.0,5,1580812.4414165998
Ioptimality_N10,Resistance + Expansion,6.0,10.0,5,192162.6618929035
Ioptimality_N25,Resistance + Expansion,6.0,25.0,5,191029.56677863654
Ioptimality_remaining,Resistance + Expansion,6.0,115.0,5,196120.8355282584
Ioptimality_N10,Resistance + Expansion,7.0,10.0,5,36209.53046236577
Ioptimality_N25,Resistance + Expansion,7.0,25.0,5,36021.44848504001
Ioptimality_remaining,Resistance + Expansion,7.0,114.0,5,39897.27292052685
Ioptimality_N10,Resistance + Expansion,8.0,10.0,5,31948.5277557617
Ioptimality_N25,Resistance + Expansion,8.0,25.0,5,31783.48893211251
Ioptimality_remaining,Resistance + Expansion,8.0,113.0,5,34772.54739675996
Ioptimality_N10,Resistance + Expansion,9.0,10.0,5,31540.663635018638
Ioptimality_N25,Resistance + Expansion,9.0,25.0,5,31371.405718939826
Ioptimality_remaining,Resistance + Expansion,9.0,112.0,5,33599.32478749284
Ioptimality_N10,Resistance + Expansion,10.0,10.0,5,30105.451907142833
Ioptimality_N25,Resistance + Expansion,10.0,25.0,5,29934.701096037366
Ioptimality_remaining,Resistance + Expansion,10.0,111.0,5,31476.610979540383
Ioptimality_N10,Resistance + Expansion,11.0,10.0,5,27742.45657701413
Ioptimality_N25,Resistance + Expansion,11.0,25.0,5,27575.551885196237
Ioptimality_remaining,Resistance + Expansion,11.0,110.0,5,28578.507829956845
Ioptimality_N10,Resistance + Expansion,12.0,10.0,5,24788.015700777014
Ioptimality_N25,Resistance + Expansion,12.0,25.0,5,24630.367055791216
Ioptimality_remaining,Resistance + Expansion,12.0,109.0,5,25238.386470813515
Ioptimality_N10,Resistance + Expansion,13.0,10.0,5,22269.446347256548
Ioptimality_N25,Resistance + Expansion,13.0,25.0,5,22120.931588653686
Ioptimality_remaining,Resistance + Expansion,13.0,108.0,5,22476.037977309144
Ioptimality_N10,Resistance + Expansion,14.0,10.0,5,20373.968313496487
Ioptimality_N25,Resistance + Expansion,14.0,25.0,5,20232.21818797367
Ioptimality_remaining,Resistance + Expansion,14.0,107.0,5,20428.068181723593
Ioptimality_N10,Resistance + Expansion,15.0,10.0,5,19210.161724671245
Ioptimality_N25,Resistance + Expansion,15.0,25.0,5,19071.75330037837
Ioptimality_remaining,Resistance + Expansion,15.0,106.0,5,19170.795459000205
Ioptimality_N10,Resistance + Expansion,16.0,10.0,5,18624.78060395216
Ioptimality_N25,Resistance + Expansion,16.0,25.0,5,18487.85588914772
Ioptimality_remaining,Resistance + Expansion,16.0,105.0,5,18530.230485130796
Ioptimality_N10,Resistance + Expansion,17.0,10.0,5,18389.924265953774
Ioptimality_N25,Resistance + Expansion,17.0,25.0,5,18253.481570353477
Ioptimality_remaining,Resistance + Expansion,17.0,104.0,5,18264.664114741758
Ioptimality_N10,Resistance + Expansion,18.0,10.0,5,18317.519139658125
Ioptimality_N25,Resistance + Expansion,18.0,25.0,5,18181.501171406704
Ioptimality_remaining,Resistance + Expansion,18.0,103.0,5,18177.389741925457
Ioptimality_N10,Resistance + Expansion,19.0,10.0,5,18298.161277087413
Ioptimality_N25,Resistance + Expansion,19.0,25.0,5,18162.615150720907
Ioptimality_remaining,Resistance + Expansion,19.0,102.0,5,18156.0605356334
Ioptimality_N10,Resistance + Expansion,20.0,10.0,5,18261.366939247928
Ioptimality_N25,Resistance + Expansion,20.0,25.0,5,18126.305433902067
Ioptimality_remaining,Resistance + Expansion,20.0,101.0,5,18114.22857889956
Ioptimality_N10,Resistance + Expansion,21.0,10.0,5,18166.61735899976
Ioptimality_N25,Resistance + Expansion,21.0,25.0,5,18032.376866643466
Ioptimality_remaining,Resistance + Expansion,21.0,100.0,5,18012.137485474508
Ioptimality_N10,Resistance + Expansion,22.0,10.0,5,18096.193128977007
Ioptimality_N25,Resistance + Expansion,22.0,25.0,5,17962.668368033752
Ioptimality_remaining,Resistance + Expansion,22.0,99.0,5,17937.92653022518
Ioptimality_N10,Resistance + Expansion,23.0,10.0,5,17995.534454418954
Ioptimality_N25,Resistance + Expansion,23.0,25.0,5,17862.978199287514
Ioptimality_remaining,Resistance + Expansion,23.0,98.0,5,17833.742153345003
Ioptimality_N10,Resistance + Expansion,24.0,10.0,5,17920.55879164231
Ioptimality_N25,Resistance + Expansion,24.0,25.0,5,17788.79997808266
Ioptimality_remaining,Resistance + Expansion,24.0,97.0,5,17758.861141024114
Ioptimality_N10,Resistance + Expansion,25.0,10.0,5,17828.844526836438
Ioptimality_N25,Resistance + Expansion,25.0,25.0,5,17698.22107135777
Ioptimality_remaining,Resistance + Expansion,25.0,96.0,5,17669.518483396518
Ioptimality_N10,Resistance + Expansion,26.0,10.0,5,17607.2208207945
Ioptimality_N25,Resistance + Expansion,26.0,25.0,5,17477.318048895813
Ioptimality_remaining,Resistance + Expansion,26.0,95.0,5,17449.996190592436
Ioptimality_N10,Resistance + Expansion,27.0,10.0,5,17124.125605816454
Ioptimality_N25,Resistance + Expansion,27.0,25.0,5,16995.399169810815
Ioptimality_remaining,Resistance + Expansion,27.0,94.0,5,16974.42468292518
Ioptimality_N10,Resistance + Expansion,28.0,10.0,5,16261.151090049967
Ioptimality_N25,Resistance + Expansion,28.0,25.0,5,16135.538806669008
Ioptimality_remaining,Resistance + Expansion,28.0,93.0,5,16125.943798271977
Ioptimality_N10,Resistance + Expansion,29.0,10.0,5,14888.001305955102
Ioptimality_N25,Resistance + Expansion,29.0,25.0,5,14770.018697139749
Ioptimality_remaining,Resistance + Expansion,29.0,92.0,5,14777.328030602386
Ioptimality_N10,Resistance + Expansion,30.0,10.0,5,13215.045522415905
Ioptimality_N25,Resistance + Expansion,30.0,25.0,5,13108.389662898006
Ioptimality_remaining,Resistance + Expansion,30.0,91.0,5,13133.053681793033
Ioptimality_N10,Resistance + Expansion,31.0,10.0,5,11366.809281241633
Ioptimality_N25,Resistance + Expansion,31.0,25.0,5,11274.286354774242
Ioptimality_remaining,Resistance + Expansion,31.0,90.0,5,11314.206990943763
Ioptimality_N10,Resistance + Expansion,32.0,10.0,5,9611.090482576103
Ioptimality_N25,Resistance + Expansion,32.0,25.0,5,9532.880512093636
Ioptimality_remaining,Resistance + Expansion,32.0,89.0,5,9583.927697016066
Ioptimality_N10,Resistance + Expansion,33.0,10.0,5,8257.904496074838
Ioptimality_N25,Resistance + Expansion,33.0,25.0,5,8190.954536367708
Ioptimality_remaining,Resistance + Expansion,33.0,88.0,5,8248.548990539062
Ioptimality_N10,Resistance + Expansion,34.0,10.0,5,7219.084360350423
Ioptimality_N25,Resistance + Expansion,34.0,25.0,5,7160.925738082438
Ioptimality_remaining,Resistance + Expansion,34.0,87.0,5,7221.930177323898
Ioptimality_N10,Resistance + Expansion,35.0,10.0,5,6349.629935676485
Ioptimality_N25,Resistance + Expansion,35.0,25.0,5,6298.6659536019015
Ioptimality_remaining,Resistance + Expansion,35.0,86.0,5,6360.742839205506
Ioptimality_N10,Resistance + Expansion,36.0,10.0,5,5616.2899423765975
Ioptimality_N25,Resistance + Expansion,36.0,25.0,5,5571.424256904868
Ioptimality_remaining,Resistance + Expansion,36.0,85.0,5,5633.3847002793
Ioptimality_N10,Resistance + Expansion,37.0,10.0,5,5020.351296858992
Ioptimality_N25,Resistance + Expansion,37.0,25.0,5,4980.441832031559
Ioptimality_remaining,Resistance + Expansion,37.0,84.0,5,5041.4607849053655
Ioptimality_N10,Resistance + Expansion,38.0,10.0,5,4477.7196434420275
Ioptimality_N25,Resistance + Expansion,38.0,25.0,5,4442.174553539855
Ioptimality_remaining,Resistance + Expansion,38.0,83.0,5,4501.82600146514
Ioptimality_N10,Resistance + Expansion,39.0,10.0,5,3967.91280958006
Ioptimality_N25,Resistance + Expansion,39.0,25.0,5,3936.3249976562465
Ioptimality_remaining,Resistance + Expansion,39.0,82.0,5,3994.0406973476966
Ioptimality_N10,Resistance + Expansion,40.0,10.0,5,3498.032157432157
Ioptimality_N25,Resistance + Expansion,40.0,25.0,5,3469.9974574856487
Ioptimality_remaining,Resistance + Expansion,40.0,81.0,5,3525.0944307996
Ioptimality_N10,Resistance + Expansion,41.0,10.0,5,3073.562440619179
Ioptimality_N25,Resistance + Expansion,41.0,25.0,5,3048.6340653612174
Ioptimality_remaining,Resistance + Expansion,41.0,80.0,5,3100.5674184765035
Ioptimality_N10,Resistance + Expansion,42.0,10.0,5,2587.288033188295
Ioptimality_N25,Resistance + Expansion,42.0,25.0,5,2566.0904145378986
Ioptimality_remaining,Resistance + Expansion,42.0,79.0,5,2614.1090811280433
Ioptimality_N10,Resistance + Expansion,43.0,10.0,5,2129.6233802234865
Ioptimality_N25,Resistance + Expansion,43.0,25.0,5,2112.1219976091465
Ioptimality_remaining,Resistance + Expansion,43.0,78.0,5,2155.889365900274
Ioptimality_N10,Resistance + Expansion,44.0,10.0,5,1812.6206732749658
Ioptimality_N25,Resistance + Expansion,44.0,25.0,5,1797.7140385574498
Ioptimality_remaining,Resistance + Expansion,44.0,77.0,5,1838.096132080144
Ioptimality_N10,Resistance + Expansion,45.0,10.0,5,1578.3972897701574
Ioptimality_N25,Resistance + Expansion,45.0,25.0,5,1565.4393671859302
Ioptimality_remaining,Resistance + Expansion,45.0,76.0,5,1602.9908787912784
Ioptimality_N10,Resistance + Expansion,46.0,10.0,5,1395.5706035959427
Ioptimality_N25,Resistance + Expansion,46.0,25.0,5,1384.1633010560752
Ioptimality_remaining,Resistance + Expansion,46.0,75.0,5,1419.2392705554216
Ioptimality_N10,Resistance + Expansion,47.0,10.0,5,1273.6370368019393
Ioptimality_N25,Resistance + Expansion,47.0,25.0,5,1263.2564506570243
Ioptimality_remaining,Resistance + Expansion,47.0,74.0,5,1295.9054905836983
Ioptimality_N10,Resistance + Expansion,48.0,10.0,5,1161.6919546825868
Ioptimality_N25,Resistance + Expansion,48.0,25.0,5,1152.2239872912883
Ioptimality_remaining,Resistance + Expansion,48.0,73.0,5,1182.036682128202
Ioptimality_N10,Resistance + Expansion,49.0,10.0,5,1065.4415067018913
Ioptimality_N25,Resistance + Expansion,49.0,25.0,5,1056.7599141818362
Ioptimality_remaining,Resistance + Expansion,49.0,72.0,5,1084.3251603064455
Ioptimality_N10,Resistance + Expansion,50.0,10.0,5,980.3061975969935
Ioptimality_N25,Resistance + Expansion,50.0,25.0,5,972.3244520037001
Ioptimality_remaining,Resistance + Expansion,50.0,71.0,5,998.025718199197
Ioptimality_N10,Resistance + Expansion,51.0,10.0,5,903.6405101040102
Ioptimality_N25,Resistance + Expansion,51.0,25.0,5,896.2813919301319
Ioptimality_remaining,Resistance + Expansion,51.0,70.0,5,920.3796230825571
Ioptimality_N10,Resistance + Expansion,52.0,10.0,5,832.4329809560686
Ioptimality_N25,Resistance + Expansion,52.0,25.0,5,825.6104428662821
Ioptimality_remaining,Resistance + Expansion,52.0,69.0,5,848.210611042456
Ioptimality_N10,Resistance + Expansion,53.0,10.0,5,765.5003319549116
Ioptimality_N25,Resistance + Expansion,53.0,25.0,5,759.1883707666461
Ioptimality_remaining,Resistance + Expansion,53.0,68.0,5,780.3024916849076
Ioptimality_N10,Resistance + Expansion,54.0,10.0,5,704.0710853021831
Ioptimality_N25,Resistance + Expansion,54.0,25.0,5,698.2527565594182
Ioptimality_remaining,Resistance + Expansion,54.0,67.0,5,718.0015177904722
Ioptimality_N10,Resistance + Expansion,55.0,10.0,5,648.2677118150125
Ioptimality_N25,Resistance + Expansion,55.0,25.0,5,642.882127687398
Ioptimality_remaining,Resistance + Expansion,55.0,66.0,5,661.4167583094744
Ioptimality_N10,Resistance + Expansion,56.0,10.0,5,597.353052620259
Ioptimality_N25,Resistance + Expansion,56.0,25.0,5,592.3449179071224
Ioptimality_remaining,Resistance + Expansion,56.0,65.0,5,609.779908124231
Ioptimality_N10,Resistance + Expansion,57.0,10.0,5,550.6869105747298
Ioptimality_N25,Resistance + Expansion,57.0,25.0,5,546.0393335602071
Ioptimality_remaining,Resistance + Expansion,57.0,64.0,5,562.4448190137954
Ioptimality_N10,Resistance + Expansion,58.0,10.0,5,508.0574961462054
Ioptimality_N25,Resistance + Expansion,58.0,25.0,5,503.76390242630293
Ioptimality_remaining,Resistance + Expansion,58.0,63.0,5,519.2046902053543
Ioptimality_N10,Resistance + Expansion,59.0,10.0,5,469.02964694270594
Ioptimality_N25,Resistance + Expansion,59.0,25.0,5,465.08358911314144
Ioptimality_remaining,Resistance + Expansion,59.0,62.0,5,479.6129818836245
Ioptimality_N10,Resistance + Expansion,60.0,10.0,5,433.17387356315993
Ioptimality_N25,Resistance + Expansion,60.0,25.0,5,429.5589778331027
Ioptimality_remaining,Resistance + Expansion,60.0,61.0,5,443.22574603105966
Ioptimality_N10,Resistance + Expansion,61.0,10.0,5,400.16449889799884
Ioptimality_N25,Resistance + Expansion,61.0,25.0,5,396.86001591872287
Ioptimality_remaining,Resistance + Expansion,61.0,60.0,5,409.71356092401896
Ioptimality_N10,Resistance + Expansion,62.0,10.0,5,369.4845184219546
Ioptimality_N25,Resistance + Expansion,62.0,25.0,5,366.4783253362113
Ioptimality_remaining,Resistance + Expansion,62.0,59.0,5,378.558834563707
Ioptimality_N10,Resistance + Expansion,63.0,10.0,5,340.6026653257886
Ioptimality_N25,Resistance + Expansion,63.0,25.0,5,337.87707320359414
Ioptimality_remaining,Resistance + Expansion,63.0,58.0,5,349.2024464668383
Ioptimality_N10,Resistance + Expansion,64.0,10.0,5,313.3647509242087
Ioptimality_N25,Resistance + Expansion,64.0,25.0,5,310.89057426335467
Ioptimality_remaining,Resistance + Expansion,64.0,57.0,5,321.4713787140395
Ioptimality_N10,Resistance + Expansion,65.0,10.0,5,287.8797958357523
Ioptimality_N25,Resistance + Expansion,65.0,25.0,5,285.6365241924673
Ioptimality_remaining,Resistance + Expansion,65.0,56.0,5,295.4917773243466
Ioptimality_N10,Resistance + Expansion,66.0,10.0,5,263.8263571900097
Ioptimality_N25,Resistance + Expansion,66.0,25.0,5,261.8040170871291
Ioptimality_remaining,Resistance + Expansion,66.0,55.0,5,270.9398567985062
Ioptimality_N10,Resistance + Expansion,67.0,10.0,5,241.67181804508013
Ioptimality_N25,Resistance + Expansion,67.0,25.0,5,239.85888536722385
Ioptimality_remaining,Resistance + Expansion,67.0,54.0,5,248.3128466063165
Ioptimality_N10,Resistance + Expansion,68.0,10.0,5,221.36225310465534
Ioptimality_N25,Resistance + Expansion,68.0,25.0,5,219.74387610792513
Ioptimality_remaining,Resistance + Expansion,68.0,53.0,5,227.55763631783145
Ioptimality_N10,Resistance + Expansion,69.0,10.0,5,202.44598695600797
Ioptimality_N25,Resistance + Expansion,69.0,25.0,5,201.006143640241
Ioptimality_remaining,Resistance + Expansion,69.0,52.0,5,208.21232337322812
Ioptimality_N10,Resistance + Expansion,70.0,10.0,5,184.70155898508918
Ioptimality_N25,Resistance + Expansion,70.0,25.0,5,183.43566029535867
Ioptimality_remaining,Resistance + Expansion,70.0,51.0,5,190.06067951506185
Ioptimality_N10,Resistance + Expansion,71.0,10.0,5,167.96568129974352
Ioptimality_N25,Resistance + Expansion,71.0,25.0,5,166.8719375905614
Ioptimality_remaining,Resistance + Expansion,71.0,50.0,5,172.93471752670274
Ioptimality_N10,Resistance + Expansion,72.0,10.0,5,151.99240251796235
Ioptimality_N25,Resistance + Expansion,72.0,25.0,5,151.0532792972711
Ioptimality_remaining,Resistance + Expansion,72.0,49.0,5,156.56238361411548
Ioptimality_N10,Resistance + Expansion,73.0,10.0,5,136.77016883933257
Ioptimality_N25,Resistance + Expansion,73.0,25.0,5,135.9673129304017
Ioptimality_remaining,Resistance + Expansion,73.0,48.0,5,140.93283131881742
Ioptimality_N10,Resistance + Expansion,74.0,10.0,5,122.41694216091996
Ioptimality_N25,Resistance + Expansion,74.0,25.0,5,121.73510755429498
Ioptimality_remaining,Resistance + Expansion,74.0,47.0,5,126.17688716413173
Ioptimality_N10,Resistance + Expansion,75.0,10.0,5,108.8682591417396
Ioptimality_N25,Resistance + Expansion,75.0,25.0,5,108.30087214886204
Ioptimality_remaining,Resistance + Expansion,75.0,46.0,5,112.23562829502696
Ioptimality_N10,Resistance + Expansion,76.0,10.0,5,95.86628921018158
Ioptimality_N25,Resistance + Expansion,76.0,25.0,5,95.40670390088454
Ioptimality_remaining,Resistance + Expansion,76.0,45.0,5,98.8468842220172
Ioptimality_N10,Resistance + Expansion,77.0,10.0,5,83.31346689810125
Ioptimality_N25,Resistance + Expansion,77.0,25.0,5,82.95527334956128
Ioptimality_remaining,Resistance + Expansion,77.0,44.0,5,85.91402372229344
Ioptimality_N10,Resistance + Expansion,78.0,10.0,5,70.08944494521337
Ioptimality_N25,Resistance + Expansion,78.0,25.0,5,69.82653621499638
Ioptimality_remaining,Resistance + Expansion,78.0,43.0,5,72.27336823587652
Ioptimality_N10,Resistance + Expansion,79.0,10.0,5,57.2193698951756
Ioptimality_N25,Resistance + Expansion,79.0,25.0,5,57.037007809924404
Ioptimality_remaining,Resistance + Expansion,79.0,42.0,5,58.986463479975725
Ioptimality_N10,Resistance + Expansion,80.0,10.0,5,47.174813493306225
Ioptimality_N25,Resistance + Expansion,80.0,25.0,5,47.050867065453005
Ioptimality_remaining,Resistance + Expansion,80.0,41.0,5,48.61418201679289
Ioptimality_N10,Resistance + Expansion,81.0,10.0,5,39.98941697083093
Ioptimality_N25,Resistance + Expansion,81.0,25.0,5,39.905525923591405
Ioptimality_remaining,Resistance + Expansion,81.0,40.0,5,41.193573264187066
Ioptimality_N10,Resistance + Expansion,82.0,10.0,5,34.50812463049726
Ioptimality_N25,Resistance + Expansion,82.0,25.0,5,34.456114152725306
Ioptimality_remaining,Resistance + Expansion,82.0,39.0,5,35.53384133127208
Ioptimality_N10,Resistance + Expansion,83.0,10.0,5,30.088691419856627
Ioptimality_N25,Resistance + Expansion,83.0,25.0,5,30.0620038510159
Ioptimality_remaining,Resistance + Expansion,83.0,38.0,5,30.97161238367508
Ioptimality_N10,Resistance + Expansion,84.0,10.0,5,26.39552383182893
Ioptimality_N25,Resistance + Expansion,84.0,25.0,5,26.39236648135812
Ioptimality_remaining,Resistance + Expansion,84.0,37.0,5,27.162467059139953
Ioptimality_N10,Resistance + Expansion,85.0,10.0,5,23.339864814558943
Ioptimality_N25,Resistance + Expansion,85.0,25.0,5,23.358826079690743
Ioptimality_remaining,Resistance + Expansion,85.0,36.0,5,24.013731830813903
Ioptimality_N10,Resistance + Expansion,86.0,10.0,5,20.758888369321383
Ioptimality_N25,Resistance + Expansion,86.0,25.0,5,20.79766569779786
Ioptimality_remaining,Resistance + Expansion,86.0,35.0,5,21.35505318584799
Ioptimality_N10,Resistance + Expansion,87.0,10.0,5,18.52204330500189
Ioptimality_N25,Resistance + Expansion,87.0,25.0,5,18.577917694755616
Ioptimality_remaining,Resistance + Expansion,87.0,34.0,5,19.050421125626933
Ioptimality_N10,Resistance + Expansion,88.0,10.0,5,15.778735371830024
Ioptimality_N25,Resistance + Expansion,88.0,25.0,5,15.845100166495328
Ioptimality_remaining,Resistance + Expansion,88.0,33.0,5,16.221036629832827
Ioptimality_N10,Resistance + Expansion,89.0,10.0,5,13.155629898571368
Ioptimality_N25,Resistance + Expansion,89.0,25.0,5,13.227872879488505
Ioptimality_remaining,Resistance + Expansion,89.0,32.0,5,13.515844848870023
Ioptimality_N10,Resistance + Expansion,90.0,10.0,5,10.846879095477153
Ioptimality_N25,Resistance + Expansion,90.0,25.0,5,10.92090782432985
Ioptimality_remaining,Resistance + Expansion,90.0,31.0,5,11.13468672916395
Ioptimality_N10,Resistance + Expansion,91.0,10.0,5,8.795646571645364
Ioptimality_N25,Resistance + Expansion,91.0,25.0,5,8.868819461505058
Ioptimality_remaining,Resistance + Expansion,91.0,30.0,5,9.020542071548713
Ioptimality_N10,Resistance + Expansion,92.0,10.0,5,7.227152765615242
Ioptimality_N25,Resistance + Expansion,92.0,25.0,5,7.3003884780810235
Ioptimality_remaining,Resistance + Expansion,92.0,29.0,5,7.40538816776959
Ioptimality_N10,Resistance + Expansion,93.0,10.0,5,6.019062913389526
Ioptimality_N25,Resistance + Expansion,93.0,25.0,5,6.0929684617453
Ioptimality_remaining,Resistance + Expansion,93.0,28.0,5,6.162164935143669
Ioptimality_N10,Resistance + Expansion,94.0,10.0,5,5.061314317455917
Ioptimality_N25,Resistance + Expansion,94.0,25.0,5,5.135810037246268
Ioptimality_remaining,Resistance + Expansion,94.0,27.0,5,5.176850803010263
Ioptimality_N10,Resistance + Expansion,95.0,10.0,5,4.305492584785595
Ioptimality_N25,Resistance + Expansion,95.0,25.0,5,4.380962008173978
Ioptimality_remaining,Resistance + Expansion,95.0,26.0,5,4.399512555281456
Ioptimality_N10,Resistance + Expansion,96.0,10.0,5,3.697226436727494
Ioptimality_N25,Resistance + Expansion,96.0,25.0,5,3.7742603321185766
Ioptimality_remaining,Resistance + Expansion,96.0,25.0,5,3.7742603321185766
Ioptimality_N10,Resistance + Expansion,97.0,10.0,5,3.1969133260660114
Ioptimality_remaining,Resistance + Expansion,97.0,24.0,5,3.2599038158560893
Ioptimality_N10,Resistance + Expansion,98.0,10.0,5,2.7821210079646406
Ioptimality_remaining,Resistance + Expansion,98.0,23.0,5,2.8338305595988014
Ioptimality_N10,Resistance + Expansion,99.0,10.0,5,2.4288552137894577
Ioptimality_remaining,Resistance + Expansion,99.0,22.0,5,2.4711754500434235
Ioptimality_N10,Resistance + Expansion,100.0,10.0,5,2.135587700545355
Ioptimality_remaining,Resistance + Expansion,100.0,21.0,5,2.170315740979655
Ioptimality_N10,Resistance + Expansion,101.0,10.0,5,1.8904559490178667
Ioptimality_remaining,Resistance + Expansion,101.0,20.0,5,1.918871755434266
Ioptimality_N10,Resistance + Expansion,102.0,10.0,5,1.6865965235238893
Ioptimality_remaining,Resistance + Expansion,102.0,19.0,5,1.70970982720453
Ioptimality_N10,Resistance + Expansion,103.0,10.0,5,1.5152593020987273
Ioptimality_remaining,Resistance + Expansion,103.0,18.0,5,1.5338205949752877
Ioptimality_N10,Resistance + Expansion,104.0,10.0,5,1.3708140462231935
Ioptimality_remaining,Resistance + Expansion,104.0,17.0,5,1.3855460572618756
Ioptimality_N10,Resistance + Expansion,105.0,10.0,5,1.253454292824151
Ioptimality_remaining,Resistance + Expansion,105.0,16.0,5,1.2650265696977665
Ioptimality_N10,Resistance + Expansion,106.0,10.0,5,1.1618779529622256
Ioptimality_remaining,Resistance + Expansion,106.0,15.0,5,1.1708702401239781
Ioptimality_N10,Resistance + Expansion,107.0,10.0,5,1.0916077027986797
Ioptimality_remaining,Resistance + Expansion,107.0,14.0,5,1.0984757051242486
Ioptimality_N10,Resistance + Expansion,108.0,10.0,5,1.039233751642063
Ioptimality_remaining,Resistance + Expansion,108.0,13.0,5,1.044248274114356
Ioptimality_N10,Resistance + Expansion,109.0,10.0,5,0.9990421540771026
Ioptimality_remaining,Resistance + Expansion,109.0,12.0,5,1.0023982074775626
Ioptimality_N10,Resistance + Expansion,110.0,10.0,5,0.9669355709328865
Ioptimality_remaining,Resistance + Expansion,110.0,11.0,5,0.9686936930447158
Ioptimality_N10,Resistance + Expansion,111.0,10.0,5,0.9416576623683441
Ioptimality_remaining,Resistance + Expansion,111.0,10.0,5,0.9416576623683441
Ioptimality_remaining,Resistance + Expansion,112.0,9.0,5,0.91953147499716
Ioptimality_remaining,Resistance + Expansion,113.0,8.0,5,0.9006898756491317
Ioptimality_remaining,Resistance + Expansion,114.0,7.0,5,0.8826119757621995
Ioptimality_remaining,Resistance + Expansion,115.0,6.0,5,0.8631553454936253
Ioptimality_remaining,Resistance + Expansion,116.0,5.0,5,0.84009718299992
Ioptimality_remaining,Resistance + Expansion,117.0,4.0,5,0.8115122479858867
Ioptimality_remaining,Resistance + Expansion,118.0,3.0,5,0.7692128154353793
Ioptimality_remaining,Resistance + Expansion,119.0,2.0,5,0.7097439507617783
Ioptimality_remaining,Resistance + Expansion,120.0,1.0,5,0.6245924939561601
Ioptimality_N10,Capacity + Resistance + Expansion,1.0,10.0,3,
Ioptimality_N25,Capacity + Resistance + Expansion,1.0,25.0,3,
Ioptimality_remaining,Capacity + Resistance + Expansion,1.0,120.0,3,
Ioptimality_N10,Capacity + Resistance + Expansion,2.0,10.0,5,52.092334728776265
Ioptimality_N25,Capacity + Resistance + Expansion,2.0,25.0,5,344.9313520396141
Ioptimality_remaining,Capacity + Resistance + Expansion,2.0,119.0,5,148192.34559123914
Ioptimality_N10,Capacity + Resistance + Expansion,3.0,10.0,5,15.073465067737365
Ioptimality_N25,Capacity + Resistance + Expansion,3.0,25.0,5,91.8271321785934
Ioptimality_remaining,Capacity + Resistance + Expansion,3.0,118.0,5,36366.082060501176
Ioptimality_N10,Capacity + Resistance + Expansion,4.0,10.0,5,6.95366752659366
Ioptimality_N25,Capacity + Resistance + Expansion,4.0,25.0,5,39.150350449843856
Ioptimality_remaining,Capacity + Resistance + Expansion,4.0,117.0,5,14300.346814076527
Ioptimality_N10,Capacity + Resistance + Expansion,5.0,10.0,5,3.9893768934676883
Ioptimality_N25,Capacity + Resistance + Expansion,5.0,25.0,5,20.865209615639024
Ioptimality_remaining,Capacity + Resistance + Expansion,5.0,116.0,5,7033.733091508589
Ioptimality_N10,Capacity + Resistance + Expansion,6.0,10.0,5,2.6053992591010804
Ioptimality_N25,Capacity + Resistance + Expansion,6.0,25.0,5,12.726983873451848
Ioptimality_remaining,Capacity + Resistance + Expansion,6.0,115.0,5,3961.897546378967
Ioptimality_N10,Capacity + Resistance + Expansion,7.0,10.0,5,1.8393417914773635
Ioptimality_N25,Capacity + Resistance + Expansion,7.0,25.0,5,8.432999712897454
Ioptimality_remaining,Capacity + Resistance + Expansion,7.0,114.0,5,2425.7787713630496
Ioptimality_N10,Capacity + Resistance + Expansion,8.0,10.0,5,1.374344991086773
Ioptimality_N25,Capacity + Resistance + Expansion,8.0,25.0,5,5.94273809331917
Ioptimality_remaining,Capacity + Resistance + Expansion,8.0,113.0,5,1580.6821584362776
Ioptimality_N10,Capacity + Resistance + Expansion,9.0,10.0,5,1.0724303629695702
Ioptimality_N25,Capacity + Resistance + Expansion,9.0,25.0,5,4.393206717935969
Ioptimality_remaining,Capacity + Resistance + Expansion,9.0,112.0,5,1081.2549114683006
Ioptimality_N10,Capacity + Resistance + Expansion,10.0,10.0,5,0.8647787264817518
Ioptimality_N25,Capacity + Resistance + Expansion,10.0,25.0,5,3.3681840293442225
Ioptimality_remaining,Capacity + Resistance + Expansion,10.0,111.0,5,767.5858712703191
Ioptimality_N10,Capacity + Resistance + Expansion,11.0,10.0,5,0.715843095152454
Ioptimality_N25,Capacity + Resistance + Expansion,11.0,25.0,5,2.659428930006622
Ioptimality_remaining,Capacity + Resistance + Expansion,11.0,110.0,5,561.5722140013658
Ioptimality_N10,Capacity + Resistance + Expansion,12.0,10.0,5,0.604845839095041
Ioptimality_N25,Capacity + Resistance + Expansion,12.0,25.0,5,2.1498493726852974
Ioptimality_remaining,Capacity + Resistance + Expansion,12.0,109.0,5,420.9209988734012
Ioptimality_N10,Capacity + Resistance + Expansion,13.0,10.0,5,0.5197989393548534
Ioptimality_N25,Capacity + Resistance + Expansion,13.0,25.0,5,1.7724922319298642
Ioptimality_remaining,Capacity + Resistance + Expansion,13.0,108.0,5,321.9884417026125
Ioptimality_N10,Capacity + Resistance + Expansion,14.0,10.0,5,0.45289218238171014
Ioptimality_N25,Capacity + Resistance + Expansion,14.0,25.0,5,1.485415434347939
Ioptimality_remaining,Capacity + Resistance + Expansion,14.0,107.0,5,250.52251693455094
Ioptimality_N10,Capacity + Resistance + Expansion,15.0,10.0,5,0.3995749969994524
Ioptimality_N25,Capacity + Resistance + Expansion,15.0,25.0,5,1.2636450880008114
Ioptimality_remaining,Capacity + Resistance + Expansion,15.0,106.0,5,197.99123421748135
Ioptimality_N10,Capacity + Resistance + Expansion,16.0,10.0,5,0.3566624120890541
Ioptimality_N25,Capacity + Resistance + Expansion,16.0,25.0,5,1.0900694039147751
Ioptimality_remaining,Capacity + Resistance + Expansion,16.0,105.0,5,158.77693871057838
Ioptimality_N10,Capacity + Resistance + Expansion,17.0,10.0,5,0.321221890131816
Ioptimality_N25,Capacity + Resistance + Expansion,17.0,25.0,5,0.9507395470731501
Ioptimality_remaining,Capacity + Resistance + Expansion,17.0,104.0,5,128.83792828429378
Ioptimality_N10,Capacity + Resistance + Expansion,18.0,10.0,5,0.29131401543723645
Ioptimality_N25,Capacity + Resistance + Expansion,18.0,25.0,5,0.8365480426895359
Ioptimality_remaining,Capacity + Resistance + Expansion,18.0,103.0,5,105.5420444747489
Ioptimality_N10,Capacity + Resistance + Expansion,19.0,10.0,5,0.26571346410505864
Ioptimality_N25,Capacity + Resistance + Expansion,19.0,25.0,5,0.7416750511554185
Ioptimality_remaining,Capacity + Resistance + Expansion,19.0,102.0,5,87.15923371121734
Ioptimality_N10,Capacity + Resistance + Expansion,20.0,10.0,5,0.24296878931866428
Ioptimality_N25,Capacity + Resistance + Expansion,20.0,25.0,5,0.660126588960392
Ioptimality_remaining,Capacity + Resistance + Expansion,20.0,101.0,5,72.28142570448237
Ioptimality_N10,Capacity + Resistance + Expansion,21.0,10.0,5,0.22271325633685346
Ioptimality_N25,Capacity + Resistance + Expansion,21.0,25.0,5,0.5897393004544245
Ioptimality_remaining,Capacity + Resistance + Expansion,21.0,100.0,5,60.1845224729252
Ioptimality_N10,Capacity + Resistance + Expansion,22.0,10.0,5,0.20473860542390848
Ioptimality_N25,Capacity + Resistance + Expansion,22.0,25.0,5,0.529014322951882
Ioptimality_remaining,Capacity + Resistance + Expansion,22.0,99.0,5,50.33604393526679
Ioptimality_N10,Capacity + Resistance + Expansion,23.0,10.0,5,0.18875262893518535
Ioptimality_N25,Capacity + Resistance + Expansion,23.0,25.0,5,0.47635080481950065
Ioptimality_remaining,Capacity + Resistance + Expansion,23.0,98.0,5,42.273826007355964
Ioptimality_N10,Capacity + Resistance + Expansion,24.0,10.0,5,0.17455155720206572
Ioptimality_N25,Capacity + Resistance + Expansion,24.0,25.0,5,0.4306707576554942
Ioptimality_remaining,Capacity + Resistance + Expansion,24.0,97.0,5,35.658272136654126
Ioptimality_N10,Capacity + Resistance + Expansion,25.0,10.0,5,0.16190492718982008
Ioptimality_N25,Capacity + Resistance + Expansion,25.0,25.0,5,0.39090035109347615
Ioptimality_remaining,Capacity + Resistance + Expansion,25.0,96.0,5,30.205553478880905
Ioptimality_N10,Capacity + Resistance + Expansion,26.0,10.0,5,0.15062993721234974
Ioptimality_N25,Capacity + Resistance + Expansion,26.0,25.0,5,0.3562201376760217
Ioptimality_remaining,Capacity + Resistance + Expansion,26.0,95.0,5,25.697557161129957
Ioptimality_N10,Capacity + Resistance + Expansion,27.0,10.0,5,0.140632900813734
Ioptimality_N25,Capacity + Resistance + Expansion,27.0,25.0,5,0.32607354719464515
Ioptimality_remaining,Capacity + Resistance + Expansion,27.0,94.0,5,21.96936716684042
Ioptimality_N10,Capacity + Resistance + Expansion,28.0,10.0,5,0.13170930452073987
Ioptimality_N25,Capacity + Resistance + Expansion,28.0,25.0,5,0.29968048710667644
Ioptimality_remaining,Capacity + Resistance + Expansion,28.0,93.0,5,18.864282708305574
Ioptimality_N10,Capacity + Resistance + Expansion,29.0,10.0,5,0.12368364865215768
Ioptimality_N25,Capacity + Resistance + Expansion,29.0,25.0,5,0.2763942363188026
Ioptimality_remaining,Capacity + Resistance + Expansion,29.0,92.0,5,16.260476503237268
Ioptimality_N10,Capacity + Resistance + Expansion,30.0,10.0,5,0.1164060231428018
Ioptimality_N25,Capacity + Resistance + Expansion,30.0,25.0,5,0.2556718135791736
Ioptimality_remaining,Capacity + Resistance + Expansion,30.0,91.0,5,14.061624070126452
Ioptimality_N10,Capacity + Resistance + Expansion,31.0,10.0,5,0.10976912352391266
Ioptimality_N25,Capacity + Resistance + Expansion,31.0,25.0,5,0.23712518906049826
Ioptimality_remaining,Capacity + Resistance + Expansion,31.0,90.0,5,12.195260498917941
Ioptimality_N10,Capacity + Resistance + Expansion,32.0,10.0,5,0.10365867695953779
Ioptimality_N25,Capacity + Resistance + Expansion,32.0,25.0,5,0.22042908477619413
Ioptimality_remaining,Capacity + Resistance + Expansion,32.0,89.0,5,10.60332366727948
Ioptimality_N10,Capacity + Resistance + Expansion,33.0,10.0,5,0.09794099603836096
Ioptimality_N25,Capacity + Resistance + Expansion,33.0,25.0,5,0.20515648923002236
Ioptimality_remaining,Capacity + Resistance + Expansion,33.0,88.0,5,9.231005480622755
Ioptimality_N10,Capacity + Resistance + Expansion,34.0,10.0,5,0.09262141152754223
Ioptimality_N25,Capacity + Resistance + Expansion,34.0,25.0,5,0.19119127306319617
Ioptimality_remaining,Capacity + Resistance + Expansion,34.0,87.0,5,8.047394642851776
Ioptimality_N10,Capacity + Resistance + Expansion,35.0,10.0,5,0.0876778119073999
Ioptimality_N25,Capacity + Resistance + Expansion,35.0,25.0,5,0.17842804971123882
Ioptimality_remaining,Capacity + Resistance + Expansion,35.0,86.0,5,7.026078367158991
Ioptimality_N10,Capacity + Resistance + Expansion,36.0,10.0,5,0.08309550609763466
Ioptimality_N25,Capacity + Resistance + Expansion,36.0,25.0,5,0.1667837572381964
Ioptimality_remaining,Capacity + Resistance + Expansion,36.0,85.0,5,6.1449804054104735
Ioptimality_N10,Capacity + Resistance + Expansion,37.0,10.0,5,0.0788356560381742
Ioptimality_N25,Capacity + Resistance + Expansion,37.0,25.0,5,0.15614825022341056
Ioptimality_remaining,Capacity + Resistance + Expansion,37.0,84.0,5,5.383652590485003
Ioptimality_N10,Capacity + Resistance + Expansion,38.0,10.0,5,0.07487644954962461
Ioptimality_N25,Capacity + Resistance + Expansion,38.0,25.0,5,0.14642506274838185
Ioptimality_remaining,Capacity + Resistance + Expansion,38.0,83.0,5,4.7247678939603786
Ioptimality_N10,Capacity + Resistance + Expansion,39.0,10.0,5,0.07120142353123811
Ioptimality_N25,Capacity + Resistance + Expansion,39.0,25.0,5,0.13752550297399246
Ioptimality_remaining,Capacity + Resistance + Expansion,39.0,82.0,5,4.15364429772172
Ioptimality_N10,Capacity + Resistance + Expansion,40.0,10.0,5,0.06778526213205828
Ioptimality_N25,Capacity + Resistance + Expansion,40.0,25.0,5,0.12936582166294575
Ioptimality_remaining,Capacity + Resistance + Expansion,40.0,81.0,5,3.657630709131149
Ioptimality_N10,Capacity + Resistance + Expansion,41.0,10.0,5,0.06460870770368418
Ioptimality_N25,Capacity + Resistance + Expansion,41.0,25.0,5,0.12187814147284934
Ioptimality_remaining,Capacity + Resistance + Expansion,41.0,80.0,5,3.2262438012072243
Ioptimality_N10,Capacity + Resistance + Expansion,42.0,10.0,5,0.0617097879801759
Ioptimality_N25,Capacity + Resistance + Expansion,42.0,25.0,5,0.11512303233645507
Ioptimality_remaining,Capacity + Resistance + Expansion,42.0,79.0,5,2.8542009315932257
Ioptimality_N10,Capacity + Resistance + Expansion,43.0,10.0,5,0.0590541032661548
Ioptimality_N25,Capacity + Resistance + Expansion,43.0,25.0,5,0.10899469418761873
Ioptimality_remaining,Capacity + Resistance + Expansion,43.0,78.0,5,2.5316130125635175
Ioptimality_N10,Capacity + Resistance + Expansion,44.0,10.0,5,0.05654519754420403
Ioptimality_N25,Capacity + Resistance + Expansion,44.0,25.0,5,0.10327699180400379
Ioptimality_remaining,Capacity + Resistance + Expansion,44.0,77.0,5,2.247518363115152
Ioptimality_N10,Capacity + Resistance + Expansion,45.0,10.0,5,0.05417782914083983
Ioptimality_N25,Capacity + Resistance + Expansion,45.0,25.0,5,0.09794856055067197
Ioptimality_remaining,Capacity + Resistance + Expansion,45.0,76.0,5,1.9973509043562114
Ioptimality_N10,Capacity + Resistance + Expansion,46.0,10.0,5,0.0519452887574272
Ioptimality_N25,Capacity + Resistance + Expansion,46.0,25.0,5,0.09298429306958286
Ioptimality_remaining,Capacity + Resistance + Expansion,46.0,75.0,5,1.7769608326808808
Ioptimality_N10,Capacity + Resistance + Expansion,47.0,10.0,5,0.04987162622297876
Ioptimality_N25,Capacity + Resistance + Expansion,47.0,25.0,5,0.08843570823658281
Ioptimality_remaining,Capacity + Resistance + Expansion,47.0,74.0,5,1.5846901940449818
Ioptimality_N10,Capacity + Resistance + Expansion,48.0,10.0,5,0.04793406345322827
Ioptimality_N25,Capacity + Resistance + Expansion,48.0,25.0,5,0.08423805850092966
Ioptimality_remaining,Capacity + Resistance + Expansion,48.0,73.0,5,1.4159562548450833
Ioptimality_N10,Capacity + Resistance + Expansion,49.0,10.0,5,0.04609742465211235
Ioptimality_N25,Capacity + Resistance + Expansion,49.0,25.0,5,0.0802997153821011
Ioptimality_remaining,Capacity + Resistance + Expansion,49.0,72.0,5,1.266218543306123
Ioptimality_N10,Capacity + Resistance + Expansion,50.0,10.0,5,0.04435702989517937
Ioptimality_N25,Capacity + Resistance + Expansion,50.0,25.0,5,0.07660590062994353
Ioptimality_remaining,Capacity + Resistance + Expansion,50.0,71.0,5,1.133306868883918
Ioptimality_N10,Capacity + Resistance + Expansion,51.0,10.0,5,0.04270835071770869
Ioptimality_N25,Capacity + Resistance + Expansion,51.0,25.0,5,0.07314287365433847
Ioptimality_remaining,Capacity + Resistance + Expansion,51.0,70.0,5,1.0153025841929337
Ioptimality_N10,Capacity + Resistance + Expansion,52.0,10.0,5,0.04114824534547344
Ioptimality_N25,Capacity + Resistance + Expansion,52.0,25.0,5,0.06989824367373093
Ioptimality_remaining,Capacity + Resistance + Expansion,52.0,69.0,5,0.9105256151710335
Ioptimality_N10,Capacity + Resistance + Expansion,53.0,10.0,5,0.03966926158828291
Ioptimality_N25,Capacity + Resistance + Expansion,53.0,25.0,5,0.06685328542718713
Ioptimality_remaining,Capacity + Resistance + Expansion,53.0,68.0,5,0.8173807966847352
Ioptimality_N10,Capacity + Resistance + Expansion,54.0,10.0,5,0.03826623407166039
Ioptimality_N25,Capacity + Resistance + Expansion,54.0,25.0,5,0.06399666630276901
Ioptimality_remaining,Capacity + Resistance + Expansion,54.0,67.0,5,0.7345103383192892
Ioptimality_N10,Capacity + Resistance + Expansion,55.0,10.0,5,0.036937906446854754
Ioptimality_N25,Capacity + Resistance + Expansion,55.0,25.0,5,0.061317097295073945
Ioptimality_remaining,Capacity + Resistance + Expansion,55.0,66.0,5,0.6607782499673135
Ioptimality_N10,Capacity + Resistance + Expansion,56.0,10.0,5,0.03567947519298621
Ioptimality_N25,Capacity + Resistance + Expansion,56.0,25.0,5,0.058799443672017136
Ioptimality_remaining,Capacity + Resistance + Expansion,56.0,65.0,5,0.5951157032352544
Ioptimality_N10,Capacity + Resistance + Expansion,57.0,10.0,5,0.03448517410435715
Ioptimality_N25,Capacity + Resistance + Expansion,57.0,25.0,5,0.056432244770180315
Ioptimality_remaining,Capacity + Resistance + Expansion,57.0,64.0,5,0.5365843098414252
Ioptimality_N10,Capacity + Resistance + Expansion,58.0,10.0,5,0.033350265446605416
Ioptimality_N25,Capacity + Resistance + Expansion,58.0,25.0,5,0.05420445869965844
Ioptimality_remaining,Capacity + Resistance + Expansion,58.0,63.0,5,0.4843572808743967
Ioptimality_N10,Capacity + Resistance + Expansion,59.0,10.0,5,0.03227098363394289
Ioptimality_N25,Capacity + Resistance + Expansion,59.0,25.0,5,0.0521059751379271
Ioptimality_remaining,Capacity + Resistance + Expansion,59.0,62.0,5,0.4377089850431776
Ioptimality_N10,Capacity + Resistance + Expansion,60.0,10.0,5,0.03124392468708683
Ioptimality_N25,Capacity + Resistance + Expansion,60.0,25.0,5,0.05012520706644803
Ioptimality_remaining,Capacity + Resistance + Expansion,60.0,61.0,5,0.3960000969947562
Ioptimality_N10,Capacity + Resistance + Expansion,61.0,10.0,5,0.03026606021913374
Ioptimality_N25,Capacity + Resistance + Expansion,61.0,25.0,5,0.04825393031642783
Ioptimality_remaining,Capacity + Resistance + Expansion,61.0,60.0,5,0.3586746755076874
Ioptimality_N10,Capacity + Resistance + Expansion,62.0,10.0,5,0.029335136668818696
Ioptimality_N25,Capacity + Resistance + Expansion,62.0,25.0,5,0.0464875428123494
Ioptimality_remaining,Capacity + Resistance + Expansion,62.0,59.0,5,0.3252600108559364
Ioptimality_N10,Capacity + Resistance + Expansion,63.0,10.0,5,0.028447004779985484
Ioptimality_N25,Capacity + Resistance + Expansion,63.0,25.0,5,0.04481518313451531
Ioptimality_remaining,Capacity + Resistance + Expansion,63.0,58.0,5,0.2952758527183953
Ioptimality_N10,Capacity + Resistance + Expansion,64.0,10.0,5,0.027600310861544065
Ioptimality_N25,Capacity + Resistance + Expansion,64.0,25.0,5,0.04323228218984107
Ioptimality_remaining,Capacity + Resistance + Expansion,64.0,57.0,5,0.2683670293259106
Ioptimality_N10,Capacity + Resistance + Expansion,65.0,10.0,5,0.026791987910453546
Ioptimality_N25,Capacity + Resistance + Expansion,65.0,25.0,5,0.04173421054506573
Ioptimality_remaining,Capacity + Resistance + Expansion,65.0,56.0,5,0.244192311476758
Ioptimality_N10,Capacity + Resistance + Expansion,66.0,10.0,5,0.026020070684862333
Ioptimality_N25,Capacity + Resistance + Expansion,66.0,25.0,5,0.04031666244370741
Ioptimality_remaining,Capacity + Resistance + Expansion,66.0,55.0,5,0.22246191096447773
Ioptimality_N10,Capacity + Resistance + Expansion,67.0,10.0,5,0.025285800694252604
Ioptimality_N25,Capacity + Resistance + Expansion,67.0,25.0,5,0.0389827473014557
Ioptimality_remaining,Capacity + Resistance + Expansion,67.0,54.0,5,0.2029622931225423
Ioptimality_N10,Capacity + Resistance + Expansion,68.0,10.0,5,0.02458773298905923
Ioptimality_N25,Capacity + Resistance + Expansion,68.0,25.0,5,0.03772880488792567
Ioptimality_remaining,Capacity + Resistance + Expansion,68.0,53.0,5,0.18545785988959312
Ioptimality_N10,Capacity + Resistance + Expansion,69.0,10.0,5,0.023923543802043
Ioptimality_N25,Capacity + Resistance + Expansion,69.0,25.0,5,0.03654725582016909
Ioptimality_remaining,Capacity + Resistance + Expansion,69.0,52.0,5,0.16971268749715593
Ioptimality_N10,Capacity + Resistance + Expansion,70.0,10.0,5,0.023288765060975443
Ioptimality_N25,Capacity + Resistance + Expansion,70.0,25.0,5,0.03543184666473233
Ioptimality_remaining,Capacity + Resistance + Expansion,70.0,51.0,5,0.155526734497962
Ioptimality_N10,Capacity + Resistance + Expansion,71.0,10.0,5,0.022680057245620354
Ioptimality_N25,Capacity + Resistance + Expansion,71.0,25.0,5,0.03437820937348703
Ioptimality_remaining,Capacity + Resistance + Expansion,71.0,50.0,5,0.14272714678528248
Ioptimality_N10,Capacity + Resistance + Expansion,72.0,10.0,5,0.02209633326919249
Ioptimality_N25,Capacity + Resistance + Expansion,72.0,25.0,5,0.03338297030763595
Ioptimality_remaining,Capacity + Resistance + Expansion,72.0,49.0,5,0.13116379646430837
Ioptimality_N10,Capacity + Resistance + Expansion,73.0,10.0,5,0.021536045415750264
Ioptimality_N25,Capacity + Resistance + Expansion,73.0,25.0,5,0.03244315071453603
Ioptimality_remaining,Capacity + Resistance + Expansion,73.0,48.0,5,0.12070405041034306
Ioptimality_N10,Capacity + Resistance + Expansion,74.0,10.0,5,0.0209976204924593
Ioptimality_N25,Capacity + Resistance + Expansion,74.0,25.0,5,0.03155695585383483
Ioptimality_remaining,Capacity + Resistance + Expansion,74.0,47.0,5,0.11123441955144045
Ioptimality_N10,Capacity + Resistance + Expansion,75.0,10.0,5,0.020477828547509253
Ioptimality_N25,Capacity + Resistance + Expansion,75.0,25.0,5,0.03072165021596134
Ioptimality_remaining,Capacity + Resistance + Expansion,75.0,46.0,5,0.1026457493442802
Ioptimality_N10,Capacity + Resistance + Expansion,76.0,10.0,5,0.019975284787693982
Ioptimality_N25,Capacity + Resistance + Expansion,76.0,25.0,5,0.02993610023411863
Ioptimality_remaining,Capacity + Resistance + Expansion,76.0,45.0,5,0.09484863358485757
Ioptimality_N10,Capacity + Resistance + Expansion,77.0,10.0,5,0.019489796463648502
Ioptimality_N25,Capacity + Resistance + Expansion,77.0,25.0,5,0.02919991607492258
Ioptimality_remaining,Capacity + Resistance + Expansion,77.0,44.0,5,0.0877650621835686
Ioptimality_N10,Capacity + Resistance + Expansion,78.0,10.0,5,0.01902064563569092
Ioptimality_N25,Capacity + Resistance + Expansion,78.0,25.0,5,0.028512357638466695
Ioptimality_remaining,Capacity + Resistance + Expansion,78.0,43.0,5,0.08132163079051938
Ioptimality_N10,Capacity + Resistance + Expansion,79.0,10.0,5,0.01856361090556764
Ioptimality_N25,Capacity + Resistance + Expansion,79.0,25.0,5,0.027866412268791222
Ioptimality_remaining,Capacity + Resistance + Expansion,79.0,42.0,5,0.07543126108870014
Ioptimality_N10,Capacity + Resistance + Expansion,80.0,10.0,5,0.01812479656126587
Ioptimality_N25,Capacity + Resistance + Expansion,80.0,25.0,5,0.027272733587615478
Ioptimality_remaining,Capacity + Resistance + Expansion,80.0,41.0,5,0.07007782581376015
Ioptimality_N10,Capacity + Resistance + Expansion,81.0,10.0,5,0.017706902047263516
Ioptimality_N25,Capacity + Resistance + Expansion,81.0,25.0,5,0.02673893227437826
Ioptimality_remaining,Capacity + Resistance + Expansion,81.0,40.0,5,0.06523633876493859
Ioptimality_N10,Capacity + Resistance + Expansion,82.0,10.0,5,0.01730877349441145
Ioptimality_N25,Capacity + Resistance + Expansion,82.0,25.0,5,0.026265117237741196
Ioptimality_remaining,Capacity + Resistance + Expansion,82.0,39.0,5,0.060851423236275244
Ioptimality_N10,Capacity + Resistance + Expansion,83.0,10.0,5,0.01692926537494628
Ioptimality_N25,Capacity + Resistance + Expansion,83.0,25.0,5,0.02585190384494305
Ioptimality_remaining,Capacity + Resistance + Expansion,83.0,38.0,5,0.05687662151753202
Ioptimality_N10,Capacity + Resistance + Expansion,84.0,10.0,5,0.016566739620872788
Ioptimality_N25,Capacity + Resistance + Expansion,84.0,25.0,5,0.02550179334609566
Ioptimality_remaining,Capacity + Resistance + Expansion,84.0,37.0,5,0.05327048138692857
Ioptimality_N10,Capacity + Resistance + Expansion,85.0,10.0,5,0.016223867974628887
Ioptimality_N25,Capacity + Resistance + Expansion,85.0,25.0,5,0.025226874528434796
Ioptimality_remaining,Capacity + Resistance + Expansion,85.0,36.0,5,0.05001905386160783
Ioptimality_N10,Capacity + Resistance + Expansion,86.0,10.0,5,0.01590045439388866
Ioptimality_N25,Capacity + Resistance + Expansion,86.0,25.0,5,0.0250314134958717
Ioptimality_remaining,Capacity + Resistance + Expansion,86.0,35.0,5,0.04708516302226501
Ioptimality_N10,Capacity + Resistance + Expansion,87.0,10.0,5,0.015594791368201705
Ioptimality_N25,Capacity + Resistance + Expansion,87.0,25.0,5,0.024917565027404737
Ioptimality_remaining,Capacity + Resistance + Expansion,87.0,34.0,5,0.04442950421119157
Ioptimality_N10,Capacity + Resistance + Expansion,88.0,10.0,5,0.015305959424485389
Ioptimality_N25,Capacity + Resistance + Expansion,88.0,25.0,5,0.02489701721776108
Ioptimality_remaining,Capacity + Resistance + Expansion,88.0,33.0,5,0.04203880800481896
Ioptimality_N10,Capacity + Resistance + Expansion,89.0,10.0,5,0.015034835617196434
Ioptimality_N25,Capacity + Resistance + Expansion,89.0,25.0,5,0.024970551648156748
Ioptimality_remaining,Capacity + Resistance + Expansion,89.0,32.0,5,0.039859995022062784
Ioptimality_N10,Capacity + Resistance + Expansion,90.0,10.0,5,0.01477606311474151
Ioptimality_N25,Capacity + Resistance + Expansion,90.0,25.0,5,0.025137296726070443
Ioptimality_remaining,Capacity + Resistance + Expansion,90.0,31.0,5,0.0378567215004484
Ioptimality_N10,Capacity + Resistance + Expansion,91.0,10.0,5,0.014532452341875599
Ioptimality_N25,Capacity + Resistance + Expansion,91.0,25.0,5,0.02540654508304753
Ioptimality_remaining,Capacity + Resistance + Expansion,91.0,30.0,5,0.03600606135767435
Ioptimality_N10,Capacity + Resistance + Expansion,92.0,10.0,5,0.014302803509136255
Ioptimality_N25,Capacity + Resistance + Expansion,92.0,25.0,5,0.025781490979303774
Ioptimality_remaining,Capacity + Resistance + Expansion,92.0,29.0,5,0.03428215136127484
Ioptimality_N10,Capacity + Resistance + Expansion,93.0,10.0,5,0.014088658807135104
Ioptimality_N25,Capacity + Resistance + Expansion,93.0,25.0,5,0.0262695616943849
Ioptimality_remaining,Capacity + Resistance + Expansion,93.0,28.0,5,0.032673430764020045
Ioptimality_N10,Capacity + Resistance + Expansion,94.0,10.0,5,0.013891810413423116
Ioptimality_N25,Capacity + Resistance + Expansion,94.0,25.0,5,0.026875386079680298
Ioptimality_remaining,Capacity + Resistance + Expansion,94.0,27.0,5,0.031167308955190553
Ioptimality_N10,Capacity + Resistance + Expansion,95.0,10.0,5,0.013714907878312397
Ioptimality_N25,Capacity + Resistance + Expansion,95.0,25.0,5,0.027599629560673654
Ioptimality_remaining,Capacity + Resistance + Expansion,95.0,26.0,5,0.029755774104627392
Ioptimality_N10,Capacity + Resistance + Expansion,96.0,10.0,5,0.013557530943482452
Ioptimality_N25,Capacity + Resistance + Expansion,96.0,25.0,5,0.02842373427661325
Ioptimality_remaining,Capacity + Resistance + Expansion,96.0,25.0,5,0.02842373427661325
Ioptimality_N10,Capacity + Resistance + Expansion,97.0,10.0,5,0.013419505658486944
Ioptimality_remaining,Capacity + Resistance + Expansion,97.0,24.0,5,0.027153512166567362
Ioptimality_N10,Capacity + Resistance + Expansion,98.0,10.0,5,0.013297989470068137
Ioptimality_remaining,Capacity + Resistance + Expansion,98.0,23.0,5,0.025926922798081103
Ioptimality_N10,Capacity + Resistance + Expansion,99.0,10.0,5,0.013189633574828954
Ioptimality_remaining,Capacity + Resistance + Expansion,99.0,22.0,5,0.024724866558646565
Ioptimality_N10,Capacity + Resistance + Expansion,100.0,10.0,5,0.013089538820672885
Ioptimality_remaining,Capacity + Resistance + Expansion,100.0,21.0,5,0.023527329648898667
Ioptimality_N10,Capacity + Resistance + Expansion,101.0,10.0,5,0.012990159876569572
Ioptimality_remaining,Capacity + Resistance + Expansion,101.0,20.0,5,0.02231473303554752
Ioptimality_N10,Capacity + Resistance + Expansion,102.0,10.0,5,0.01288389273966814
Ioptimality_remaining,Capacity + Resistance + Expansion,102.0,19.0,5,0.021078098586461085
Ioptimality_N10,Capacity + Resistance + Expansion,103.0,10.0,5,0.012762089175946073
Ioptimality_remaining,Capacity + Resistance + Expansion,103.0,18.0,5,0.019814447496262932
Ioptimality_N10,Capacity + Resistance + Expansion,104.0,10.0,5,0.012614856047240608
Ioptimality_remaining,Capacity + Resistance + Expansion,104.0,17.0,5,0.01852705040023124
Ioptimality_N10,Capacity + Resistance + Expansion,105.0,10.0,5,0.012432822354774229
Ioptimality_remaining,Capacity + Resistance + Expansion,105.0,16.0,5,0.01722493989085319
Ioptimality_N10,Capacity + Resistance + Expansion,106.0,10.0,5,0.012213173085512136
Ioptimality_remaining,Capacity + Resistance + Expansion,106.0,15.0,5,0.015935066243448943
Ioptimality_N10,Capacity + Resistance + Expansion,107.0,10.0,5,0.011953648214098202
Ioptimality_remaining,Capacity + Resistance + Expansion,107.0,14.0,5,0.01468438893393217
Ioptimality_N10,Capacity + Resistance + Expansion,108.0,10.0,5,0.011655993095722504
Ioptimality_remaining,Capacity + Resistance + Expansion,108.0,13.0,5,0.013502099865306372
Ioptimality_N10,Capacity + Resistance + Expansion,109.0,10.0,5,0.011323080387027182
Ioptimality_remaining,Capacity + Resistance + Expansion,109.0,12.0,5,0.012412096582935345
Ioptimality_N10,Capacity + Resistance + Expansion,110.0,10.0,5,0.010960049279426686
Ioptimality_remaining,Capacity + Resistance + Expansion,110.0,11.0,5,0.011432580017732907
Ioptimality_N10,Capacity + Resistance + Expansion,111.0,10.0,5,0.010576510733817091
Ioptimality_remaining,Capacity + Resistance + Expansion,111.0,10.0,5,0.010576510733817091
Ioptimality_remaining,Capacity + Resistance + Expansion,112.0,9.0,5,0.009847641682158865
Ioptimality_remaining,Capacity + Resistance + Expansion,113.0,8.0,5,0.009239623296793786
Ioptimality_remaining,Capacity + Resistance + Expansion,114.0,7.0,5,0.008741284245859729
Ioptimality_remaining,Capacity + Resistance + Expansion,115.0,6.0,5,0.00833815643510885
Ioptimality_remaining,Capacity + Resistance + Expansion,116.0,5.0,5,0.00801548695600309
Ioptimality_remaining,Capacity + Resistance + Expansion,117.0,4.0,5,0.007758774308771747
Ioptimality_remaining,Capacity + Resistance + Expansion,118.0,3.0,5,0.0075551165410773545
Ioptimality_remaining,Capacity + Resistance + Expansion,119.0,2.0,5,0.00739332968650859
Ioptimality_remaining,Capacity + Resistance + Expansion,120.0,1.0,5,0.0072640175610947325
Ioptimality_N10,eSOH,1.0,10.0,3,
Ioptimality_N25,eSOH,1.0,25.0,3,
Ioptimality_remaining,eSOH,1.0,120.0,3,
Ioptimality_N10,eSOH,2.0,10.0,5,126570924.60966778
Ioptimality_N25,eSOH,2.0,25.0,5,127347345.85423794
Ioptimality_remaining,eSOH,2.0,119.0,5,118751258.38833736
Ioptimality_N10,eSOH,3.0,10.0,5,29908952.210943796
Ioptimality_N25,eSOH,3.0,25.0,5,30179296.404679704
Ioptimality_remaining,eSOH,3.0,118.0,5,29725554.16988529
Ioptimality_N10,eSOH,4.0,10.0,5,12383350.199839067
Ioptimality_N25,eSOH,4.0,25.0,5,12493620.236474432
Ioptimality_remaining,eSOH,4.0,117.0,5,12270323.18293457
Ioptimality_N10,eSOH,5.0,10.0,5,6257672.418501108
Ioptimality_N25,eSOH,5.0,25.0,5,6311216.2379558515
Ioptimality_remaining,eSOH,5.0,116.0,5,6158927.905584798
Ioptimality_N10,eSOH,6.0,10.0,5,3584410.2903182767
Ioptimality_N25,eSOH,6.0,25.0,5,3613597.0770420055
Ioptimality_remaining,eSOH,6.0,115.0,5,3500294.7197054
Ioptimality_N10,eSOH,7.0,10.0,5,2264900.791264625
Ioptimality_N25,eSOH,7.0,25.0,5,2283197.7021907773
Ioptimality_remaining,eSOH,7.0,114.0,5,2209361.2215277897
Ioptimality_N10,eSOH,8.0,10.0,5,1517901.9006657135
Ioptimality_N25,eSOH,8.0,25.0,5,1530022.0866464523
Ioptimality_remaining,eSOH,8.0,113.0,5,1478365.2724404982
Ioptimality_N10,eSOH,9.0,10.0,5,1064149.1915303026
Ioptimality_N25,eSOH,9.0,25.0,5,1072520.7793260263
Ioptimality_remaining,eSOH,9.0,112.0,5,1034394.6961233735
Ioptimality_N10,eSOH,10.0,10.0,5,768034.2352172725
Ioptimality_N25,eSOH,10.0,25.0,5,773699.3876783693
Ioptimality_remaining,eSOH,10.0,111.0,5,740356.6785837006
Ioptimality_N10,eSOH,11.0,10.0,5,574531.4840808897
Ioptimality_N25,eSOH,11.0,25.0,5,578573.2745479939
Ioptimality_remaining,eSOH,11.0,110.0,5,550767.2116049513
Ioptimality_N10,eSOH,12.0,10.0,5,441708.5366400263
Ioptimality_N25,eSOH,12.0,25.0,5,444725.8124202074
Ioptimality_remaining,eSOH,12.0,109.0,5,422233.7129537396
Ioptimality_N10,eSOH,13.0,10.0,5,346707.14740989497
Ioptimality_N25,eSOH,13.0,25.0,5,349028.80032783357
Ioptimality_remaining,eSOH,13.0,108.0,5,330885.96306911955
Ioptimality_N10,eSOH,14.0,10.0,5,276942.9547732951
Ioptimality_N25,eSOH,14.0,25.0,5,278769.91969737003
Ioptimality_remaining,eSOH,14.0,107.0,5,264057.644287848
Ioptimality_N10,eSOH,15.0,10.0,5,224611.19743161259
Ioptimality_N25,eSOH,15.0,25.0,5,226074.16706707515
Ioptimality_remaining,eSOH,15.0,106.0,5,214032.06283047615
Ioptimality_N10,eSOH,16.0,10.0,5,184584.40555472538
Ioptimality_N25,eSOH,16.0,25.0,5,185780.22861378762
Ioptimality_remaining,eSOH,16.0,105.0,5,175844.34164316207
Ioptimality_N10,eSOH,17.0,10.0,5,153520.28939394854
Ioptimality_N25,eSOH,17.0,25.0,5,154515.00170016763
Ioptimality_remaining,eSOH,17.0,104.0,5,146221.61391629037
Ioptimality_N10,eSOH,18.0,10.0,5,129174.36205500356
Ioptimality_N25,eSOH,18.0,25.0,5,130013.24076903459
Ioptimality_remaining,eSOH,18.0,103.0,5,123022.01995230673
Ioptimality_N10,eSOH,19.0,10.0,5,109771.26388661268
Ioptimality_N25,eSOH,19.0,25.0,5,110477.33807906177
Ioptimality_remaining,eSOH,19.0,102.0,5,104416.64348499665
Ioptimality_N10,eSOH,20.0,10.0,5,94057.7086090515
Ioptimality_N25,eSOH,20.0,25.0,5,94655.64334247173
Ioptimality_remaining,eSOH,20.0,101.0,5,89348.93017605838
Ioptimality_N10,eSOH,21.0,10.0,5,81182.02288705911
Ioptimality_N25,eSOH,21.0,25.0,5,81694.14416687223
Ioptimality_remaining,eSOH,21.0,100.0,5,77053.4933256453
Ioptimality_N10,eSOH,22.0,10.0,5,70547.52207469373
Ioptimality_N25,eSOH,22.0,25.0,5,70989.74982673909
Ioptimality_remaining,eSOH,22.0,99.0,5,66909.26307967003
Ioptimality_N10,eSOH,23.0,10.0,5,61678.13417079651
Ioptimality_N25,eSOH,23.0,25.0,5,62063.35934276307
Ioptimality_remaining,eSOH,23.0,98.0,5,58469.1374145352
Ioptimality_N10,eSOH,24.0,10.0,5,54227.52104167621
Ioptimality_N25,eSOH,24.0,25.0,5,54565.24234280323
Ioptimality_remaining,eSOH,24.0,97.0,5,51386.6792747064
Ioptimality_N10,eSOH,25.0,10.0,5,47924.345069771116
Ioptimality_N25,eSOH,25.0,25.0,5,48222.616243714765
Ioptimality_remaining,eSOH,25.0,96.0,5,45399.38411453375
Ioptimality_N10,eSOH,26.0,10.0,5,42322.53198484161
Ioptimality_N25,eSOH,26.0,25.0,5,42567.47199951425
Ioptimality_remaining,eSOH,26.0,95.0,5,39861.95016480205
Ioptimality_N10,eSOH,27.0,10.0,5,37506.11910262589
Ioptimality_N25,eSOH,27.0,25.0,5,37704.608079548256
Ioptimality_remaining,eSOH,27.0,94.0,5,35106.678382107435
Ioptimality_N10,eSOH,28.0,10.0,5,33560.725261462794
Ioptimality_N25,eSOH,28.0,25.0,5,33724.361137299566
Ioptimality_remaining,eSOH,28.0,93.0,5,31261.151014497533
Ioptimality_N10,eSOH,29.0,10.0,5,30218.203365879355
Ioptimality_N25,eSOH,29.0,25.0,5,30355.007240528044
Ioptimality_remaining,eSOH,29.0,92.0,5,28040.465580063195
Ioptimality_N10,eSOH,30.0,10.0,5,27331.759579538106
Ioptimality_N25,eSOH,30.0,25.0,5,27447.54407493244
Ioptimality_remaining,eSOH,30.0,91.0,5,25287.218803167518
Ioptimality_N10,eSOH,31.0,10.0,5,24805.89311288944
Ioptimality_N25,eSOH,31.0,25.0,5,24904.90613708835
Ioptimality_remaining,eSOH,31.0,90.0,5,22898.136112705815
Ioptimality_N10,eSOH,32.0,10.0,5,22577.595926092807
Ioptimality_N25,eSOH,32.0,25.0,5,22661.71862875983
Ioptimality_remaining,eSOH,32.0,89.0,5,20803.220467045376
Ioptimality_N10,eSOH,33.0,10.0,5,20600.5027891195
Ioptimality_N25,eSOH,33.0,25.0,5,20671.968833891497
Ioptimality_remaining,eSOH,33.0,88.0,5,18955.233817224707
Ioptimality_N10,eSOH,34.0,10.0,5,18838.227426990652
Ioptimality_N25,eSOH,34.0,25.0,5,18899.155742016774
Ioptimality_remaining,eSOH,34.0,87.0,5,17316.544751827423
Ioptimality_N10,eSOH,35.0,10.0,5,17272.036081503727
Ioptimality_N25,eSOH,35.0,25.0,5,17321.688325539726
Ioptimality_remaining,eSOH,35.0,86.0,5,15841.589516412856
Ioptimality_N10,eSOH,36.0,10.0,5,15872.478293772907
Ioptimality_N25,eSOH,36.0,25.0,5,15913.2363488218
Ioptimality_remaining,eSOH,36.0,85.0,5,14536.235141723193
Ioptimality_N10,eSOH,37.0,10.0,5,14609.410335707347
Ioptimality_N25,eSOH,37.0,25.0,5,14642.792535928054
Ioptimality_remaining,eSOH,37.0,84.0,5,13368.694582324793
Ioptimality_N10,eSOH,38.0,10.0,5,13470.133560958604
Ioptimality_N25,eSOH,38.0,25.0,5,13497.058978229086
Ioptimality_remaining,eSOH,38.0,83.0,5,12319.225387446653
Ioptimality_N10,eSOH,39.0,10.0,5,12440.0599205742
Ioptimality_N25,eSOH,39.0,25.0,5,12461.505479661497
Ioptimality_remaining,eSOH,39.0,82.0,5,11373.103004183251
Ioptimality_N10,eSOH,40.0,10.0,5,11511.731880620935
Ioptimality_N25,eSOH,40.0,25.0,5,11528.274338022207
Ioptimality_remaining,eSOH,40.0,81.0,5,10520.472893805341
Ioptimality_N10,eSOH,41.0,10.0,5,10673.590407487163
Ioptimality_N25,eSOH,41.0,25.0,5,10685.666165378098
Ioptimality_remaining,eSOH,41.0,80.0,5,9750.279152750085
Ioptimality_N10,eSOH,42.0,10.0,5,9915.073699510644
Ioptimality_N25,eSOH,42.0,25.0,5,9923.325056580514
Ioptimality_remaining,eSOH,42.0,79.0,5,9052.641546861534
Ioptimality_N10,eSOH,43.0,10.0,5,9223.681132200054
Ioptimality_N25,eSOH,43.0,25.0,5,9228.8154200108
Ioptimality_remaining,eSOH,43.0,78.0,5,8417.880553654852
Ioptimality_N10,eSOH,44.0,10.0,5,8591.43464720084
Ioptimality_N25,eSOH,44.0,25.0,5,8593.863225295978
Ioptimality_remaining,eSOH,44.0,77.0,5,7838.8747109211345
Ioptimality_N10,eSOH,45.0,10.0,5,8011.775360764764
Ioptimality_N25,eSOH,45.0,25.0,5,8011.849977690331
Ioptimality_remaining,eSOH,45.0,76.0,5,7309.126749151019
Ioptimality_N10,eSOH,46.0,10.0,5,7479.683692865908
Ioptimality_N25,eSOH,46.0,25.0,5,7477.694769908666
Ioptimality_remaining,eSOH,46.0,75.0,5,6823.667326215305
Ioptimality_N10,eSOH,47.0,10.0,5,6993.129596413337
Ioptimality_N25,eSOH,47.0,25.0,5,6989.33188865432
Ioptimality_remaining,eSOH,47.0,74.0,5,6379.747519766935
Ioptimality_N10,eSOH,48.0,10.0,5,6546.309832479691
Ioptimality_N25,eSOH,48.0,25.0,5,6540.91245939869
Ioptimality_remaining,eSOH,48.0,73.0,5,5972.376260901646
Ioptimality_N10,eSOH,49.0,10.0,5,6137.426326943607
Ioptimality_N25,eSOH,49.0,25.0,5,6130.47378738089
Ioptimality_remaining,eSOH,49.0,72.0,5,5599.174320886589
Ioptimality_N10,eSOH,50.0,10.0,5,5761.285041630373
Ioptimality_N25,eSOH,50.0,25.0,5,5752.880101879203
Ioptimality_remaining,eSOH,50.0,71.0,5,5255.869040994818
Ioptimality_N10,eSOH,51.0,10.0,5,5413.025210566671
Ioptimality_N25,eSOH,51.0,25.0,5,5403.3278842677455
Ioptimality_remaining,eSOH,51.0,70.0,5,4938.504142503003
Ioptimality_N10,eSOH,52.0,10.0,5,5090.758868126925
Ioptimality_N25,eSOH,52.0,25.0,5,5079.903066604149
Ioptimality_remaining,eSOH,52.0,69.0,5,4645.107758756061
Ioptimality_N10,eSOH,53.0,10.0,5,4803.179115711952
Ioptimality_N25,eSOH,53.0,25.0,5,4790.791450782514
Ioptimality_remaining,eSOH,53.0,68.0,5,4380.429604939774
Ioptimality_N10,eSOH,54.0,10.0,5,4534.288617678159
Ioptimality_N25,eSOH,54.0,25.0,5,4520.506497905075
Ioptimality_remaining,eSOH,54.0,67.0,5,4133.719954834599
Ioptimality_N10,eSOH,55.0,10.0,5,4282.70751575921
Ioptimality_N25,eSOH,55.0,25.0,5,4267.685570051169
Ioptimality_remaining,eSOH,55.0,66.0,5,3903.5267652827665
Ioptimality_N10,eSOH,56.0,10.0,5,4047.1409818916377
Ioptimality_N25,eSOH,56.0,25.0,5,4031.0102986391666
Ioptimality_remaining,eSOH,56.0,65.0,5,3688.4984779326633
Ioptimality_N10,eSOH,57.0,10.0,5,3826.5549176923764
Ioptimality_N25,eSOH,57.0,25.0,5,3809.431072741259
Ioptimality_remaining,eSOH,57.0,64.0,5,3487.5634614953296
Ioptimality_N10,eSOH,58.0,10.0,5,3619.932468569289
Ioptimality_N25,eSOH,58.0,25.0,5,3601.9126592807675
Ioptimality_remaining,eSOH,58.0,63.0,5,3299.688205982923
Ioptimality_N10,eSOH,59.0,10.0,5,3426.2774792069454
Ioptimality_N25,eSOH,59.0,25.0,5,3407.4429379408016
Ioptimality_remaining,eSOH,59.0,62.0,5,3123.8799300360433
Ioptimality_N10,eSOH,60.0,10.0,5,3244.7409349746813
Ioptimality_N25,eSOH,60.0,25.0,5,3225.156324835311
Ioptimality_remaining,eSOH,60.0,61.0,5,2959.2990110506785
Ioptimality_N10,eSOH,61.0,10.0,5,3074.4633459418646
Ioptimality_N25,eSOH,61.0,25.0,5,3054.188373036891
Ioptimality_remaining,eSOH,61.0,60.0,5,2805.1103774077774
Ioptimality_N10,eSOH,62.0,10.0,5,2916.457622531413
Ioptimality_N25,eSOH,62.0,25.0,5,2895.444404326341
Ioptimality_remaining,eSOH,62.0,59.0,5,2661.842896964931
Ioptimality_N10,eSOH,63.0,10.0,5,2769.050117870452
Ioptimality_N25,eSOH,63.0,25.0,5,2747.246058620744
Ioptimality_remaining,eSOH,63.0,58.0,5,2528.144168081289
Ioptimality_N10,eSOH,64.0,10.0,5,2630.5102248676408
Ioptimality_N25,eSOH,64.0,25.0,5,2607.9801807643485
Ioptimality_remaining,eSOH,64.0,57.0,5,2402.6331041178273
Ioptimality_N10,eSOH,65.0,10.0,5,2500.0811546554155
Ioptimality_N25,eSOH,65.0,25.0,5,2476.9370906735344
Ioptimality_remaining,eSOH,65.0,56.0,5,2284.573824761617
Ioptimality_N10,eSOH,66.0,10.0,5,2377.709634222155
Ioptimality_N25,eSOH,66.0,25.0,5,2353.968410593228
Ioptimality_remaining,eSOH,66.0,55.0,5,2173.8138266408614
Ioptimality_N10,eSOH,67.0,10.0,5,2262.0967618673394
Ioptimality_N25,eSOH,67.0,25.0,5,2237.8138747173034
Ioptimality_remaining,eSOH,67.0,54.0,5,2069.313251876905
Ioptimality_N10,eSOH,68.0,10.0,5,2152.81410931063
Ioptimality_N25,eSOH,68.0,25.0,5,2128.024675434199
Ioptimality_remaining,eSOH,68.0,53.0,5,1970.6459192699588
Ioptimality_N10,eSOH,69.0,10.0,5,2049.4326955669335
Ioptimality_N25,eSOH,69.0,25.0,5,2024.2256004734747
Ioptimality_remaining,eSOH,69.0,52.0,5,1877.4535689587674
Ioptimality_N10,eSOH,70.0,10.0,5,1951.6399716156102
Ioptimality_N25,eSOH,70.0,25.0,5,1926.0654849877342
Ioptimality_remaining,eSOH,70.0,51.0,5,1789.3901073962995
Ioptimality_N10,eSOH,71.0,10.0,5,1859.0991002340027
Ioptimality_N25,eSOH,71.0,25.0,5,1833.2103938792727
Ioptimality_remaining,eSOH,71.0,50.0,5,1706.1349577384553
Ioptimality_N10,eSOH,72.0,10.0,5,1771.8710252330354
Ioptimality_N25,eSOH,72.0,25.0,5,1745.7032987894636
Ioptimality_remaining,eSOH,72.0,49.0,5,1627.6837287920976
Ioptimality_N10,eSOH,73.0,10.0,5,1689.8425599519549
Ioptimality_N25,eSOH,73.0,25.0,5,1663.418931590605
Ioptimality_remaining,eSOH,73.0,48.0,5,1553.8956743491274
Ioptimality_N10,eSOH,74.0,10.0,5,1612.7002726336793
Ioptimality_N25,eSOH,74.0,25.0,5,1586.0492940146285
Ioptimality_remaining,eSOH,74.0,47.0,5,1484.4861176964325
Ioptimality_N10,eSOH,75.0,10.0,5,1539.279524942222
Ioptimality_N25,eSOH,75.0,25.0,5,1512.4834293433735
Ioptimality_remaining,eSOH,75.0,46.0,5,1418.512280348187
Ioptimality_N10,eSOH,76.0,10.0,5,1469.4082699766968
Ioptimality_N25,eSOH,76.0,25.0,5,1442.5426936845026
Ioptimality_remaining,eSOH,76.0,45.0,5,1355.8018052461218
Ioptimality_N10,eSOH,77.0,10.0,5,1402.8822189322996
Ioptimality_N25,eSOH,77.0,25.0,5,1376.048621847446
Ioptimality_remaining,eSOH,77.0,44.0,5,1296.1867139607994
Ioptimality_N10,eSOH,78.0,10.0,5,1339.4968354107518
Ioptimality_N25,eSOH,78.0,25.0,5,1312.8475523752245
Ioptimality_remaining,eSOH,78.0,43.0,5,1239.5163851277387
Ioptimality_N10,eSOH,79.0,10.0,5,1278.891949183761
Ioptimality_N25,eSOH,79.0,25.0,5,1252.4862411059207
Ioptimality_remaining,eSOH,79.0,42.0,5,1185.386918482212
Ioptimality_N10,eSOH,80.0,10.0,5,1221.3653106979273
Ioptimality_N25,eSOH,80.0,25.0,5,1195.172631811812
Ioptimality_remaining,eSOH,80.0,41.0,5,1133.9712424280433
Ioptimality_N10,eSOH,81.0,10.0,5,1166.6180251814271
Ioptimality_N25,eSOH,81.0,25.0,5,1140.7045615715913
Ioptimality_remaining,eSOH,81.0,40.0,5,1085.072368111687
Ioptimality_N10,eSOH,82.0,10.0,5,1114.439304582611
Ioptimality_N25,eSOH,82.0,25.0,5,1088.8658479542687
Ioptimality_remaining,eSOH,82.0,39.0,5,1038.4948713968138
Ioptimality_N10,eSOH,83.0,10.0,5,1064.7248659201448
Ioptimality_N25,eSOH,83.0,25.0,5,1039.5533128731859
Ioptimality_remaining,eSOH,83.0,38.0,5,994.1461121103622
Ioptimality_N10,eSOH,84.0,10.0,5,1017.3904072594329
Ioptimality_N25,eSOH,84.0,25.0,5,992.6700007267707
Ioptimality_remaining,eSOH,84.0,37.0,5,951.9419422472021
Ioptimality_N10,eSOH,85.0,10.0,5,972.2039992444854
Ioptimality_N25,eSOH,85.0,25.0,5,947.9635490352838
Ioptimality_remaining,eSOH,85.0,36.0,5,911.660971783685
Ioptimality_N10,eSOH,86.0,10.0,5,929.1023313202129
Ioptimality_N25,eSOH,86.0,25.0,5,905.3547935092669
Ioptimality_remaining,eSOH,86.0,35.0,5,873.2342908081505
Ioptimality_N10,eSOH,87.0,10.0,5,888.1767252027303
Ioptimality_N25,eSOH,87.0,25.0,5,864.9008661615901
Ioptimality_remaining,eSOH,87.0,34.0,5,836.7177178251972
Ioptimality_N10,eSOH,88.0,10.0,5,848.8747519203844
Ioptimality_N25,eSOH,88.0,25.0,5,826.04900544537
Ioptimality_remaining,eSOH,88.0,33.0,5,801.6112022075048
Ioptimality_N10,eSOH,89.0,10.0,5,811.4403906065297
Ioptimality_N25,eSOH,89.0,25.0,5,789.0330221050638
Ioptimality_remaining,eSOH,89.0,32.0,5,768.1410301408646
Ioptimality_N10,eSOH,90.0,10.0,5,776.1964953196339
Ioptimality_N25,eSOH,90.0,25.0,5,754.1506089513866
Ioptimality_remaining,eSOH,90.0,31.0,5,736.6003734966249
Ioptimality_N10,eSOH,91.0,10.0,5,742.565096836634
Ioptimality_N25,eSOH,91.0,25.0,5,720.8178982694211
Ioptimality_remaining,eSOH,91.0,30.0,5,706.458065287082
Ioptimality_N10,eSOH,92.0,10.0,5,710.9662261750063
Ioptimality_N25,eSOH,92.0,25.0,5,689.4017681873033
Ioptimality_remaining,eSOH,92.0,29.0,5,678.0796844438951
Ioptimality_N10,eSOH,93.0,10.0,5,681.9804509297901
Ioptimality_N25,eSOH,93.0,25.0,5,660.3894214026374
Ioptimality_remaining,eSOH,93.0,28.0,5,651.9627970429827
Ioptimality_N10,eSOH,94.0,10.0,5,655.2631519202193
Ioptimality_N25,eSOH,94.0,25.0,5,633.4229203314942
Ioptimality_remaining,eSOH,94.0,27.0,5,627.8105950130628
Ioptimality_N10,eSOH,95.0,10.0,5,629.7707681776591
Ioptimality_N25,eSOH,95.0,25.0,5,607.5401088456
Ioptimality_remaining,eSOH,95.0,26.0,5,604.7270942764293
Ioptimality_N10,eSOH,96.0,10.0,5,605.2009394700773
Ioptimality_N25,eSOH,96.0,25.0,5,582.4292519327054
Ioptimality_remaining,eSOH,96.0,25.0,5,582.4292519327054
Ioptimality_N10,eSOH,97.0,10.0,5,581.5933587324762
Ioptimality_remaining,eSOH,97.0,24.0,5,560.9509223562321
Ioptimality_N10,eSOH,98.0,10.0,5,558.9708545842288
Ioptimality_remaining,eSOH,98.0,23.0,5,540.315819353565
Ioptimality_N10,eSOH,99.0,10.0,5,537.3516083166618
Ioptimality_remaining,eSOH,99.0,22.0,5,520.5466855792932
Ioptimality_N10,eSOH,100.0,10.0,5,516.728629486084
Ioptimality_remaining,eSOH,100.0,21.0,5,501.6493383109205
Ioptimality_N10,eSOH,101.0,10.0,5,497.1555718437906
Ioptimality_remaining,eSOH,101.0,20.0,5,483.6794869887819
Ioptimality_N10,eSOH,102.0,10.0,5,478.9238574947135
Ioptimality_remaining,eSOH,102.0,19.0,5,466.91230493038637
Ioptimality_N10,eSOH,103.0,10.0,5,461.5213662936059
Ioptimality_remaining,eSOH,103.0,18.0,5,450.8948071033892
Ioptimality_N10,eSOH,104.0,10.0,5,444.91651944768967
Ioptimality_remaining,eSOH,104.0,17.0,5,435.61208936857236
Ioptimality_N10,eSOH,105.0,10.0,5,429.03731626410774
Ioptimality_remaining,eSOH,105.0,16.0,5,421.00944718604825
Ioptimality_N10,eSOH,106.0,10.0,5,413.9105841077468
Ioptimality_remaining,eSOH,106.0,15.0,5,407.1339820896343
Ioptimality_N10,eSOH,107.0,10.0,5,399.3445459385527
Ioptimality_remaining,eSOH,107.0,14.0,5,393.8241782628919
Ioptimality_N10,eSOH,108.0,10.0,5,385.37590356940126
Ioptimality_remaining,eSOH,108.0,13.0,5,381.1330270331336
Ioptimality_N10,eSOH,109.0,10.0,5,371.9716070544545
Ioptimality_remaining,eSOH,109.0,12.0,5,369.05346716972275
Ioptimality_N10,eSOH,110.0,10.0,5,359.0291241373933
Ioptimality_remaining,eSOH,110.0,11.0,5,357.5134907852834
Ioptimality_N10,eSOH,111.0,10.0,5,346.4674420342594
Ioptimality_remaining,eSOH,111.0,10.0,5,346.4674420342594
Ioptimality_remaining,eSOH,112.0,9.0,5,335.9197679293793
Ioptimality_remaining,eSOH,113.0,8.0,5,325.7142204426799
Ioptimality_remaining,eSOH,114.0,7.0,5,315.86985183063234
Ioptimality_remaining,eSOH,115.0,6.0,5,306.2886775402383
Ioptimality_remaining,eSOH,116.0,5.0,5,296.9006277934432
Ioptimality_remaining,eSOH,117.0,4.0,5,287.60929845665044
Ioptimality_remaining,eSOH,118.0,3.0,5,278.3714109842032
Ioptimality_remaining,eSOH,119.0,2.0,5,269.0687090187129
Ioptimality_remaining,eSOH,120.0,1.0,5,259.6167021973274
Ioptimality_N10,eSOH + Resistance,1.0,10.0,4,
Ioptimality_N25,eSOH + Resistance,1.0,25.0,4,
Ioptimality_remaining,eSOH + Resistance,1.0,120.0,4,
Ioptimality_N10,eSOH + Resistance,2.0,10.0,5,51.822646113575765
Ioptimality_N25,eSOH + Resistance,2.0,25.0,5,337.0922331481122
Ioptimality_remaining,eSOH + Resistance,2.0,119.0,5,103108.65989185989
Ioptimality_N10,eSOH + Resistance,3.0,10.0,5,15.078830007818837
Ioptimality_N25,eSOH + Resistance,3.0,25.0,5,90.18402357879322
Ioptimality_remaining,eSOH + Resistance,3.0,118.0,5,25532.755868926535
Ioptimality_N10,eSOH + Resistance,4.0,10.0,5,6.961627591585222
Ioptimality_N25,eSOH + Resistance,4.0,25.0,5,38.4670515029973
Ioptimality_remaining,eSOH + Resistance,4.0,117.0,5,10086.901623555848
Ioptimality_N10,eSOH + Resistance,5.0,10.0,5,3.999222739097457
Ioptimality_N25,eSOH + Resistance,5.0,25.0,5,20.520097121119257
Ioptimality_remaining,eSOH + Resistance,5.0,116.0,5,4987.053142182731
Ioptimality_N10,eSOH + Resistance,6.0,10.0,5,2.6170994474766567
Ioptimality_N25,eSOH + Resistance,6.0,25.0,5,12.532113388364689
Ioptimality_remaining,eSOH + Resistance,6.0,115.0,5,2824.7429014870804
Ioptimality_N10,eSOH + Resistance,7.0,10.0,5,1.8636554622259573
Ioptimality_N25,eSOH + Resistance,7.0,25.0,5,8.369867696797721
Ioptimality_remaining,eSOH + Resistance,7.0,114.0,5,1751.026019424463
Ioptimality_N10,eSOH + Resistance,8.0,10.0,5,1.4072107960235563
Ioptimality_N25,eSOH + Resistance,8.0,25.0,5,5.955395821885084
Ioptimality_remaining,eSOH + Resistance,8.0,113.0,5,1157.3281948589856
Ioptimality_N10,eSOH + Resistance,9.0,10.0,5,1.109286749128565
Ioptimality_N25,eSOH + Resistance,9.0,25.0,5,4.443561912897966
Ioptimality_remaining,eSOH + Resistance,9.0,112.0,5,802.8140162350516
Ioptimality_N10,eSOH + Resistance,10.0,10.0,5,0.9035558083619923
Ioptimality_N25,eSOH + Resistance,10.0,25.0,5,3.4402232282380543
Ioptimality_remaining,eSOH + Resistance,10.0,111.0,5,578.3527920587678
Ioptimality_N10,eSOH + Resistance,11.0,10.0,5,0.7552712685818296
Ioptimality_N25,eSOH + Resistance,11.0,25.0,5,2.7434351197492464
Ioptimality_remaining,eSOH + Resistance,11.0,110.0,5,429.54577614176225
Ioptimality_N10,eSOH + Resistance,12.0,10.0,5,0.6444101081729711
Ioptimality_N25,eSOH + Resistance,12.0,25.0,5,2.2411515123613275
Ioptimality_remaining,eSOH + Resistance,12.0,109.0,5,327.09574561511664
Ioptimality_N10,eSOH + Resistance,13.0,10.0,5,0.5593459814281366
Ioptimality_N25,eSOH + Resistance,13.0,25.0,5,1.8683747198182388
Ioptimality_remaining,eSOH + Resistance,13.0,108.0,5,254.40948871693837
Ioptimality_N10,eSOH + Resistance,14.0,10.0,5,0.4925225968998876
Ioptimality_N25,eSOH + Resistance,14.0,25.0,5,1.5846859222680978
Ioptimality_remaining,eSOH + Resistance,14.0,107.0,5,201.4870105754022
Ioptimality_N10,eSOH + Resistance,15.0,10.0,5,0.43891543553006196
Ioptimality_N25,eSOH + Resistance,15.0,25.0,5,1.3639012265316939
Ioptimality_remaining,eSOH + Resistance,15.0,106.0,5,162.0644393204519
Ioptimality_N10,eSOH + Resistance,16.0,10.0,5,0.39513209200626054
Ioptimality_N25,eSOH + Resistance,16.0,25.0,5,1.1886631615907337
Ioptimality_remaining,eSOH + Resistance,16.0,105.0,5,132.1061249168289
Ioptimality_N10,eSOH + Resistance,17.0,10.0,5,0.35884720137961973
Ioptimality_N25,eSOH + Resistance,17.0,25.0,5,1.0474995259206037
Ioptimality_remaining,eSOH + Resistance,17.0,104.0,5,108.96744492349823
Ioptimality_N10,eSOH + Resistance,18.0,10.0,5,0.32838065333109706
Ioptimality_N25,eSOH + Resistance,18.0,25.0,5,0.9323007269255196
Ioptimality_remaining,eSOH + Resistance,18.0,103.0,5,90.82389643539494
Ioptimality_N10,eSOH + Resistance,19.0,10.0,5,0.3025137175683039
Ioptimality_N25,eSOH + Resistance,19.0,25.0,5,0.8368831268096513
Ioptimality_remaining,eSOH + Resistance,19.0,102.0,5,76.41043347654377
Ioptimality_N10,eSOH + Resistance,20.0,10.0,5,0.2803414342750324
Ioptimality_N25,eSOH + Resistance,20.0,25.0,5,0.7569885017840109
Ioptimality_remaining,eSOH + Resistance,20.0,101.0,5,64.82643895455362
Ioptimality_N10,eSOH + Resistance,21.0,10.0,5,0.26112069943368516
Ioptimality_N25,eSOH + Resistance,21.0,25.0,5,0.6893074417776235
Ioptimality_remaining,eSOH + Resistance,21.0,100.0,5,55.40804444870489
Ioptimality_N10,eSOH + Resistance,22.0,10.0,5,0.24437190543947854
Ioptimality_N25,eSOH + Resistance,22.0,25.0,5,0.6315617659030149
Ioptimality_remaining,eSOH + Resistance,22.0,99.0,5,47.686201837466136
Ioptimality_N10,eSOH + Resistance,23.0,10.0,5,0.2296279045694698
Ioptimality_N25,eSOH + Resistance,23.0,25.0,5,0.5817942259716034
Ioptimality_remaining,eSOH + Resistance,23.0,98.0,5,41.29117399744795
Ioptimality_N10,eSOH + Resistance,24.0,10.0,5,0.2165804869081449
Ioptimality_N25,eSOH + Resistance,24.0,25.0,5,0.5386176783085184
Ioptimality_remaining,eSOH + Resistance,24.0,97.0,5,35.95523546062377
Ioptimality_N10,eSOH + Resistance,25.0,10.0,5,0.2049629700470792
Ioptimality_N25,eSOH + Resistance,25.0,25.0,5,0.5009092630647478
Ioptimality_remaining,eSOH + Resistance,25.0,96.0,5,31.470745762813408
Ioptimality_N10,eSOH + Resistance,26.0,10.0,5,0.19454249790368014
Ioptimality_N25,eSOH + Resistance,26.0,25.0,5,0.4677298010806956
Ioptimality_remaining,eSOH + Resistance,26.0,95.0,5,27.673805861679487
Ioptimality_N10,eSOH + Resistance,27.0,10.0,5,0.18518358277511252
Ioptimality_N25,eSOH + Resistance,27.0,25.0,5,0.43843848505876154
Ioptimality_remaining,eSOH + Resistance,27.0,94.0,5,24.443146388336537
Ioptimality_N10,eSOH + Resistance,28.0,10.0,5,0.17673052169156572
Ioptimality_N25,eSOH + Resistance,28.0,25.0,5,0.41242226928976145
Ioptimality_remaining,eSOH + Resistance,28.0,93.0,5,21.677551576678574
Ioptimality_N10,eSOH + Resistance,29.0,10.0,5,0.16906763655482565
Ioptimality_N25,eSOH + Resistance,29.0,25.0,5,0.3892092465607962
Ioptimality_remaining,eSOH + Resistance,29.0,92.0,5,19.297805004844175
Ioptimality_N10,eSOH + Resistance,30.0,10.0,5,0.1620938387196465
Ioptimality_N25,eSOH + Resistance,30.0,25.0,5,0.36841772588250765
Ioptimality_remaining,eSOH + Resistance,30.0,91.0,5,17.239979321041474
Ioptimality_N10,eSOH + Resistance,31.0,10.0,5,0.15572592695648055
Ioptimality_N25,eSOH + Resistance,31.0,25.0,5,0.3497202103990388
Ioptimality_remaining,eSOH + Resistance,31.0,90.0,5,15.452324454510853
Ioptimality_N10,eSOH + Resistance,32.0,10.0,5,0.14990995256257328
Ioptimality_N25,eSOH + Resistance,32.0,25.0,5,0.332851644456121
Ioptimality_remaining,eSOH + Resistance,32.0,89.0,5,13.89299385177898
Ioptimality_N10,eSOH + Resistance,33.0,10.0,5,0.14462426725972638
Ioptimality_N25,eSOH + Resistance,33.0,25.0,5,0.31756948185013356
Ioptimality_remaining,eSOH + Resistance,33.0,88.0,5,12.52685418938838
Ioptimality_N10,eSOH + Resistance,34.0,10.0,5,0.1397437674586212
Ioptimality_N25,eSOH + Resistance,34.0,25.0,5,0.30367699217967276
Ioptimality_remaining,eSOH + Resistance,34.0,87.0,5,11.325316016417181
Ioptimality_N10,eSOH + Resistance,35.0,10.0,5,0.13523012041938612
Ioptimality_N25,eSOH + Resistance,35.0,25.0,5,0.2910190085642463
Ioptimality_remaining,eSOH + Resistance,35.0,86.0,5,10.265096773318112
Ioptimality_N10,eSOH + Resistance,36.0,10.0,5,0.13104717583252748
Ioptimality_N25,eSOH + Resistance,36.0,25.0,5,0.2794562352569843
Ioptimality_remaining,eSOH + Resistance,36.0,85.0,5,9.326477762677689
Ioptimality_N10,eSOH + Resistance,37.0,10.0,5,0.12715185091514528
Ioptimality_N25,eSOH + Resistance,37.0,25.0,5,0.2688628759907609
Ioptimality_remaining,eSOH + Resistance,37.0,84.0,5,8.492636143604935
Ioptimality_N10,eSOH + Resistance,38.0,10.0,5,0.12352694745889296
Ioptimality_N25,eSOH + Resistance,38.0,25.0,5,0.25913576076523337
Ioptimality_remaining,eSOH + Resistance,38.0,83.0,5,7.74975402496288
Ioptimality_N10,eSOH + Resistance,39.0,10.0,5,0.12014695067681994
Ioptimality_N25,eSOH + Resistance,39.0,25.0,5,0.25018316708528837
Ioptimality_remaining,eSOH + Resistance,39.0,82.0,5,7.086029237945461
Ioptimality_N10,eSOH + Resistance,40.0,10.0,5,0.116990995580765
Ioptimality_N25,eSOH + Resistance,40.0,25.0,5,0.24193011211631
Ioptimality_remaining,eSOH + Resistance,40.0,81.0,5,6.491526334027071
Ioptimality_N10,eSOH + Resistance,41.0,10.0,5,0.11403911498061262
Ioptimality_N25,eSOH + Resistance,41.0,25.0,5,0.23430565295745928
Ioptimality_remaining,eSOH + Resistance,41.0,80.0,5,5.957612157490509
Ioptimality_N10,eSOH + Resistance,42.0,10.0,5,0.11126384049296716
Ioptimality_N25,eSOH + Resistance,42.0,25.0,5,0.22723521035126892
Ioptimality_remaining,eSOH + Resistance,42.0,79.0,5,5.476651286515488
Ioptimality_N10,eSOH + Resistance,43.0,10.0,5,0.10860539200832628
Ioptimality_N25,eSOH + Resistance,43.0,25.0,5,0.22060008887689592
Ioptimality_remaining,eSOH + Resistance,43.0,78.0,5,5.040983803125628
Ioptimality_N10,eSOH + Resistance,44.0,10.0,5,0.10611210902456977
Ioptimality_N25,eSOH + Resistance,44.0,25.0,5,0.2144548769008012
Ioptimality_remaining,eSOH + Resistance,44.0,77.0,5,4.647413542260278
Ioptimality_N10,eSOH + Resistance,45.0,10.0,5,0.1037750820814826
Ioptimality_N25,eSOH + Resistance,45.0,25.0,5,0.20875629942585838
Ioptimality_remaining,eSOH + Resistance,45.0,76.0,5,4.291107293011601
Ioptimality_N10,eSOH + Resistance,46.0,10.0,5,0.10158180874897024
Ioptimality_N25,eSOH + Resistance,46.0,25.0,5,0.2034657116648977
Ioptimality_remaining,eSOH + Resistance,46.0,75.0,5,3.967865468335303
Ioptimality_N10,eSOH + Resistance,47.0,10.0,5,0.09952761375129102
Ioptimality_N25,eSOH + Resistance,47.0,25.0,5,0.19855840681837633
Ioptimality_remaining,eSOH + Resistance,47.0,74.0,5,3.6742140754644566
Ioptimality_N10,eSOH + Resistance,48.0,10.0,5,0.0975944590877584
Ioptimality_N25,eSOH + Resistance,48.0,25.0,5,0.19399103973344928
Ioptimality_remaining,eSOH + Resistance,48.0,73.0,5,3.4067306719875083
Ioptimality_N10,eSOH + Resistance,49.0,10.0,5,0.09577378091234952
Ioptimality_N25,eSOH + Resistance,49.0,25.0,5,0.18973687884341417
Ioptimality_remaining,eSOH + Resistance,49.0,72.0,5,3.1626389193213953
Ioptimality_N10,eSOH + Resistance,50.0,10.0,5,0.09405817343136416
Ioptimality_N25,eSOH + Resistance,50.0,25.0,5,0.18577311638259686
Ioptimality_remaining,eSOH + Resistance,50.0,71.0,5,2.9395324349396876
Ioptimality_N10,eSOH + Resistance,51.0,10.0,5,0.09244042087316867
Ioptimality_N25,eSOH + Resistance,51.0,25.0,5,0.18207772469444297
Ioptimality_remaining,eSOH + Resistance,51.0,70.0,5,2.7352647037542805
Ioptimality_N10,eSOH + Resistance,52.0,10.0,5,0.09091568852178764
Ioptimality_N25,eSOH + Resistance,52.0,25.0,5,0.17863207486521446
Ioptimality_remaining,eSOH + Resistance,52.0,69.0,5,2.5479455292633904
Ioptimality_N10,eSOH + Resistance,53.0,10.0,5,0.08947935146085163
Ioptimality_N25,eSOH + Resistance,53.0,25.0,5,0.1754220448802083
Ioptimality_remaining,eSOH + Resistance,53.0,68.0,5,2.37594958133289
Ioptimality_N10,eSOH + Resistance,54.0,10.0,5,0.0881259749557664
Ioptimality_N25,eSOH + Resistance,54.0,25.0,5,0.17242666326140949
Ioptimality_remaining,eSOH + Resistance,54.0,67.0,5,2.217820965118559
Ioptimality_N10,eSOH + Resistance,55.0,10.0,5,0.08684638022699469
Ioptimality_N25,eSOH + Resistance,55.0,25.0,5,0.16963193470815344
Ioptimality_remaining,eSOH + Resistance,55.0,66.0,5,2.0721712950438573
Ioptimality_N10,eSOH + Resistance,56.0,10.0,5,0.08563603940549665
Ioptimality_N25,eSOH + Resistance,56.0,25.0,5,0.16702579874650378
Ioptimality_remaining,eSOH + Resistance,56.0,65.0,5,1.9378439258815272
Ioptimality_N10,eSOH + Resistance,57.0,10.0,5,0.08449148489200048
Ioptimality_N25,eSOH + Resistance,57.0,25.0,5,0.1645972322604877
Ioptimality_remaining,eSOH + Resistance,57.0,64.0,5,1.8138034737758038
Ioptimality_N10,eSOH + Resistance,58.0,10.0,5,0.0834089916120035
Ioptimality_N25,eSOH + Resistance,58.0,25.0,5,0.16233600698787348
Ioptimality_remaining,eSOH + Resistance,58.0,63.0,5,1.699124461619354
Ioptimality_N10,eSOH + Resistance,59.0,10.0,5,0.08238533520503426
Ioptimality_N25,eSOH + Resistance,59.0,25.0,5,0.16023287225130226
Ioptimality_remaining,eSOH + Resistance,59.0,62.0,5,1.592978014121494
Ioptimality_N10,eSOH + Resistance,60.0,10.0,5,0.08141760906448015
Ioptimality_N25,eSOH + Resistance,60.0,25.0,5,0.15827955889288284
Ioptimality_remaining,eSOH + Resistance,60.0,61.0,5,1.4946194838681424
Ioptimality_N10,eSOH + Resistance,61.0,10.0,5,0.08050311723027169
Ioptimality_N25,eSOH + Resistance,61.0,25.0,5,0.15646812977980765
Ioptimality_remaining,eSOH + Resistance,61.0,60.0,5,1.4033787070114163
Ioptimality_N10,eSOH + Resistance,62.0,10.0,5,0.07963765706786625
Ioptimality_N25,eSOH + Resistance,62.0,25.0,5,0.15478685057965197
Ioptimality_remaining,eSOH + Resistance,62.0,59.0,5,1.3186394554814966
Ioptimality_N10,eSOH + Resistance,63.0,10.0,5,0.07882043948490368
Ioptimality_N25,eSOH + Resistance,63.0,25.0,5,0.15322533431206753
Ioptimality_remaining,eSOH + Resistance,63.0,58.0,5,1.239875712300228
Ioptimality_N10,eSOH + Resistance,64.0,10.0,5,0.0780505135760379
Ioptimality_N25,eSOH + Resistance,64.0,25.0,5,0.1517918892981012
Ioptimality_remaining,eSOH + Resistance,64.0,57.0,5,1.1666000892187143
Ioptimality_N10,eSOH + Resistance,65.0,10.0,5,0.07732558377961458
Ioptimality_N25,eSOH + Resistance,65.0,25.0,5,0.15046456410554812
Ioptimality_remaining,eSOH + Resistance,65.0,56.0,5,1.0983653562275517
Ioptimality_N10,eSOH + Resistance,66.0,10.0,5,0.07664420009348692
Ioptimality_N25,eSOH + Resistance,66.0,25.0,5,0.1492588011567392
Ioptimality_remaining,eSOH + Resistance,66.0,55.0,5,1.0347706057463433
Ioptimality_N10,eSOH + Resistance,67.0,10.0,5,0.07600481795626204
Ioptimality_N25,eSOH + Resistance,67.0,25.0,5,0.14817353400613512
Ioptimality_remaining,eSOH + Resistance,67.0,54.0,5,0.9754454280864557
Ioptimality_N10,eSOH + Resistance,68.0,10.0,5,0.07540559831212965
Ioptimality_N25,eSOH + Resistance,68.0,25.0,5,0.14720696679054943
Ioptimality_remaining,eSOH + Resistance,68.0,53.0,5,0.9200574289404854
Ioptimality_N10,eSOH + Resistance,69.0,10.0,5,0.07484025414707977
Ioptimality_N25,eSOH + Resistance,69.0,25.0,5,0.1463586983381504
Ioptimality_remaining,eSOH + Resistance,69.0,52.0,5,0.8683034373910231
Ioptimality_N10,eSOH + Resistance,70.0,10.0,5,0.07431186709029543
Ioptimality_N25,eSOH + Resistance,70.0,25.0,5,0.14563076298639016
Ioptimality_remaining,eSOH + Resistance,70.0,51.0,5,0.8199076023430348
Ioptimality_N10,eSOH + Resistance,71.0,10.0,5,0.07381916502281564
Ioptimality_N25,eSOH + Resistance,71.0,25.0,5,0.14502501207234142
Ioptimality_remaining,eSOH + Resistance,71.0,50.0,5,0.774618076420903
Ioptimality_N10,eSOH + Resistance,72.0,10.0,5,0.07336127185468297
Ioptimality_N25,eSOH + Resistance,72.0,25.0,5,0.14454530354251727
Ioptimality_remaining,eSOH + Resistance,72.0,49.0,5,0.7322077166128711
Ioptimality_N10,eSOH + Resistance,73.0,10.0,5,0.07293708960650366
Ioptimality_N25,eSOH + Resistance,73.0,25.0,5,0.14419698106270692
Ioptimality_remaining,eSOH + Resistance,73.0,48.0,5,0.6924658694565421
Ioptimality_N10,eSOH + Resistance,74.0,10.0,5,0.0725456919867377
Ioptimality_N25,eSOH + Resistance,74.0,25.0,5,0.14398382760912273
Ioptimality_remaining,eSOH + Resistance,74.0,47.0,5,0.6551985268440429
Ioptimality_N10,eSOH + Resistance,75.0,10.0,5,0.07218624681957013
Ioptimality_N25,eSOH + Resistance,75.0,25.0,5,0.14391698047670215
Ioptimality_remaining,eSOH + Resistance,75.0,46.0,5,0.620227353017
Ioptimality_N10,eSOH + Resistance,76.0,10.0,5,0.0718577194329311
Ioptimality_N25,eSOH + Resistance,76.0,25.0,5,0.14400668826156227
Ioptimality_remaining,eSOH + Resistance,76.0,45.0,5,0.5873909360043652
Ioptimality_N10,eSOH + Resistance,77.0,10.0,5,0.07155698955177255
Ioptimality_N25,eSOH + Resistance,77.0,25.0,5,0.14426318101813276
Ioptimality_remaining,eSOH + Resistance,77.0,44.0,5,0.5565378017016737
Ioptimality_N10,eSOH + Resistance,78.0,10.0,5,0.07127945102204351
Ioptimality_N25,eSOH + Resistance,78.0,25.0,5,0.14469885166831328
Ioptimality_remaining,eSOH + Resistance,78.0,43.0,5,0.5275343192682168
Ioptimality_N10,eSOH + Resistance,79.0,10.0,5,0.07103800731636664
Ioptimality_N25,eSOH + Resistance,79.0,25.0,5,0.14533401977784585
Ioptimality_remaining,eSOH + Resistance,79.0,42.0,5,0.5002720023363195
Ioptimality_N10,eSOH + Resistance,80.0,10.0,5,0.07081506375217128
Ioptimality_N25,eSOH + Resistance,80.0,25.0,5,0.14618098528948129
Ioptimality_remaining,eSOH + Resistance,80.0,41.0,5,0.4746176536588892
Ioptimality_N10,eSOH + Resistance,81.0,10.0,5,0.07062521133390251
Ioptimality_N25,eSOH + Resistance,81.0,25.0,5,0.14726150266837823
Ioptimality_remaining,eSOH + Resistance,81.0,40.0,5,0.45046395915491216
Ioptimality_N10,eSOH + Resistance,82.0,10.0,5,0.07047094676582003
Ioptimality_N25,eSOH + Resistance,82.0,25.0,5,0.14859789606184517
Ioptimality_remaining,eSOH + Resistance,82.0,39.0,5,0.42771173224263054
Ioptimality_N10,eSOH + Resistance,83.0,10.0,5,0.07035316061432989
Ioptimality_N25,eSOH + Resistance,83.0,25.0,5,0.15021607623699196
Ioptimality_remaining,eSOH + Resistance,83.0,38.0,5,0.4062706530341405
Ioptimality_N10,eSOH + Resistance,84.0,10.0,5,0.07027381517309024
Ioptimality_N25,eSOH + Resistance,84.0,25.0,5,0.15214130002597456
Ioptimality_remaining,eSOH + Resistance,84.0,37.0,5,0.3860571296923069
Ioptimality_N10,eSOH + Resistance,85.0,10.0,5,0.07023666738496782
Ioptimality_N25,eSOH + Resistance,85.0,25.0,5,0.1544009647724883
Ioptimality_remaining,eSOH + Resistance,85.0,36.0,5,0.3669928168771964
Ioptimality_N10,eSOH + Resistance,86.0,10.0,5,0.07024523032018744
Ioptimality_N25,eSOH + Resistance,86.0,25.0,5,0.15703027014700424
Ioptimality_remaining,eSOH + Resistance,86.0,35.0,5,0.3490068154944649
Ioptimality_N10,eSOH + Resistance,87.0,10.0,5,0.07030556050447183
Ioptimality_N25,eSOH + Resistance,87.0,25.0,5,0.1600726698706451
Ioptimality_remaining,eSOH + Resistance,87.0,34.0,5,0.33203686198207766
Ioptimality_N10,eSOH + Resistance,88.0,10.0,5,0.07042742660959456
Ioptimality_N25,eSOH + Resistance,88.0,25.0,5,0.16357922982357348
Ioptimality_remaining,eSOH + Resistance,88.0,33.0,5,0.31603027000524125
Ioptimality_N10,eSOH + Resistance,89.0,10.0,5,0.07060674152447942
Ioptimality_N25,eSOH + Resistance,89.0,25.0,5,0.16758968165394833
Ioptimality_remaining,eSOH + Resistance,89.0,32.0,5,0.3009098188139903
Ioptimality_N10,eSOH + Resistance,90.0,10.0,5,0.07086677191310797
Ioptimality_N25,eSOH + Resistance,90.0,25.0,5,0.17218390506118209
Ioptimality_remaining,eSOH + Resistance,90.0,31.0,5,0.28665701100186886
Ioptimality_N10,eSOH + Resistance,91.0,10.0,5,0.0712005294195509
Ioptimality_N25,eSOH + Resistance,91.0,25.0,5,0.17740567820980624
Ioptimality_remaining,eSOH + Resistance,91.0,30.0,5,0.2731815169904405
Ioptimality_N10,eSOH + Resistance,92.0,10.0,5,0.07161385494418952
Ioptimality_N25,eSOH + Resistance,92.0,25.0,5,0.1833279857480187
Ioptimality_remaining,eSOH + Resistance,92.0,29.0,5,0.260433242596948
Ioptimality_N10,eSOH + Resistance,93.0,10.0,5,0.07211467343778995
Ioptimality_N25,eSOH + Resistance,93.0,25.0,5,0.19003854102929205
Ioptimality_remaining,eSOH + Resistance,93.0,28.0,5,0.24836870383064882
Ioptimality_N10,eSOH + Resistance,94.0,10.0,5,0.07271176866584535
Ioptimality_N25,eSOH + Resistance,94.0,25.0,5,0.1976298713471287
Ioptimality_remaining,eSOH + Resistance,94.0,27.0,5,0.23694682625311295
Ioptimality_N10,eSOH + Resistance,95.0,10.0,5,0.07341483437631373
Ioptimality_N25,eSOH + Resistance,95.0,25.0,5,0.20620475264323543
Ioptimality_remaining,eSOH + Resistance,95.0,26.0,5,0.22612747063590607
Ioptimality_N10,eSOH + Resistance,96.0,10.0,5,0.07423648986006229
Ioptimality_N25,eSOH + Resistance,96.0,25.0,5,0.21587421303658566
Ioptimality_remaining,eSOH + Resistance,96.0,25.0,5,0.21587421303658566
Ioptimality_N10,eSOH + Resistance,97.0,10.0,5,0.07518910171511428
Ioptimality_remaining,eSOH + Resistance,97.0,24.0,5,0.20615225220307934
Ioptimality_N10,eSOH + Resistance,98.0,10.0,5,0.07628458249908462
Ioptimality_remaining,eSOH + Resistance,98.0,23.0,5,0.1969277898195385
Ioptimality_N10,eSOH + Resistance,99.0,10.0,5,0.07753519996006927
Ioptimality_remaining,eSOH + Resistance,99.0,22.0,5,0.1881726194299581
Ioptimality_N10,eSOH + Resistance,100.0,10.0,5,0.07894844992033224
Ioptimality_remaining,eSOH + Resistance,100.0,21.0,5,0.17985262489384665
Ioptimality_N10,eSOH + Resistance,101.0,10.0,5,0.08053757015588324
Ioptimality_remaining,eSOH + Resistance,101.0,20.0,5,0.17193887008650127
Ioptimality_N10,eSOH + Resistance,102.0,10.0,5,0.08231885393156957
Ioptimality_remaining,eSOH + Resistance,102.0,19.0,5,0.1644051126463861
Ioptimality_N10,eSOH + Resistance,103.0,10.0,5,0.08430962144579202
Ioptimality_remaining,eSOH + Resistance,103.0,18.0,5,0.15722797771321625
Ioptimality_N10,eSOH + Resistance,104.0,10.0,5,0.0865270543744218
Ioptimality_remaining,eSOH + Resistance,104.0,17.0,5,0.15038486350401203
Ioptimality_N10,eSOH + Resistance,105.0,10.0,5,0.08898914889265844
Ioptimality_remaining,eSOH + Resistance,105.0,16.0,5,0.14385284740976623
Ioptimality_N10,eSOH + Resistance,106.0,10.0,5,0.09171501022638277
Ioptimality_remaining,eSOH + Resistance,106.0,15.0,5,0.13760986553892138
Ioptimality_N10,eSOH + Resistance,107.0,10.0,5,0.09472647182176706
Ioptimality_remaining,eSOH + Resistance,107.0,14.0,5,0.13163656640679944
Ioptimality_N10,eSOH + Resistance,108.0,10.0,5,0.0980489362461102
Ioptimality_remaining,eSOH + Resistance,108.0,13.0,5,0.12591481225295353
Ioptimality_N10,eSOH + Resistance,109.0,10.0,5,0.1017078091817342
Ioptimality_remaining,eSOH + Resistance,109.0,12.0,5,0.12043159103544222
Ioptimality_N10,eSOH + Resistance,110.0,10.0,5,0.10572968545966384
Ioptimality_remaining,eSOH + Resistance,110.0,11.0,5,0.11517584014492614
Ioptimality_N10,eSOH + Resistance,111.0,10.0,5,0.11013492449883928
Ioptimality_remaining,eSOH + Resistance,111.0,10.0,5,0.11013492449883928
Ioptimality_remaining,eSOH + Resistance,112.0,9.0,5,0.10529607017846976
Ioptimality_remaining,eSOH + Resistance,113.0,8.0,5,0.1006485616504541
Ioptimality_remaining,eSOH + Resistance,114.0,7.0,5,0.0961838005647249
Ioptimality_remaining,eSOH + Resistance,115.0,6.0,5,0.09189354096844989
Ioptimality_remaining,eSOH + Resistance,116.0,5.0,5,0.08776987216108578
Ioptimality_remaining,eSOH + Resistance,117.0,4.0,5,0.08380510444426606
Ioptimality_remaining,eSOH + Resistance,118.0,3.0,5,0.07998904972003658
Ioptimality_remaining,eSOH + Resistance,119.0,2.0,5,0.0763174565793619
Ioptimality_remaining,eSOH + Resistance,120.0,1.0,5,0.07278626099751329
Ioptimality_N10,eSOH + Resistance + Expansion,1.0,10.0,5,0.9589244468496723
Ioptimality_N25,eSOH + Resistance + Expansion,1.0,25.0,5,0.8695835512156438
Ioptimality_remaining,eSOH + Resistance + Expansion,1.0,120.0,5,19.714913345100594
Ioptimality_N10,eSOH + Resistance + Expansion,2.0,10.0,5,0.47411302670421424
Ioptimality_N25,eSOH + Resistance + Expansion,2.0,25.0,5,0.4314601681802575
Ioptimality_remaining,eSOH + Resistance + Expansion,2.0,119.0,5,9.649211289617316
Ioptimality_N10,eSOH + Resistance + Expansion,3.0,10.0,5,0.31171790233135444
Ioptimality_N25,eSOH + Resistance + Expansion,3.0,25.0,5,0.28486687399759897
Ioptimality_remaining,eSOH + Resistance + Expansion,3.0,118.0,5,6.277311862143439
Ioptimality_N10,eSOH + Resistance + Expansion,4.0,10.0,5,0.23008612627107589
Ioptimality_N25,eSOH + Resistance + Expansion,4.0,25.0,5,0.2112772809593772
Ioptimality_remaining,eSOH + Resistance + Expansion,4.0,117.0,5,4.582876306967609
Ioptimality_N10,eSOH + Resistance + Expansion,5.0,10.0,5,0.18088266713504186
Ioptimality_N25,eSOH + Resistance + Expansion,5.0,25.0,5,0.16698391733176096
Ioptimality_remaining,eSOH + Resistance + Expansion,5.0,116.0,5,3.5627863985904042
Ioptimality_N10,eSOH + Resistance + Expansion,6.0,10.0,5,0.14798588377102667
Ioptimality_N25,eSOH + Resistance + Expansion,6.0,25.0,5,0.1374103398460376
Ioptimality_remaining,eSOH + Resistance + Expansion,6.0,115.0,5,2.882361949417333
Ioptimality_N10,eSOH + Resistance + Expansion,7.0,10.0,5,0.12447535195016768
Ioptimality_N25,eSOH + Resistance + Expansion,7.0,25.0,5,0.11630049735452459
Ioptimality_remaining,eSOH + Resistance + Expansion,7.0,114.0,5,2.3972517762869106
Ioptimality_N10,eSOH + Resistance + Expansion,8.0,10.0,5,0.10687614218776746
Ioptimality_N25,eSOH + Resistance + Expansion,8.0,25.0,5,0.10051441061472838
Ioptimality_remaining,eSOH + Resistance + Expansion,8.0,113.0,5,2.0351390491866375
Ioptimality_N10,eSOH + Resistance + Expansion,9.0,10.0,5,0.09325034861932313
Ioptimality_N25,eSOH + Resistance + Expansion,9.0,25.0,5,0.08830216136242491
Ioptimality_remaining,eSOH + Resistance + Expansion,9.0,112.0,5,1.755647380102294
Ioptimality_N10,eSOH + Resistance + Expansion,10.0,10.0,5,0.08242804473497299
Ioptimality_N25,eSOH + Resistance + Expansion,10.0,25.0,5,0.07860814195177962
Ioptimality_remaining,eSOH + Resistance + Expansion,10.0,111.0,5,1.5342710201841498
Ioptimality_N10,eSOH + Resistance + Expansion,11.0,10.0,5,0.07365938610633933
Ioptimality_N25,eSOH + Resistance + Expansion,11.0,25.0,5,0.07075702052907679
Ioptimality_remaining,eSOH + Resistance + Expansion,11.0,110.0,5,1.355357958802614
Ioptimality_N10,eSOH + Resistance + Expansion,12.0,10.0,5,0.06643877579544875
Ioptimality_N25,eSOH + Resistance + Expansion,12.0,25.0,5,0.06429366102977908
Ioptimality_remaining,eSOH + Resistance + Expansion,12.0,109.0,5,1.2083210591484441
Ioptimality_N10,eSOH + Resistance + Expansion,13.0,10.0,5,0.060411383534833274
Ioptimality_N25,eSOH + Resistance + Expansion,13.0,25.0,5,0.05890026104719277
Ioptimality_remaining,eSOH + Resistance + Expansion,13.0,108.0,5,1.0858094497217492
Ioptimality_N10,eSOH + Resistance + Expansion,14.0,10.0,5,0.055322836944033026
Ioptimality_N25,eSOH + Resistance + Expansion,14.0,25.0,5,0.05434853997589925
Ioptimality_remaining,eSOH + Resistance + Expansion,14.0,107.0,5,0.9825045399519072
Ioptimality_N10,eSOH + Resistance + Expansion,15.0,10.0,5,0.050985376352426524
Ioptimality_N25,eSOH + Resistance + Expansion,15.0,25.0,5,0.05047012550047313
Ioptimality_remaining,eSOH + Resistance + Expansion,15.0,106.0,5,0.8945113810129517
Ioptimality_N10,eSOH + Resistance + Expansion,16.0,10.0,5,0.04725590997568888
Ioptimality_N25,eSOH + Resistance + Expansion,16.0,25.0,5,0.04713780050227849
Ioptimality_remaining,eSOH + Resistance + Expansion,16.0,105.0,5,0.8188924217376728
Ioptimality_N10,eSOH + Resistance + Expansion,17.0,10.0,5,0.04402553601987429
Ioptimality_N25,eSOH + Resistance + Expansion,17.0,25.0,5,0.044253816051110596
Ioptimality_remaining,eSOH + Resistance + Expansion,17.0,104.0,5,0.7533614874997576
Ioptimality_N10,eSOH + Resistance + Expansion,18.0,10.0,5,0.04120938037702445
Ioptimality_N25,eSOH + Resistance + Expansion,18.0,25.0,5,0.04174170999511146
Ioptimality_remaining,eSOH + Resistance + Expansion,18.0,103.0,5,0.6961228670954182
Ioptimality_N10,eSOH + Resistance + Expansion,19.0,10.0,5,0.03874038441163473
Ioptimality_N25,eSOH + Resistance + Expansion,19.0,25.0,5,0.03954234292269507
Ioptimality_remaining,eSOH + Resistance + Expansion,19.0,102.0,5,0.6457755131627354
Ioptimality_N10,eSOH + Resistance + Expansion,20.0,10.0,5,0.03656505420643612
Ioptimality_N25,eSOH + Resistance + Expansion,20.0,25.0,5,0.03760775287195759
Ioptimality_remaining,eSOH + Resistance + Expansion,20.0,101.0,5,0.6011355514980387
Ioptimality_N10,eSOH + Resistance + Expansion,21.0,10.0,5,0.034639674525750896
Ioptimality_N25,eSOH + Resistance + Expansion,21.0,25.0,5,0.03589879936514616
Ioptimality_remaining,eSOH + Resistance + Expansion,21.0,100.0,5,0.5613104080291176
Ioptimality_N10,eSOH + Resistance + Expansion,22.0,10.0,5,0.032928391583388075
Ioptimality_N25,eSOH + Resistance + Expansion,22.0,25.0,5,0.034383391372903686
Ioptimality_remaining,eSOH + Resistance + Expansion,22.0,99.0,5,0.5256018785836849
Ioptimality_N10,eSOH + Resistance + Expansion,23.0,10.0,5,0.031401712438063036
Ioptimality_N25,eSOH + Resistance + Expansion,23.0,25.0,5,0.033034967808290114
Ioptimality_remaining,eSOH + Resistance + Expansion,23.0,98.0,5,0.49340630272447683
Ioptimality_N10,eSOH + Resistance + Expansion,24.0,10.0,5,0.030034945281527798
Ioptimality_N25,eSOH + Resistance + Expansion,24.0,25.0,5,0.03183146282932634
Ioptimality_remaining,eSOH + Resistance + Expansion,24.0,97.0,5,0.4642507124791236
Ioptimality_N10,eSOH + Resistance + Expansion,25.0,10.0,5,0.02880756997380991
Ioptimality_N25,eSOH + Resistance + Expansion,25.0,25.0,5,0.030754413783563896
Ioptimality_remaining,eSOH + Resistance + Expansion,25.0,96.0,5,0.4377317852674995
Ioptimality_N10,eSOH + Resistance + Expansion,26.0,10.0,5,0.027703587433975302
Ioptimality_N25,eSOH + Resistance + Expansion,26.0,25.0,5,0.02978896095165038
Ioptimality_remaining,eSOH + Resistance + Expansion,26.0,95.0,5,0.41351258218772574
Ioptimality_N10,eSOH + Resistance + Expansion,27.0,10.0,5,0.02670760284704309
Ioptimality_N25,eSOH + Resistance + Expansion,27.0,25.0,5,0.028921475417689857
Ioptimality_remaining,eSOH + Resistance + Expansion,27.0,94.0,5,0.39132719303419705
Ioptimality_N10,eSOH + Resistance + Expansion,28.0,10.0,5,0.025806862697932725
Ioptimality_N25,eSOH + Resistance + Expansion,28.0,25.0,5,0.02814064789477564
Ioptimality_remaining,eSOH + Resistance + Expansion,28.0,93.0,5,0.37093044679915227
Ioptimality_N10,eSOH + Resistance + Expansion,29.0,10.0,5,0.02499040675797711
Ioptimality_N25,eSOH + Resistance + Expansion,29.0,25.0,5,0.02743667361942811
Ioptimality_remaining,eSOH + Resistance + Expansion,29.0,92.0,5,0.35211196261192607
Ioptimality_N10,eSOH + Resistance + Expansion,30.0,10.0,5,0.024248591891698323
Ioptimality_N25,eSOH + Resistance + Expansion,30.0,25.0,5,0.026800812220312654
Ioptimality_remaining,eSOH + Resistance + Expansion,30.0,91.0,5,0.3346865567173014
Ioptimality_N10,eSOH + Resistance + Expansion,31.0,10.0,5,0.023572983781908217
Ioptimality_N25,eSOH + Resistance + Expansion,31.0,25.0,5,0.026225780831286113
Ioptimality_remaining,eSOH + Resistance + Expansion,31.0,90.0,5,0.31849909080720373
Ioptimality_N10,eSOH + Resistance + Expansion,32.0,10.0,5,0.022956040970476897
Ioptimality_N25,eSOH + Resistance + Expansion,32.0,25.0,5,0.02570513245636918
Ioptimality_remaining,eSOH + Resistance + Expansion,32.0,89.0,5,0.3034135329681433
Ioptimality_N10,eSOH + Resistance + Expansion,33.0,10.0,5,0.022391081184083544
Ioptimality_N25,eSOH + Resistance + Expansion,33.0,25.0,5,0.025233263391189233
Ioptimality_remaining,eSOH + Resistance + Expansion,33.0,88.0,5,0.2892948585382606
Ioptimality_N10,eSOH + Resistance + Expansion,34.0,10.0,5,0.021873922545293134
Ioptimality_N25,eSOH + Resistance + Expansion,34.0,25.0,5,0.02480522593777701
Ioptimality_remaining,eSOH + Resistance + Expansion,34.0,87.0,5,0.27604659760344674
Ioptimality_N10,eSOH + Resistance + Expansion,35.0,10.0,5,0.021399961407788718
Ioptimality_N25,eSOH + Resistance + Expansion,35.0,25.0,5,0.024416473066009643
Ioptimality_remaining,eSOH + Resistance + Expansion,35.0,86.0,5,0.26358543934099105
Ioptimality_N10,eSOH + Resistance + Expansion,36.0,10.0,5,0.020964800173843494
Ioptimality_N25,eSOH + Resistance + Expansion,36.0,25.0,5,0.02406298923520195
Ioptimality_remaining,eSOH + Resistance + Expansion,36.0,85.0,5,0.2518421361204714
Ioptimality_N10,eSOH + Resistance + Expansion,37.0,10.0,5,0.020564851840420437
Ioptimality_N25,eSOH + Resistance + Expansion,37.0,25.0,5,0.023741257780787874
Ioptimality_remaining,eSOH + Resistance + Expansion,37.0,84.0,5,0.24075109698876304
Ioptimality_N10,eSOH + Resistance + Expansion,38.0,10.0,5,0.020196573269906398
Ioptimality_N25,eSOH + Resistance + Expansion,38.0,25.0,5,0.023448125031622497
Ioptimality_remaining,eSOH + Resistance + Expansion,38.0,83.0,5,0.23025686729907838
Ioptimality_N10,eSOH + Resistance + Expansion,39.0,10.0,5,0.019856781305222507
Ioptimality_N25,eSOH + Resistance + Expansion,39.0,25.0,5,0.023180605691177972
Ioptimality_remaining,eSOH + Resistance + Expansion,39.0,82.0,5,0.22030950561848203
Ioptimality_N10,eSOH + Resistance + Expansion,40.0,10.0,5,0.019542728161768913
Ioptimality_N25,eSOH + Resistance + Expansion,40.0,25.0,5,0.02293602427059957
Ioptimality_remaining,eSOH + Resistance + Expansion,40.0,81.0,5,0.2108634611313392
Ioptimality_N10,eSOH + Resistance + Expansion,41.0,10.0,5,0.01925217075534607
Ioptimality_N25,eSOH + Resistance + Expansion,41.0,25.0,5,0.02271215127021554
Ioptimality_remaining,eSOH + Resistance + Expansion,41.0,80.0,5,0.20188047943974546
Ioptimality_N10,eSOH + Resistance + Expansion,42.0,10.0,5,0.018983227108218183
Ioptimality_N25,eSOH + Resistance + Expansion,42.0,25.0,5,0.02250758645756016
Ioptimality_remaining,eSOH + Resistance + Expansion,42.0,79.0,5,0.1933608613232644
Ioptimality_N10,eSOH + Resistance + Expansion,43.0,10.0,5,0.0187348111499417
Ioptimality_N25,eSOH + Resistance + Expansion,43.0,25.0,5,0.022321453110918182
Ioptimality_remaining,eSOH + Resistance + Expansion,43.0,78.0,5,0.18527490555066045
Ioptimality_N10,eSOH + Resistance + Expansion,44.0,10.0,5,0.018503264711875727
Ioptimality_N25,eSOH + Resistance + Expansion,44.0,25.0,5,0.022149521065220973
Ioptimality_remaining,eSOH + Resistance + Expansion,44.0,77.0,5,0.17754407499254288
Ioptimality_N10,eSOH + Resistance + Expansion,45.0,10.0,5,0.018286320379934298
Ioptimality_N25,eSOH + Resistance + Expansion,45.0,25.0,5,0.021989959121615943
Ioptimality_remaining,eSOH + Resistance + Expansion,45.0,76.0,5,0.17014524302368442
Ioptimality_N10,eSOH + Resistance + Expansion,46.0,10.0,5,0.018082356606977455
Ioptimality_N25,eSOH + Resistance + Expansion,46.0,25.0,5,0.02184120447237597
Ioptimality_remaining,eSOH + Resistance + Expansion,46.0,75.0,5,0.16305747192077788
Ioptimality_N10,eSOH + Resistance + Expansion,47.0,10.0,5,0.017889432463800002
Ioptimality_N25,eSOH + Resistance + Expansion,47.0,25.0,5,0.02170144367058889
Ioptimality_remaining,eSOH + Resistance + Expansion,47.0,74.0,5,0.15626472945089012
Ioptimality_N10,eSOH + Resistance + Expansion,48.0,10.0,5,0.01770670302406814
Ioptimality_N25,eSOH + Resistance + Expansion,48.0,25.0,5,0.021569739639766564
Ioptimality_remaining,eSOH + Resistance + Expansion,48.0,73.0,5,0.14975075966264823
Ioptimality_N10,eSOH + Resistance + Expansion,49.0,10.0,5,0.017533160435831155
Ioptimality_N25,eSOH + Resistance + Expansion,49.0,25.0,5,0.02144495446127494
Ioptimality_remaining,eSOH + Resistance + Expansion,49.0,72.0,5,0.14349658609474805
Ioptimality_N10,eSOH + Resistance + Expansion,50.0,10.0,5,0.017367509434524964
Ioptimality_N25,eSOH + Resistance + Expansion,50.0,25.0,5,0.0213258318080837
Ioptimality_remaining,eSOH + Resistance + Expansion,50.0,71.0,5,0.13748824835293685
Ioptimality_N10,eSOH + Resistance + Expansion,51.0,10.0,5,0.017208725437943984
Ioptimality_N25,eSOH + Resistance + Expansion,51.0,25.0,5,0.021211305477201382
Ioptimality_remaining,eSOH + Resistance + Expansion,51.0,70.0,5,0.1317135213380563
Ioptimality_N10,eSOH + Resistance + Expansion,52.0,10.0,5,0.01705588646729415
Ioptimality_N25,eSOH + Resistance + Expansion,52.0,25.0,5,0.021100319346717758
Ioptimality_remaining,eSOH + Resistance + Expansion,52.0,69.0,5,0.1261614439224449
Ioptimality_N10,eSOH + Resistance + Expansion,53.0,10.0,5,0.016908124418891966
Ioptimality_N25,eSOH + Resistance + Expansion,53.0,25.0,5,0.020991660602039778
Ioptimality_remaining,eSOH + Resistance + Expansion,53.0,68.0,5,0.12081868521447912
Ioptimality_N10,eSOH + Resistance + Expansion,54.0,10.0,5,0.01676420102662817
Ioptimality_N25,eSOH + Resistance + Expansion,54.0,25.0,5,0.020884694993407324
Ioptimality_remaining,eSOH + Resistance + Expansion,54.0,67.0,5,0.11567675392332519
Ioptimality_N10,eSOH + Resistance + Expansion,55.0,10.0,5,0.01662371043762268
Ioptimality_N25,eSOH + Resistance + Expansion,55.0,25.0,5,0.020778795340963017
Ioptimality_remaining,eSOH + Resistance + Expansion,55.0,66.0,5,0.11073091164243391
Ioptimality_N10,eSOH + Resistance + Expansion,56.0,10.0,5,0.01648581061676525
Ioptimality_N25,eSOH + Resistance + Expansion,56.0,25.0,5,0.02067297506927106
Ioptimality_remaining,eSOH + Resistance + Expansion,56.0,65.0,5,0.1059730196037721
Ioptimality_N10,eSOH + Resistance + Expansion,57.0,10.0,5,0.01634956302058868
Ioptimality_N25,eSOH + Resistance + Expansion,57.0,25.0,5,0.020566607857480514
Ioptimality_remaining,eSOH + Resistance + Expansion,57.0,64.0,5,0.10139566504787183
Ioptimality_N10,eSOH + Resistance + Expansion,58.0,10.0,5,0.016214116698811672
Ioptimality_N25,eSOH + Resistance + Expansion,58.0,25.0,5,0.02045902033297474
Ioptimality_remaining,eSOH + Resistance + Expansion,58.0,63.0,5,0.09699187842924151
Ioptimality_N10,eSOH + Resistance + Expansion,59.0,10.0,5,0.016078897804806237
Ioptimality_N25,eSOH + Resistance + Expansion,59.0,25.0,5,0.020349638284913076
Ioptimality_remaining,eSOH + Resistance + Expansion,59.0,62.0,5,0.09275522206463457
Ioptimality_N10,eSOH + Resistance + Expansion,60.0,10.0,5,0.015943466005610994
Ioptimality_N25,eSOH + Resistance + Expansion,60.0,25.0,5,0.020237593312501963
Ioptimality_remaining,eSOH + Resistance + Expansion,60.0,61.0,5,0.08867968540327725
Ioptimality_N10,eSOH + Resistance + Expansion,61.0,10.0,5,0.015807426382595743
Ioptimality_N25,eSOH + Resistance + Expansion,61.0,25.0,5,0.02012230995421183
Ioptimality_remaining,eSOH + Resistance + Expansion,61.0,60.0,5,0.08475985558508284
Ioptimality_N10,eSOH + Resistance + Expansion,62.0,10.0,5,0.015670657668097242
Ioptimality_N25,eSOH + Resistance + Expansion,62.0,25.0,5,0.02000392127521851
Ioptimality_remaining,eSOH + Resistance + Expansion,62.0,59.0,5,0.08099223254684987
Ioptimality_N10,eSOH + Resistance + Expansion,63.0,10.0,5,0.015532717999399027
Ioptimality_N25,eSOH + Resistance + Expansion,63.0,25.0,5,0.01988243647203401
Ioptimality_remaining,eSOH + Resistance + Expansion,63.0,58.0,5,0.07737032373230869
Ioptimality_N10,eSOH + Resistance + Expansion,64.0,10.0,5,0.015393259848190738
Ioptimality_N25,eSOH + Resistance + Expansion,64.0,25.0,5,0.019756517720078137
Ioptimality_remaining,eSOH + Resistance + Expansion,64.0,57.0,5,0.07388892465183276
Ioptimality_N10,eSOH + Resistance + Expansion,65.0,10.0,5,0.015252003084547808
Ioptimality_N25,eSOH + Resistance + Expansion,65.0,25.0,5,0.019626707675169594
Ioptimality_remaining,eSOH + Resistance + Expansion,65.0,56.0,5,0.07054349744182338
Ioptimality_N10,eSOH + Resistance + Expansion,66.0,10.0,5,0.015108714652310229
Ioptimality_N25,eSOH + Resistance + Expansion,66.0,25.0,5,0.019492530123148503
Ioptimality_remaining,eSOH + Resistance + Expansion,66.0,55.0,5,0.06732992281605882
Ioptimality_N10,eSOH + Resistance + Expansion,67.0,10.0,5,0.014963584408931776
Ioptimality_N25,eSOH + Resistance + Expansion,67.0,25.0,5,0.01935473560101133
Ioptimality_remaining,eSOH + Resistance + Expansion,67.0,54.0,5,0.06424835022396963
Ioptimality_N10,eSOH + Resistance + Expansion,68.0,10.0,5,0.014816561229161926
Ioptimality_N25,eSOH + Resistance + Expansion,68.0,25.0,5,0.019213439806824408
Ioptimality_remaining,eSOH + Resistance + Expansion,68.0,53.0,5,0.061295811780789966
Ioptimality_N10,eSOH + Resistance + Expansion,69.0,10.0,5,0.014667834828890444
Ioptimality_N25,eSOH + Resistance + Expansion,69.0,25.0,5,0.019068465217653326
Ioptimality_remaining,eSOH + Resistance + Expansion,69.0,52.0,5,0.058467195239724296
Ioptimality_N10,eSOH + Resistance + Expansion,70.0,10.0,5,0.014516856218673612
Ioptimality_N25,eSOH + Resistance + Expansion,70.0,25.0,5,0.01891953489360653
Ioptimality_remaining,eSOH + Resistance + Expansion,70.0,51.0,5,0.055757931867556315
Ioptimality_N10,eSOH + Resistance + Expansion,71.0,10.0,5,0.014363183111046942
Ioptimality_N25,eSOH + Resistance + Expansion,71.0,25.0,5,0.01876660409555695
Ioptimality_remaining,eSOH + Resistance + Expansion,71.0,50.0,5,0.0531637286936532
Ioptimality_N10,eSOH + Resistance + Expansion,72.0,10.0,5,0.014206833736554233
Ioptimality_N25,eSOH + Resistance + Expansion,72.0,25.0,5,0.01860976889658012
Ioptimality_remaining,eSOH + Resistance + Expansion,72.0,49.0,5,0.05068038996015321
Ioptimality_N10,eSOH + Resistance + Expansion,73.0,10.0,5,0.014047806298887907
Ioptimality_N25,eSOH + Resistance + Expansion,73.0,25.0,5,0.018449224041637048
Ioptimality_remaining,eSOH + Resistance + Expansion,73.0,48.0,5,0.04830400956525544
Ioptimality_N10,eSOH + Resistance + Expansion,74.0,10.0,5,0.013886133176614223
Ioptimality_N25,eSOH + Resistance + Expansion,74.0,25.0,5,0.01828542736669482
Ioptimality_remaining,eSOH + Resistance + Expansion,74.0,47.0,5,0.04603106142830492
Ioptimality_N10,eSOH + Resistance + Expansion,75.0,10.0,5,0.013721293960758923
Ioptimality_N25,eSOH + Resistance + Expansion,75.0,25.0,5,0.018118510599490045
Ioptimality_remaining,eSOH + Resistance + Expansion,75.0,46.0,5,0.04385725126630037
Ioptimality_N10,eSOH + Resistance + Expansion,76.0,10.0,5,0.013553196220641928
Ioptimality_N25,eSOH + Resistance + Expansion,76.0,25.0,5,0.017949050828337924
Ioptimality_remaining,eSOH + Resistance + Expansion,76.0,45.0,5,0.04177909851920676
Ioptimality_N10,eSOH + Resistance + Expansion,77.0,10.0,5,0.013382544865836548
Ioptimality_N25,eSOH + Resistance + Expansion,77.0,25.0,5,0.017778047219935353
Ioptimality_remaining,eSOH + Resistance + Expansion,77.0,44.0,5,0.03979445231337404
Ioptimality_N10,eSOH + Resistance + Expansion,78.0,10.0,5,0.013210358307102894
Ioptimality_N25,eSOH + Resistance + Expansion,78.0,25.0,5,0.017606686698105337
Ioptimality_remaining,eSOH + Resistance + Expansion,78.0,43.0,5,0.03790051954194572
Ioptimality_N10,eSOH + Resistance + Expansion,79.0,10.0,5,0.013034346505981126
Ioptimality_N25,eSOH + Resistance + Expansion,79.0,25.0,5,0.017433544966062017
Ioptimality_remaining,eSOH + Resistance + Expansion,79.0,42.0,5,0.03608777650172681
Ioptimality_N10,eSOH + Resistance + Expansion,80.0,10.0,5,0.012857015110067791
Ioptimality_N25,eSOH + Resistance + Expansion,80.0,25.0,5,0.01726160511073099
Ioptimality_remaining,eSOH + Resistance + Expansion,80.0,41.0,5,0.03436018895337193
Ioptimality_N10,eSOH + Resistance + Expansion,81.0,10.0,5,0.012678824686599643
Ioptimality_N25,eSOH + Resistance + Expansion,81.0,25.0,5,0.01709306398113385
Ioptimality_remaining,eSOH + Resistance + Expansion,81.0,40.0,5,0.032718762127747644
Ioptimality_N10,eSOH + Resistance + Expansion,82.0,10.0,5,0.01249986185821903
Ioptimality_N25,eSOH + Resistance + Expansion,82.0,25.0,5,0.016929124294908126
Ioptimality_remaining,eSOH + Resistance + Expansion,82.0,39.0,5,0.031159863245445365
Ioptimality_N10,eSOH + Resistance + Expansion,83.0,10.0,5,0.012320067659831416
Ioptimality_N25,eSOH + Resistance + Expansion,83.0,25.0,5,0.0167709050940778
Ioptimality_remaining,eSOH + Resistance + Expansion,83.0,38.0,5,0.029679944577579487
Ioptimality_N10,eSOH + Resistance + Expansion,84.0,10.0,5,0.012139556916672343
Ioptimality_N25,eSOH + Resistance + Expansion,84.0,25.0,5,0.016620001482633553
Ioptimality_remaining,eSOH + Resistance + Expansion,84.0,37.0,5,0.028275569952555767
Ioptimality_N10,eSOH + Resistance + Expansion,85.0,10.0,5,0.011959570404439242
Ioptimality_N25,eSOH + Resistance + Expansion,85.0,25.0,5,0.016480261197351846
Ioptimality_remaining,eSOH + Resistance + Expansion,85.0,36.0,5,0.026947537631754438
Ioptimality_N10,eSOH + Resistance + Expansion,86.0,10.0,5,0.011780467355524071
Ioptimality_N25,eSOH + Resistance + Expansion,86.0,25.0,5,0.016353651950378884
Ioptimality_remaining,eSOH + Resistance + Expansion,86.0,35.0,5,0.025692240320327683
Ioptimality_N10,eSOH + Resistance + Expansion,87.0,10.0,5,0.011601614669307633
Ioptimality_N25,eSOH + Resistance + Expansion,87.0,25.0,5,0.016240513486026155
Ioptimality_remaining,eSOH + Resistance + Expansion,87.0,34.0,5,0.0245031647444958
Ioptimality_N10,eSOH + Resistance + Expansion,88.0,10.0,5,0.011421369833055112
Ioptimality_N25,eSOH + Resistance + Expansion,88.0,25.0,5,0.01613970108730929
Ioptimality_remaining,eSOH + Resistance + Expansion,88.0,33.0,5,0.023371367983584846
Ioptimality_N10,eSOH + Resistance + Expansion,89.0,10.0,5,0.011243788751076894
Ioptimality_N25,eSOH + Resistance + Expansion,89.0,25.0,5,0.016058993609684772
Ioptimality_remaining,eSOH + Resistance + Expansion,89.0,32.0,5,0.022302080120470746
Ioptimality_N10,eSOH + Resistance + Expansion,90.0,10.0,5,0.011064378673782299
Ioptimality_N25,eSOH + Resistance + Expansion,90.0,25.0,5,0.015993962737464656
Ioptimality_remaining,eSOH + Resistance + Expansion,90.0,31.0,5,0.02128190231220695
Ioptimality_N10,eSOH + Resistance + Expansion,91.0,10.0,5,0.010886912641381818
Ioptimality_N25,eSOH + Resistance + Expansion,91.0,25.0,5,0.015952027546264073
Ioptimality_remaining,eSOH + Resistance + Expansion,91.0,30.0,5,0.020314490615915726
Ioptimality_N10,eSOH + Resistance + Expansion,92.0,10.0,5,0.010711462590594027
Ioptimality_N25,eSOH + Resistance + Expansion,92.0,25.0,5,0.015935823815508683
Ioptimality_remaining,eSOH + Resistance + Expansion,92.0,29.0,5,0.019396953078154328
Ioptimality_N10,eSOH + Resistance + Expansion,93.0,10.0,5,0.010538911686913021
Ioptimality_N25,eSOH + Resistance + Expansion,93.0,25.0,5,0.01594831347160974
Ioptimality_remaining,eSOH + Resistance + Expansion,93.0,28.0,5,0.01852701835411561
Ioptimality_N10,eSOH + Resistance + Expansion,94.0,10.0,5,0.010369943905212533
Ioptimality_N25,eSOH + Resistance + Expansion,94.0,25.0,5,0.015992196798523692
Ioptimality_remaining,eSOH + Resistance + Expansion,94.0,27.0,5,0.017702153093557795
Ioptimality_N10,eSOH + Resistance + Expansion,95.0,10.0,5,0.0102059351358588
Ioptimality_N25,eSOH + Resistance + Expansion,95.0,25.0,5,0.016070634539827617
Ioptimality_remaining,eSOH + Resistance + Expansion,95.0,26.0,5,0.016921708343852867
Ioptimality_N10,eSOH + Resistance + Expansion,96.0,10.0,5,0.010047177370714698
Ioptimality_N25,eSOH + Resistance + Expansion,96.0,25.0,5,0.016182813283811995
Ioptimality_remaining,eSOH + Resistance + Expansion,96.0,25.0,5,0.016182813283811995
Ioptimality_N10,eSOH + Resistance + Expansion,97.0,10.0,5,0.009893964828947683
Ioptimality_remaining,eSOH + Resistance + Expansion,97.0,24.0,5,0.015481959237505229
Ioptimality_N10,eSOH + Resistance + Expansion,98.0,10.0,5,0.009746229726067823
Ioptimality_remaining,eSOH + Resistance + Expansion,98.0,23.0,5,0.014815940856268526
Ioptimality_N10,eSOH + Resistance + Expansion,99.0,10.0,5,0.009603308653379756
Ioptimality_remaining,eSOH + Resistance + Expansion,99.0,22.0,5,0.014179912570758313
Ioptimality_N10,eSOH + Resistance + Expansion,100.0,10.0,5,0.009465774105389953
Ioptimality_remaining,eSOH + Resistance + Expansion,100.0,21.0,5,0.013571550285366916
Ioptimality_N10,eSOH + Resistance + Expansion,101.0,10.0,5,0.009332664133523903
Ioptimality_remaining,eSOH + Resistance + Expansion,101.0,20.0,5,0.01298658297071863
Ioptimality_N10,eSOH + Resistance + Expansion,102.0,10.0,5,0.009203129896945892
Ioptimality_remaining,eSOH + Resistance + Expansion,102.0,19.0,5,0.012421909799911897
Ioptimality_N10,eSOH + Resistance + Expansion,103.0,10.0,5,0.009075479392212026
Ioptimality_remaining,eSOH + Resistance + Expansion,103.0,18.0,5,0.011873942124464945
Ioptimality_N10,eSOH + Resistance + Expansion,104.0,10.0,5,0.008948064205956816
Ioptimality_remaining,eSOH + Resistance + Expansion,104.0,17.0,5,0.011339677921749836
Ioptimality_N10,eSOH + Resistance + Expansion,105.0,10.0,5,0.008819488900605469
Ioptimality_remaining,eSOH + Resistance + Expansion,105.0,16.0,5,0.010817212497023313
Ioptimality_N10,eSOH + Resistance + Expansion,106.0,10.0,5,0.008688929123219086
Ioptimality_remaining,eSOH + Resistance + Expansion,106.0,15.0,5,0.010306556296730707
Ioptimality_N10,eSOH + Resistance + Expansion,107.0,10.0,5,0.008554201775396177
Ioptimality_remaining,eSOH + Resistance + Expansion,107.0,14.0,5,0.009806773183150371
Ioptimality_N10,eSOH + Resistance + Expansion,108.0,10.0,5,0.008413327295218466
Ioptimality_remaining,eSOH + Resistance + Expansion,108.0,13.0,5,0.009317991235782995
Ioptimality_N10,eSOH + Resistance + Expansion,109.0,10.0,5,0.008262465710010918
Ioptimality_remaining,eSOH + Resistance + Expansion,109.0,12.0,5,0.008839111815930008
Ioptimality_N10,eSOH + Resistance + Expansion,110.0,10.0,5,0.00809665291190548
Ioptimality_remaining,eSOH + Resistance + Expansion,110.0,11.0,5,0.008369643111468511
Ioptimality_N10,eSOH + Resistance + Expansion,111.0,10.0,5,0.007911655556036411
Ioptimality_remaining,eSOH + Resistance + Expansion,111.0,10.0,5,0.007911655556036411
Ioptimality_remaining,eSOH + Resistance + Expansion,112.0,9.0,5,0.0074682086049127315
Ioptimality_remaining,eSOH + Resistance + Expansion,113.0,8.0,5,0.007042024897690808
Ioptimality_remaining,eSOH + Resistance + Expansion,114.0,7.0,5,0.006635464366727654
Ioptimality_remaining,eSOH + Resistance + Expansion,115.0,6.0,5,0.006250737172979752
Ioptimality_remaining,eSOH + Resistance + Expansion,116.0,5.0,5,0.005890405380249638
Ioptimality_remaining,eSOH + Resistance + Expansion,117.0,4.0,5,0.0055569161093969414
Ioptimality_remaining,eSOH + Resistance + Expansion,118.0,3.0,5,0.00525247991598372
Ioptimality_remaining,eSOH + Resistance + Expansion,119.0,2.0,5,0.004977941990039342
Ioptimality_remaining,eSOH + Resistance + Expansion,120.0,1.0,5,0.004734316983311287
