model,trajectory,cycle,capacity_Ah,resistance_Ohm,expansion_um,expansion_SEI_um,expansion_plating_um,expansion_LAMn_um,eps_n,eps_p,nLi_mol,Cp_Ah,Cn_Ah,delta_SEI_m,delta_pl_m
P4,nominal,0.0,4.451199569939266,0.011962272227360841,48.45140241797589,14.45733209793686,21.06476675996119,12.929303560077841,0.5344862093878077,0.42436463689811166,0.17302060031817434,5.526936486132813,5.233813840427872,2.6546211229938597e-08,4.375195978831746e-08
P4,nominal,1.0,4.445180824993193,0.012011902000895844,49.515630587168374,14.572288850292567,21.85016898171619,13.093172755159614,0.5340902466112418,0.4242319017288083,0.1727931341511273,5.5252077397047925,5.229936480406445,2.6757292099470384e-08,4.456014381632957e-08
P4,nominal,2.0,4.439134800787625,0.012061888650196978,50.60123549420434,14.687074250490975,22.65708683786362,13.25707440584974,0.5336942054110724,0.4240992004726394,0.17256466052034602,5.523479434962351,5.2260583524427675,2.696805833622404e-08,4.537547856007103e-08
P4,nominal,3.0,4.433058468451745,0.012112232016410047,51.708642120772396,14.80168476381656,23.48594914460818,13.421008212347662,0.5332980865117177,0.4239665334392154,0.17233506560187015,5.521751575937863,5.222179463630515,2.7178503449838527e-08,4.619800716825578e-08
P4,nominal,4.0,4.426959033411323,0.012162945731746363,52.83838007096974,14.91612180891661,24.33728425800979,13.58497400404334,0.5329018903254288,0.4238339008375897,0.17210461982651298,5.5200241653540445,5.218299818006545,2.7388630045200437e-08,4.702786265510702e-08
P4,nominal,5.0,4.420835885897351,0.01221403545807462,53.990973730920146,15.030386128110047,25.211615888345662,13.748971714464439,0.532505617012825,0.4237013027898488,0.17187330015848962,5.518297204800955,5.21441941714368,2.7598439485338217e-08,4.78651610760001e-08
P4,nominal,6.0,4.414692424991268,0.012265467219930742,55.16596136562001,15.144428687249878,26.108531998321514,13.913000680048608,0.5321092681772948,0.4235687398977168,0.17164123403990877,5.516570702115465,5.210538276742674,2.7807841734910996e-08,4.870913425347158e-08
P4,nominal,7.0,4.408526199519028,0.012317268574852847,56.36440232407074,15.258272944041416,27.029072257590325,14.077057122439,0.5317128529486119,0.4234362152815779,0.1714083293603118,5.5148446979375425,5.206656486204405,2.8016879866402407e-08,4.956039436126057e-08
P4,nominal,8.0,4.402335030494319,0.01236946406639575,57.58731287239963,15.371945613671983,27.974221912227307,14.24114534650034,0.5313163609247836,0.4233037255279548,0.17117450420321118,5.513119147809967,5.20277394367013,2.8225602933607503e-08,5.041946019527416e-08
P4,nominal,9.0,4.39611628336843,0.012422057176956401,58.835256343803195,15.485446780033811,28.944543602738094,14.405265961031294,0.5309197906347487,0.42317127020954415,0.17093965964214394,5.511394046167527,5.198890634734873,2.8434011090567216e-08,5.128643797714137e-08
P4,nominal,10.0,4.389867650549913,0.012475053474000361,60.10885282872163,15.598777023963956,29.940656263432363,14.569419541325312,0.5305231406884058,0.42303884892860133,0.1707037090681543,5.509669387829987,5.195006545786438,2.8642105403800805e-08,5.216147233462382e-08
P4,nominal,11.0,4.383592839442645,0.01252846362270219,61.40873106587825,15.711935621548166,30.963190726601635,14.733604717728447,0.5301264143952968,0.42290646285512234,0.1704667915376346,5.507945188035407,5.191121709232631,2.8849884544074047e-08,5.304470491637773e-08
P4,nominal,12.0,4.377291378494785,0.012582293419725516,62.73550452369873,15.824921734801697,32.01276080011242,14.897821988784615,0.5297296105507731,0.42277411164819056,0.1702288893073934,5.506221442343679,5.187236113277251,2.9057346972699177e-08,5.393625005545699e-08
P4,nominal,13.0,4.370962771203651,0.012636550057482196,64.0898371212304,15.937735375538008,33.09003029167686,15.062071454015534,0.5293327289143567,0.42264179529044227,0.1699899837137118,5.504498150528657,5.183349755565484,2.926449271136778e-08,5.48362523330867e-08
P4,nominal,14.0,4.364606541289996,0.012691240584739347,65.47240478006353,16.05037595160894,34.19567611208246,15.226352716372132,0.528935770445451,0.4225095141629765,0.16975005686674388,5.502775317553786,5.17946264549203,2.9471320672791433e-08,5.574485386791426e-08
P4,nominal,15.0,4.358222205611314,0.01274637214428452,66.88390103084804,16.162843069429634,35.330392189619644,15.390665771798753,0.528538735153856,0.42237726832880007,0.16950909062520841,5.501052944239667,5.175574783152852,2.9677830134278904e-08,5.666219743665332e-08
P4,nominal,16.0,4.351809232847086,0.012801952402604542,68.32505078021678,16.27513648361234,36.4949034755241,15.55501082108034,0.5281416225544079,0.4222450576853601,0.1692670650487379,5.4993310292506505,5.171686163797116,2.9884020645255026e-08,5.7588437257389764e-08
P4,nominal,17.0,4.345367142318045,0.012857988612541504,69.79658750779956,16.387253596965813,37.68994782723479,15.719386083598957,0.5277444369496752,0.42211288372245404,0.16902396212369178,5.497609591989898,5.1677968295565755,3.0089887436818663e-08,5.8523723794790684e-08
P4,nominal,18.0,4.3388953120348415,0.012914487730161711,71.2992531615616,16.49919325772669,38.91626864129401,15.883791262540894,0.5273471790568591,0.42198074673358354,0.16877975853347574,5.495888636279982,5.163906787454233,3.029542839412918e-08,5.946819819660674e-08
P4,nominal,19.0,4.332389433170919,0.01297145512573124,72.83385324070966,16.61095501333634,40.17467088449678,16.048227342876537,0.5269498464959418,0.42184864598424,0.16853429279609788,5.494168152554644,5.160016014184397,3.0500642686209106e-08,6.042203493686378e-08
P4,nominal,20.0,4.325847514348056,0.013028897065145345,74.40117876881958,16.72253811833332,41.46594671310069,16.212693937385566,0.526552440202577,0.4217165818495279,0.16828749034330448,5.492448145699254,5.156124518909209,3.070552894425978e-08,6.13853839320654e-08
P4,nominal,21.0,4.319274300075478,0.013086826375001692,76.00205504681138,16.833943431412415,42.790920500458526,16.37719111494044,0.5261549600103458,0.42158455442384124,0.1680395290025623,5.490728616943202,5.1522322999990555,3.0910088744996267e-08,6.235840500174066e-08
P4,nominal,22.0,4.312669065792208,0.013145253819971572,77.63741175457187,16.945172251609435,44.15052078273744,16.541718720224992,0.525757406294544,0.4214525639347952,0.16779038164117566,5.489009569250954,5.148339361128921,3.1114324473677375e-08,6.334131848234003e-08
P4,nominal,23.0,4.306031191644566,0.013204188405491948,79.30814645784972,17.056224471402064,45.54564533025067,16.70627665619697,0.5253597792896583,0.42132061050987507,0.16754002505548482,5.487291004282884,5.144445704594952,3.131823593287319e-08,6.433430501984886e-08
P4,nominal,24.0,4.299360058266167,0.013263639200149982,81.0151800717683,17.167099942634437,46.977215378135575,16.870864750998287,0.5249620794109551,0.4211886943421682,0.1672884360670752,5.4855729245537646,5.140551334463537,3.152182285054339e-08,6.533754599274419e-08
P4,nominal,25.0,4.292655004738263,0.013323615496132249,82.75946184177472,17.27779948320887,48.446179439744625,17.035482918821227,0.5245643068657746,0.4210568155543386,0.16703558994600956,5.483855331661175,5.136656252764999,3.172508672850089e-08,6.635122579072056e-08
P4,nominal,26.0,4.285911007178132,0.01338412244221459,84.54196744641212,17.38831762543941,49.95352336394227,17.200126457030443,0.5241664730172565,0.42092497796347883,0.16678129862780258,5.482138275319032,5.132760570769855,3.1928017527110054e-08,6.737553808976122e-08
P4,nominal,27.0,4.279129934639714,0.013445172296005694,86.36371483783749,17.498654811104576,51.50026263100076,17.36479739573215,0.5237685729599852,0.4207931799919207,0.1665256321527192,5.480421734979744,5.12886424044313,3.213061605755416e-08,6.841067974883675e-08
P4,nominal,28.0,4.272313048591191,0.013506777141214456,88.22576071661769,17.608809672187164,53.08745228374279,17.52949876068773,0.5233705993827095,0.42066141926617784,0.16626863777012593,5.47870567973096,5.124967190191345,3.233287980791239e-08,6.945685676770739e-08
P4,nominal,29.0,4.265459568034463,0.013568946738148355,90.1291670298966,17.71878363698378,54.71615290608423,17.694230486828605,0.5229725524426566,0.4205296958865099,0.1660102862722693,5.4769901108784635,5.121069421554107,3.253481140078915e-08,7.051426137427777e-08
P4,nominal,30.0,4.258568689818077,0.013631692585883854,92.07508150564104,17.82857838990851,56.38751087147558,17.85899224425695,0.5225744329369701,0.42039801016471445,0.16575054763046956,5.475275032483115,5.1171709423372285,3.273641392906577e-08,7.158312366936023e-08
P4,nominal,31.0,4.251639603930816,0.013695026209584854,94.06468350686842,17.938194166809723,58.102705114142516,18.02378422591619,0.5221762403994342,0.42026636200118106,0.16548939155918993,5.473560443247584,5.113271747975418,3.293768782580144e-08,7.266367522712067e-08
P4,nominal,32.0,4.244671561784622,0.013758958604869633,96.09916293331784,18.04763051945842,59.86292642059261,18.188605993266812,0.521777975889707,0.42013475178665755,0.1652267900835147,5.471846348260984,5.109371848845094,3.313863226796867e-08,7.375613586762444e-08
P4,nominal,33.0,4.237663801400117,0.013823500983354081,98.17974719964111,18.156886776216837,61.669403405924584,18.353457017499693,0.5213796406855681,0.42000317998253733,0.16496271473223423,5.470132753532512,5.105471257458574,3.3339246022322095e-08,7.486072992521576e-08
P4,nominal,34.0,4.230611417028042,0.013888661535110175,100.30770884033052,18.265963026803757,63.52340897686484,18.51833683666191,0.5209812359032503,0.4198716469936078,0.1646969819635194,5.468419664334132,5.10156998474627,3.3539529253601214e-08,7.597768943404385e-08
P4,nominal,35.0,4.223509542190666,0.013954448805287996,102.48435546425819,18.37486223943165,65.42624828143163,18.683244943394918,0.5205827627687015,0.4197401532569896,0.16442940975843134,5.466707086358914,5.09766804271295,3.373948741196755e-08,7.71072461069352e-08
P4,nominal,36.0,4.216365906215199,0.014020882946178261,104.71107692095697,18.483581872067003,67.37931404468691,18.848181004203052,0.5201842220877588,0.41960869909127224,0.1641602874483954,5.464995023756177,5.093765439249559,3.393911582979931e-08,7.82496631202944e-08
P4,nominal,37.0,4.209180950123653,0.01408797685013596,106.98925405928604,18.59212017343829,69.38398896446822,19.01314492137953,0.5197856140965145,0.41947728458913575,0.16388963157537068,5.463283477732987,5.089862176667968,3.413841129145313e-08,7.940517660317912e-08
P4,nominal,38.0,4.201952067098346,0.014155743572558492,109.32040160410097,18.700477655113332,71.44178748502685,19.178136463960776,0.5193869393530537,0.4193459099574022,0.16361734464689398,5.461572450983002,5.0859582604330775,3.4337374736257745e-08,8.057407712301247e-08
P4,nominal,39.0,4.194677137476695,0.014224197032141745,111.70609239754144,18.80865451971922,73.55428298835908,19.34315488946315,0.5189881996514653,0.419214575828967,0.16334334742340728,5.459861951749068,5.082053708113024,3.453600653627223e-08,8.175666490301522e-08
P4,nominal,40.0,4.187352066017767,0.01429334866343396,114.14791065660904,18.916649477035506,75.72306282641408,19.508198353159454,0.518589399449227,0.41908328369801096,0.1630674867953738,5.458151999491436,5.078148563356473,3.473430432242432e-08,8.295322402110227e-08
P4,nominal,41.0,4.179978798844701,0.014363215963016814,116.64751196623656,19.024463459758206,77.94977987142417,19.67326863505419,0.5181905344452528,0.418952032169791,0.16278983561683197,5.456442576044935,5.074242784046182,3.493226980730836e-08,8.416405090766764e-08
P4,nominal,42.0,4.172560556625629,0.014433780554499833,119.2051337365111,19.132073406749274,80.23469345181331,19.838366877948523,0.5177916018781528,0.41882082035335916,0.16251051438822636,5.454733669805834,5.070336343141978,3.512986064660817e-08,8.538867659874869e-08
P4,nominal,43.0,4.165093484023251,0.01450508815655951,121.8237942546992,19.23950055900695,82.58080248822684,20.00349120746542,0.5173926062770487,0.4186896497600317,0.16222937897341533,5.453025300457558,5.066429284994079,3.532711584254228e-08,8.66280888447861e-08
P4,nominal,44.0,4.157576133082416,0.014577158380285482,124.50548442481737,19.346746180792888,84.99009724109311,20.168641002931366,0.5169935491416955,0.4185585208961059,0.1619463752800996,5.451317474594135,5.062521624288435,3.552403771651804e-08,8.788269103996623e-08
P4,nominal,45.0,4.150007303439755,0.014650008102553472,127.25212564741355,19.45380944217314,87.46449836688079,20.33381783835963,0.5165944266687506,0.4184274325226522,0.16166145845577273,5.449610176079713,5.058613323781828,3.5720624744630355e-08,8.9152820769095e-08
P4,nominal,46.0,4.142385268972293,0.014723660236838186,130.06596629931428,19.56069291301377,90.00625234477087,20.499021041529637,0.5161952404825236,0.41829638518174134,0.1613745640185957,5.447903411974238,5.054704399379878,3.591688164560652e-08,9.043895246424275e-08
P4,nominal,47.0,4.134706358417183,0.014798159037978422,132.9502982807662,19.66741092347636,92.61863719392801,20.664250163361825,0.5157959916681412,0.418165379235486,0.1610855547673899,5.4461971869938735,5.050794861708395,3.611283473215027e-08,9.174203663257798e-08
P4,nominal,48.0,4.126971520448723,0.014873489584526426,135.90582674915558,19.77393928058498,95.30238256846306,20.829504900107526,0.5153966809595615,0.41803441491987914,0.16079446624515709,5.444491504212198,5.046884717954473,3.630843958169145e-08,9.306171740017601e-08
P4,nominal,49.0,4.119169636263529,0.014949662717902186,138.93477262207003,19.880277369081167,98.05971097276536,20.99478428022351,0.514997310704358,0.4179034929980037,0.16050088286066164,5.442786373567626,5.042973991106098,3.650369506450702e-08,9.439836847123116e-08
P4,nominal,50.0,4.11130902644062,0.015026705446768887,142.0394418367341,19.986426241658215,100.89292778137279,21.1600878137031,0.5145978820865506,0.41777261384864145,0.16020511577572283,5.441081799993419,5.039062692757469,3.669860311352751e-08,9.575237311504756e-08
P4,nominal,51.0,4.103388958740602,0.015104638392229504,145.22224714921026,20.092384826235495,103.80444719654055,21.32541512643422,0.5141983960101192,0.4176417777513054,0.15990713767972276,5.439377787129963,5.0351508317605695,3.6893161760223816e-08,9.712413497395829e-08
P4,nominal,52.0,4.095407098707967,0.015183480088720955,148.48564193851666,20.19814958512394,106.79672946285598,21.490762890536736,0.5137988605163352,0.4175109873443194,0.15960686140830424,5.437674369338861,5.031238486857407,3.7087364508774975e-08,9.851404698553729e-08
P4,nominal,53.0,4.087359703456119,0.015263253781945565,151.83240195767962,20.303720974213128,109.87255023722446,21.656130746242038,0.5133992764745198,0.4173802428665238,0.15930414713296984,5.435971549730774,5.0273256665605786,3.7281212196274636e-08,9.99226138997279e-08
P4,nominal,54.0,4.07924873583002,0.015343982285504012,155.26513971403756,20.409098569182657,113.03451932669044,21.82152181816447,0.5129996363345598,0.41724954181806656,0.15899906824279073,5.434269295747562,5.023412296937612,3.74747040435957e-08,1.0135022793562892e-07
P4,nominal,55.0,4.07107251136632,0.01542568779149306,158.78665571907413,20.514281139206414,116.2854381731894,21.98693640667833,0.5125999393706505,0.417118883929052,0.15869156183138428,5.432567603874096,5.019498370881256,3.7667837790724395e-08,1.0279733378402367e-07
P4,nominal,56.0,4.0628293866856575,0.01550839350768598,162.39989407387156,20.619262591549166,119.62825777062072,22.15237371170167,0.5122001875160574,0.416988269792953,0.15838156654393531,5.430866481839784,5.015583907322501,3.786060225032439e-08,1.0426440585302932e-07
P4,nominal,57.0,4.054517665642218,0.015592123895022354,166.1079189779719,20.724044967819363,123.06604105345471,22.317832956697824,0.5118003826471529,0.4168576999775237,0.15806901905625956,5.429165937039071,5.011668924635221,3.805300117114883e-08,1.0575192918919349e-07
P4,nominal,58.0,4.046135599866079,0.01567690404778716,169.91391933537093,20.828628425894067,126.60197731688638,22.483313592590502,0.5114005260906888,0.4167271748638572,0.15775385409265694,5.4274659744353215,5.007753435811281,3.824503484308784e-08,1.0726040394440146e-07
P4,nominal,59.0,4.037681367666385,0.015762759982068532,173.82122638321394,20.93301205836879,130.23939907180872,22.648815253036418,0.511000618731873,0.41659669468105465,0.157436003638168,5.425766597012359,5.003837449518845,3.843670159998676e-08,1.0879035043067689e-07
P4,nominal,60.0,4.029153072870729,0.015849718650827925,177.8333165383172,21.037195090389876,133.9817839272594,22.81433752066795,0.5106006615792053,0.416466259693944,0.15711539689821136,5.424067808219307,4.999920975633376,3.8628000019077644e-08,1.1034230751661155e-07
P4,nominal,61.0,4.020543942577479,0.015937805696978984,181.95388878920716,21.141176482615222,137.83283245380045,22.97987985279149,0.5102006559440149,0.41633587026568175,0.15679178089346,5.422369612785926,4.996004026995719,3.88189281919451e-08,1.1191686192330213e-07
P4,nominal,62.0,4.011848576701095,0.016027039403441565,186.1863078560079,21.24495210979513,141.79591539907125,23.14544034714153,0.5098006064228114,0.4162055277885345,0.15646495398114066,5.420672028845134,4.992086648615967,3.900947854390321e-08,1.1351442253412867e-07
P4,nominal,63.0,4.003068830884922,0.016117458305659513,190.53481118932368,21.348525290475525,145.8752692429385,23.31101665590968,0.5094005186886852,0.4160752340251617,0.1561349855888851,5.4189750793538565,4.988168896046347,3.9199657168387516e-08,1.1513570356028323e-07
P4,nominal,64.0,3.9942062998330283,0.0162090971644119,195.00356023754858,21.451898978216732,150.0750513439875,23.47660991534434,0.50900038999608,0.41594498798134755,0.1558019353288615,5.417278751363398,4.984250742401732,3.9389469488655614e-08,1.1678133459867087e-07
P4,nominal,65.0,3.9852597212816714,0.01630198802121342,199.59682283500075,21.555070534492668,154.39953020205354,23.64222209845455,0.5086002155775462,0.4158147879769507,0.1554657560655207,5.415583022991553,4.980332140998141,3.957891065990831e-08,1.1845193812996878e-07
P4,nominal,66.0,3.976227046897826,0.016396164133199137,204.31909497376958,21.658039528435413,158.8532034885386,23.807851956795556,0.5081999984497438,0.4156846348647444,0.15512637133788515,5.413887905344865,4.976413121375413,3.976797989099615e-08,1.20148173364426e-07
P4,nominal,67.0,3.967105162496954,0.01649166005545908,209.17514772876993,21.760799553700096,163.44085020651855,23.973497968551296,0.5077997422898894,0.4155545297294327,0.15478366488094095,5.412193412550546,4.972493719541712,3.995666541874019e-08,1.218707518015777e-07
P4,nominal,68.0,3.957891573624505,0.016588511718135662,214.16990457580297,21.863354143347458,168.16739065234577,24.13915978010973,0.507399447952428,0.41542447270446553,0.15443754356685688,5.410499546346653,4.968573943863962,4.0144973730463004e-08,1.2362038067431514e-07
P4,nominal,69.0,3.948583685055793,0.0166867564030683,219.30852803113,21.9657051303386,173.03798646747515,24.30483643331626,0.5069991177525813,0.4152944643848076,0.15408791051364037,5.408806314482023,4.9646538170133585,4.033290819180441e-08,1.2539779798934613e-07
P4,nominal,70.0,3.939178787664343,0.016786432784928137,224.59643311029697,22.067851611567363,178.05805417720828,24.47052732152134,0.5065987531562177,0.41516450507496794,0.1537346645832645,5.407113720922588,4.960733353344024,4.052046714450224e-08,1.272037736550978e-07
P4,nominal,71.0,3.9296734856219393,0.016887580503106535,230.03929036766468,22.169792169026575,183.23326698401348,24.636231214624615,0.506198357135671,0.41503459555231625,0.15337767900365346,5.405421775792834,4.956812581961747,4.0707647984845254e-08,1.290391062341533e-07
P4,nominal,72.0,3.9200599513532914,0.016990236997563243,235.6430158535413,22.27152320146748,188.5695486952724,24.801943956801402,0.5057979397328033,0.4149047388716947,0.15301666155491486,5.403730518879107,4.952891601198786,4.089444410030569e-08,1.3090461709161006e-07
P4,nominal,73.0,3.910329590145724,0.01709444183815421,241.41382059053,22.3730436138921,194.0731073404653,24.967669636172626,0.5053974910693474,0.41477493161067974,0.1526512912987234,5.40203990560767,4.948970314324843,4.108085348027414e-08,1.3280115847945452e-07
P4,nominal,74.0,3.90048939085796,0.01720024724833891,247.35824288017378,22.474354084225954,199.75048156839904,25.13340722754879,0.5049970136225039,0.41464517433828824,0.15228182926332123,5.400349943389414,4.9450487455972425,4.126687736954142e-08,1.347296251085331e-07
P4,nominal,75.0,3.8905370597265145,0.017307700449925675,253.4831297012945,22.575452776945163,205.60852129513069,25.299155629218674,0.5045965100543757,0.4145154676625436,0.1519081898339874,5.398660640143253,4.941126921083919,4.1452512397762e-08,1.3669094270852148e-07
P4,nominal,76.0,3.880469210438943,0.01741684991682078,259.7956774033131,22.676337231586494,211.6544269620311,25.46491320969554,0.5041959843071802,0.4143858125802479,0.15153024660700354,5.396972008851563,4.937204879387988,4.1637754047091485e-08,1.3868607657023622e-07
P4,nominal,77.0,3.8702817485261143,0.017527756576644436,266.30414562546264,22.777008266365257,217.89645858528587,25.630678773811525,0.5037954392688426,0.4142562097372688,0.1511478467355847,5.395284057926142,4.933282648788686,4.1822603819917476e-08,1.4071625545079263e-07
P4,nominal,78.0,3.859975452561742,0.017640419222894225,273.01279798594777,22.877445260021936,224.33890221172862,25.79645051419722,0.503394879306572,0.41412666024978206,0.1507610193161869,5.393596801904096,4.929360272050745,4.2007023851971015e-08,1.4278134839173077e-07
P4,nominal,79.0,3.849543846280817,0.017754921008560843,279.9318816293104,22.977653081256005,230.99200140670868,25.962227141345732,0.5029943075362482,0.4139971647695542,0.15036952257381522,5.391910249274046,4.925437779685587,4.219102308304292e-08,1.448830749496633e-07
P4,nominal,80.0,3.8389770864007584,0.017871327867166827,287.07097771150933,23.077636567902058,237.86533343758856,26.12800770601869,0.5025937262515485,0.41386772365860247,0.14997298904459072,5.390224404750915,4.9215151941534385,4.237461039625063e-08,1.4702282389157992e-07
P4,nominal,81.0,3.8282750494495823,0.017989701491374747,294.43927230533865,23.17739554858635,244.968083398482,26.293793358270285,0.5021931326735575,0.4137383356191862,0.1495714141153765,5.3885392514328965,4.917592488242509,4.255778547692174e-08,1.492017565141343e-07
P4,nominal,82.0,3.8174342933061975,0.01811010428731322,302.0464808041665,23.276927617762738,252.30997052652864,26.459582659875117,0.5017925302775086,0.4136090013446667,0.14916466930358294,5.386854798350344,4.9136696959830966,4.274054390804932e-08,1.514210977234473e-07
P4,nominal,83.0,3.8064408311885662,0.01823259283229106,309.9026924976678,23.37623043410848,259.90108741736316,26.625374646196136,0.5013919213942876,0.4134797211223253,0.14875223249454927,5.385171049244818,4.909746840199778,4.2922881390551915e-08,1.536820808146005e-07
P4,nominal,84.0,3.795297055218774,0.018357237276047444,318.01857682829103,23.475301284973476,267.7521098314653,26.79116571185227,0.5009913147357008,0.41335049726112505,0.1483341930381525,5.383488034188315,4.905824006200599,4.31047929435256e-08,1.5598600474498598e-07
P4,nominal,85.0,3.7840007556589796,0.018484109519653062,326.4054752163398,23.5741416006772,275.8743792070271,26.95695440863553,0.5005907138011031,0.41322133034647895,0.14791046845607625,5.381805760805272,4.901901228252058,4.328628119328914e-08,1.5833424965240277e-07
P4,nominal,86.0,3.7725467075970363,0.018613278908497934,335.075074435565,23.672751131378273,284.27958460179303,27.122738702393693,0.5001901235056865,0.4130922213726623,0.14748086372232364,5.380124242045155,4.8979785544848635,4.346734568108972e-08,1.6072817737371066e-07
P4,nominal,87.0,3.760929874994478,0.01874476087470583,344.03548812577407,23.771108506963806,292.97586757130415,27.288512047506124,0.4997895596658594,0.4129631747746757,0.14704519091758486,5.378443535669532,4.894056139776984,4.364794716763153e-08,1.6316804434846334e-07
P4,nominal,88.0,3.749146208441134,0.018878676682800376,353.30287144544695,23.869225279313234,301.9793672072983,27.45427895883538,0.4993890113722041,0.4128341863706288,0.1466032988113021,5.376763587213351,4.890133877300849,4.382810686420233e-08,1.6565624744144237e-07
P4,nominal,89.0,3.737191076015415,0.019015099473579652,362.8904003982923,23.967096935009984,311.303265607844,27.620037855438262,0.498988482444808,0.4127052566816354,0.14615501450300505,5.375084403463611,4.886211804463651,4.400781648337339e-08,1.681942025397041e-07
P4,nominal,90.0,3.7250575768843146,0.019154125554560864,372.8136323042645,24.064721875422524,320.96312519656766,27.785785232274296,0.498587981353021,0.41257638762624876,0.14570008042917085,5.373406009407603,4.882290004199239,4.41870730897753e-08,1.7078383198297138e-07
P4,nominal,91.0,3.7127351917792084,0.019295893291378548,383.0922005669177,24.162105140232597,330.9785774020167,27.951518024668403,0.4981875155021231,0.4124475806901565,0.14523810397325548,5.371728424394962,4.878368549021848,4.436588593715245e-08,1.7342796427921992e-07
P4,nominal,92.0,3.7002045192883393,0.019440512338345428,393.74465022719346,24.259240651803168,341.36817676447055,28.117232810919734,0.49778709316008773,0.4123188375714541,0.1447683610337779,5.370051670541729,4.874447519893404,4.4544243865891494e-08,1.7612893138278477e-07
P4,nominal,93.0,3.687467748852418,0.01958809923082882,404.7897674435463,24.356124343289338,352.15071699361727,28.282926106639636,0.4973867227463632,0.4121901599249245,0.14429093334546297,5.368375769399842,4.870526999259112,4.472213940854802e-08,1.788889324395493e-07
P4,nominal,94.0,3.6745102624189916,0.019738787011475127,416.2492551792396,24.452750461129842,363.3479124195051,28.448592298604623,0.4969864178243746,0.4120615509658313,0.14380527537337096,5.36670076284498,4.8666071199352,4.4899562000568926e-08,1.817107071534866e-07
P4,nominal,95.0,3.661326810404548,0.0198927267512029,428.1467221872672,24.549114791408993,374.9833766485881,28.61423074727008,0.49658617993947557,0.4119330099406717,0.1433111911706819,5.365026641063504,4.862687897054132,4.507650390446189e-08,1.8459723497707066e-07
P4,nominal,96.0,3.6479061193058953,0.020050072546410575,440.5073193643709,24.64520967411647,387.0822715180386,28.77983817221584,0.4961860170182583,0.41180453802766137,0.14280826000385305,5.363353419400524,4.85876940823495,4.525295105509717e-08,1.875516219612823e-07
P4,nominal,97.0,3.6342352057757936,0.02021099951367148,453.35922784596914,24.74102084728187,399.67280088371416,28.94540611497311,0.4957859494992121,0.4116761402933384,0.14229599739816806,5.361681163842772,4.854851853616117,4.542887726498204e-08,1.905774364956777e-07
P4,nominal,98.0,3.6203001972700735,0.0203756895606125,466.73241057649136,24.836538573038005,412.7849441633865,29.110927840066854,0.49538599365749714,0.4115478203591498,0.1417738856801473,5.3600099215560695,4.850935392567805,4.560426465367511e-08,1.9367836406178117e-07
P4,nominal,99.0,3.606083188987091,0.020544358302690996,480.6613193178179,24.931756073831185,426.4531670214232,29.27639622256351,0.4949861667093356,0.41141958190684896,0.14124125670801932,5.358339740491673,4.847020193675282,4.577910077639262e-08,1.968588101585307e-07
P4,nominal,100.0,3.5915584024688076,0.020717244797391458,495.18443925923754,25.02666468018181,440.71596995850945,29.4418046205463,0.4945864847038196,0.4112914280725357,0.14069714851573295,5.356670661494231,4.843106414095009,4.595336971444117e-08,2.0012372492942565e-07
P4,nominal,101.0,3.576711080701806,0.020894610472325895,510.3436292671482,25.12125204907443,455.61523724439184,29.607139973681914,0.4941869791990821,0.41116336678175613,0.14014101053162503,5.35500278778627,4.839194362851596,4.612704880386778e-08,2.0347839520050249e-07
P4,nominal,102.0,3.5615250684126214,0.021076740062719354,526.1847990476597,25.215515043685894,471.1968840760824,29.772399927891307,0.4937876558833653,0.41103539743846196,0.1395722398695954,5.353336111604841,4.835284095645641,4.6300132284911946e-08,2.0692853772161524e-07
P4,nominal,103.0,3.545977818640212,0.021263940659159885,542.75856984071,25.309442888291326,487.5115511171263,29.937575835292343,0.4933885356528445,0.41090752406858577,0.13898999520392033,5.351670685383798,4.831375817097375,4.647260037144255e-08,2.1048038962444153e-07
P4,nominal,104.0,3.5300436138709324,0.02145655586579707,560.1217415582599,25.403022143244886,504.6160628315398,30.102656583475188,0.49298964535881806,0.4107797523140338,0.13839331693166318,5.350006582603481,4.827469790140984,4.6644428385899795e-08,2.1414094714248783e-07
P4,nominal,105.0,3.5136931579404185,0.02165497601433714,578.3386905663999,25.49624273170401,522.574817151923,30.267630682772957,0.49259101276416356,0.41065208777699375,0.13778111191983144,5.348343876226933,4.823566286637053,4.6815597825423715e-08,2.1791815960125684e-07
P4,nominal,106.0,3.496888451208415,0.021859642308395877,597.482601488318,25.589092964695354,541.461022948414,30.432485575208585,0.4921926682131532,0.41052453650213316,0.1371519622787346,5.346682644980067,4.8196656037237835,4.6986087226997954e-08,2.2182106370340266e-07
P4,nominal,107.0,3.47958708693101,0.022071020210085522,617.6331043498153,25.681560357769904,561.3543337984404,30.597210193605058,0.4917946384477878,0.41039710287542364,0.13650428565848774,5.345022945985898,4.815768003265097,4.715587366697252e-08,2.258591678823803e-07
P4,nominal,108.0,3.4617607564298933,0.0222896315105794,638.8792716208443,25.773632660065758,582.3438443785919,30.76179458218653,0.4913969475245512,0.4102697925386878,0.13583702582258309,5.343364852723672,4.811873720827703,4.732493465060457e-08,2.3004295010251195e-07
P4,nominal,109.0,3.443371790603155,0.022516008132465543,661.3166255149871,25.865288291453453,604.525113774281,30.92622344925274,0.4909996323933051,0.4101426140464313,0.13514877729863342,5.341708476607506,4.80798311823328,4.749323055297085e-08,2.3438313428942957e-07
P4,nominal,110.0,3.4243757846333382,0.022750747905576105,685.0534351559076,25.95650485122508,628.0064535845986,31.090476720083846,0.49060274156128597,0.41001557582403614,0.1344378832784732,5.3400539273698,4.804096670476022,4.766072024242133e-08,2.388917969253914e-07
P4,nominal,111.0,3.4047188203898235,0.022994540147605137,710.2146200474216,26.04726514287221,652.9128256036212,31.254529300928162,0.49020633566338984,0.4098886874077009,0.13370233199784418,5.338401329210262,4.800214971306997,4.7827372143134005e-08,2.435828927352342e-07
P4,nominal,112.0,3.384336346449825,0.023248126584041844,736.9387229631927,26.13754519977288,679.3828186208333,31.418359142586574,0.48981046797785543,0.40976195638866125,0.1329397149015859,5.336750780997351,4.796338542439167,4.7993142248164524e-08,2.4847143237206013e-07
P4,nominal,113.0,3.363174430570376,0.02351234022231296,765.3825833665213,26.22732264759835,707.5733200221898,31.58194069673307,0.4894152002379823,0.4096353917713533,0.13214801972127896,5.335102400005084,4.792467988379424,4.815798947429968e-08,2.535741090803711e-07
P4,nominal,114.0,3.3411695719713377,0.02378808944384204,795.7219230475987,26.316577436593505,737.6601000269269,31.745245584078233,0.4890206010176243,0.4095090042426478,0.13132487718108055,5.333456325419557,4.788603980618967,4.8321877006653396e-08,2.58909109151914e-07
P4,nominal,115.0,3.318243128243363,0.024076384548557855,828.1564968512275,26.405282987185597,769.8429769004202,31.908236963621707,0.48862675933695865,0.4093828094871437,0.13046735310272917,5.331812761517408,4.78474739086417,4.848475604044288e-08,2.644967012166203e-07
P4,nominal,116.0,3.294315259781702,0.02437835075687616,862.9131562631615,26.493408542119514,804.3488730764767,32.070874644565215,0.48823377231039466,0.4092568231000614,0.12957246864824845,5.33017191141121,4.7808991700820185,4.864657009992383e-08,2.7035936185459044e-07
P4,nominal,117.0,3.269283834984529,0.024695238223563933,900.2505084158835,26.58091876714363,841.4364811946458,32.233108454093994,0.4878417611722316,0.4091310650099256,0.12863641326613165,5.3285340346506045,4.777060505427098,4.880725430517917e-08,2.7652210387503283e-07
P4,nominal,118.0,3.2430535802803524,0.025028424155211157,940.4610820914714,26.667771698288192,881.3984342652591,32.39487612792417,0.4874508763738018,0.4090055626240448,0.1276556324389134,5.326899488189119,4.773232870154004,4.8966731602960266e-08,2.8301230675646013e-07
P4,nominal,119.0,3.2155201628686743,0.025379414808800932,983.8753832333203,26.753919862906404,924.5653489685984,32.5561144018155,0.48706127078266653,0.4088803416670761,0.12662623359919575,5.325268607065381,4.769417761177615,4.912491482511596e-08,2.8985980136384533e-07
P4,nominal,120.0,3.186560359775983,0.02574985650983095,1030.8679907010892,26.839292784564993,971.3119645262776,32.716733390246524,0.4866731615923052,0.40875544263964847,0.12554361957311536,5.323641918760678,4.7656173053072255,4.92816745644865e-08,2.9709719604294793e-07
P4,nLi_plus,0.0,4.497208427639467,0.012005901035932852,48.45140241797589,14.45733209793686,21.06476675996119,12.929303560077841,0.5344862093878077,0.42436463689811166,0.1747508063213561,5.526936486132813,5.233813840427872,2.6546211229938597e-08,4.375195978831746e-08
P4,nLi_plus,1.0,4.4910734908349355,0.0120562587273389,49.53458375484265,14.573747127376942,21.866316639861566,13.094519987604142,0.5340869912471135,0.42423081066213464,0.17451865827726196,5.525193529622983,5.229904603120311,2.675996975335918e-08,4.457660613935376e-08
P4,nLi_plus,2.0,4.484914603500236,0.012106989143848921,50.6400058975149,14.689983221024296,22.690253586868508,13.2597690896221,0.5336876941539204,0.4240970191422866,0.1742856366158207,5.5234510252569535,5.2259945926914355,2.6973399719109632e-08,4.5408678034503996e-08
P4,nLi_plus,3.0,4.478731394433553,0.012158098068482559,51.76819473459694,14.806040103946405,23.537103922694286,13.42505070795625,0.5332883184904332,0.4239632625371663,0.17405172668975138,5.521708975621282,5.222083812883883,2.718650062236537e-08,4.6248291773336914e-08
P4,nLi_plus,4.0,4.472524531245504,0.01220959055208553,52.91965196745421,14.921912267183226,24.407374964218,13.590364736052981,0.5328888645141212,0.42382954100259806,0.17381695302203987,5.519967382745426,5.218172266218852,2.7399262347704275e-08,4.709553344015694e-08
P4,nLi_plus,5.0,4.46629517875825,0.012261468951318194,54.09481212885329,15.037595816285721,25.301505098084956,13.75571121448262,0.5324893321269528,0.4236958545720346,0.17358135888217607,5.518226247065076,5.214259951736397,2.761167774423114e-08,4.795041410515463e-08
P4,nLi_plus,6.0,4.460045392970789,0.012313691733496484,55.29308111819309,15.153036655427659,26.218956824838035,13.921087637927398,0.5320897273826136,0.4235622053394127,0.173345021100807,5.51648559585172,5.210346928715618,2.78236474824694e-08,4.881203208122245e-08
P4,nLi_plus,7.0,4.453770124535656,0.012366313465123681,56.51621969652444,15.2682968159989,27.161429081519394,14.08649379900614,0.5316900507822059,0.4234285935394984,0.17310774927780462,5.51474543216296,5.206433202063428,2.8035285462989844e-08,4.9681590633665595e-08
P4,nLi_plus,8.0,4.447467518050039,0.012419344473973979,57.76495306998652,15.383380172036425,28.12964042845663,14.251932469493466,0.5312902956281952,0.4232950169999222,0.17286947326368554,5.513005727705795,5.202518706196004,2.824659879920755e-08,5.055932581723687e-08
P4,nLi_plus,9.0,4.441131338124058,0.012472785972483677,59.03990711232079,15.498286803466195,29.12421567809392,14.417404630760675,0.5308904595492603,0.42316147499522727,0.17262995834965464,5.511266473031855,5.198603417892815,2.8457587637880677e-08,5.144537095351271e-08
P4,nLi_plus,10.0,4.434757205140195,0.012526640735783445,60.3417184712194,15.613015165272905,30.14579421354386,14.58290909240264,0.5304905454218181,0.4230279685518439,0.17238903978752884,5.509527681509397,5.194687365320407,2.866824914208866e-08,5.233985906910986e-08
P4,nLi_plus,11.0,4.428355320280451,0.012580925855636877,61.671047176313635,15.727565320246711,31.195036454635535,14.748445401431386,0.530090554340439,0.4228944980992252,0.17214710090342605,5.507789358731629,5.19077055919707,2.88785834271253e-08,5.324292822899424e-08
P4,nLi_plus,12.0,4.421925186022843,0.012635648588517227,63.028578096128136,15.841937502844694,32.27262664412821,14.914013949155235,0.5296904853595912,0.42276106338492114,0.17190412278465775,5.506051501410637,5.186852990263934,2.9088590923495146e-08,5.415472324099564e-08
P4,nLi_plus,13.0,4.415466310404079,0.012690816286494879,64.41501438007114,15.956132169197938,33.37926753626268,15.079614674610518,0.5292903386265834,0.42262766452040285,0.17166008676267486,5.504314110998222,5.182934659963482,2.9298272468735307e-08,5.5075390493471436e-08
P4,nLi_plus,14.0,4.408978196272806,0.01274643639475741,65.83107911428682,16.070149162454996,34.51568282245653,15.245247129375294,0.5288901152249529,0.4224943019276905,0.1714149740057449,5.5025771929907865,5.179015578905963,2.9507627774838862e-08,5.6005079564597626e-08
P4,nLi_plus,15.0,4.4024603098651705,0.012802516738244094,67.27752256479177,16.183988742639702,35.68262229623324,15.410911525918815,0.528489814641303,0.42236097549545554,0.17116876432735637,5.500840745938384,5.175095742064077,2.9716657319255434e-08,5.694394685065968e-08
P4,nLi_plus,16.0,4.395912121040124,0.012859065131851253,68.75511653297875,16.297648705558192,36.88086103937334,15.576606788047208,0.5280894394760779,0.4222276861476677,0.17092143771207333,5.499104781874823,5.171175174901982,2.9925357054696375e-08,5.7892154133910856e-08
P4,nLi_plus,17.0,4.389333052235459,0.01291608996445376,70.2646683499756,16.411127458379337,38.111209291497445,15.742331600098812,0.5276889929083562,0.4220944349996301,0.1706729723882105,5.49736931532584,5.167253908549958,3.013372405644284e-08,5.884987551844848e-08
P4,nLi_plus,18.0,4.3827226066327185,0.012973598918804187,71.80697301076017,16.52442791149981,39.37445785511143,15.908087244148932,0.5272884718402153,0.4219612210740007,0.17042334961318956,5.4956343335625055,5.163331912672421,3.034176366849637e-08,5.981725470901783e-08
P4,nLi_plus,19.0,4.376080144406222,0.013031601039267997,73.38289494144112,16.637548840732443,40.67147253545291,16.07387356525578,0.5268878766460463,0.421828044547489,0.17017254530610165,5.49389983888629,5.159409190935499,3.0549473643033446e-08,6.079447776219632e-08
P4,nLi_plus,20.0,4.36940508534837,0.013090104839770475,74.99330095227879,16.75048946583806,42.00312075613894,16.23969073030179,0.5264872069226054,0.4216949054325709,0.16992053764036055,5.492165831459679,5.155485739390533,3.0756852547397326e-08,6.17817155064737e-08
P4,nLi_plus,21.0,4.36269676226657,0.01314911982657506,76.6391105690139,16.863249582620597,43.37032237315273,16.40553861324056,0.5260864629744629,0.4215618039478989,0.1696673015430201,5.490432314130409,5.151561561019948,3.096390000664805e-08,6.277916123447596e-08
P4,nLi_plus,22.0,4.355954385454193,0.01320865686456088,78.32131028911594,16.97582999151557,44.77406327987662,16.571417017723746,0.5256856452760621,0.4214287403065636,0.16941280736018605,5.488699289673778,5.147636660469602,3.117061749052638e-08,6.378703834898101e-08
P4,nLi_plus,23.0,4.34917813921618,0.013268726648248191,80.04088009261866,17.088230279801213,46.21532400678349,16.73732580603396,0.5252847541601742,0.42129571467811133,0.16915706199183803,5.486966760297962,5.143711040998069,3.137700424120235e-08,6.480554762886543e-08
P4,nLi_plus,24.0,4.34236781202844,0.013329339700848096,81.79883114739829,17.200449757621644,47.6951167716275,16.90326461814916,0.5248837904967328,0.42116272740805183,0.1689000574895204,5.485234730502889,5.139784711123942,3.1583058991978923e-08,6.58348942107325e-08
P4,nLi_plus,25.0,4.335511568505635,0.013390494762182641,83.59617578086377,17.312482887315984,49.214464659042044,17.069228234505744,0.5244827668979493,0.42102978272449126,0.16864135003175285,5.483503255355527,5.135857794348941,3.178877157473418e-08,6.687527278178031e-08
P4,nLi_plus,26.0,4.328610605802145,0.013452204215596595,85.4339830343921,17.424330527444496,50.77443217671992,17.235220330227698,0.5240816744834949,0.42089687773183054,0.16838098462993425,5.481772297143516,5.131930203714813,3.199414356593617e-08,6.792688849757737e-08
P4,nLi_plus,27.0,4.3216717702446115,0.013514485951511973,87.31336286620771,17.53599418878417,52.3761263937403,17.40124228368325,0.523680509922771,0.4207640113754673,0.16811921808851524,5.480041842131687,5.128001906607559,3.219917773963785e-08,6.898995661117886e-08
P4,nLi_plus,28.0,4.314694623490477,0.013577351298646363,89.23546022687013,17.64747398993934,54.02069182701319,17.56729440991761,0.5232792724545232,0.4206311834520581,0.16785603399769677,5.478311887671688,5.1240728955727946,3.2403874313617704e-08,7.006469805052647e-08
P4,nLi_plus,29.0,4.307678458958299,0.013640810737564521,91.20143014267,17.758768959231208,55.70928476157098,17.733376421867817,0.5228779627723915,0.4204983942361797,0.1675914059024377,5.476582437339616,5.1201431774028086,3.260823150370211e-08,7.115132223646069e-08
P4,nLi_plus,30.0,4.300622452207675,0.013704876046848398,93.21250294552894,17.869878809658218,57.44313582432908,17.89948831154164,0.5224765808956878,0.42036564378103225,0.16732530293559972,5.474853491828349,5.116212752286705,3.2812248782905594e-08,7.225006694896163e-08
P4,nLi_plus,31.0,4.29352556170664,0.013769561389507032,95.27003016440702,17.98080429755693,59.2235961001992,18.06562976665088,0.5220751275790049,0.4202329323918527,0.1670576861069133,5.473125055113304,5.112281627613633,3.301592753999546e-08,7.336122439980794e-08
P4,nLi_plus,32.0,4.2863870895320515,0.013834877401215948,97.37526603468012,18.091543660598152,61.05192206449501,18.23180030958695,0.5216736039764047,0.42010026048235366,0.1667885293145383,5.471397132582682,5.108349814684439,3.3219264539024536e-08,7.448500554156628e-08
P4,nLi_plus,33.0,4.279206177423661,0.013900836514824703,99.52956364783105,18.202096243396714,62.92946813230215,18.397999272132203,0.5212720117025247,0.41996762862171183,0.1665178004567726,5.469669731649458,5.104417329310027,3.342225857659006e-08,7.56216613818325e-08
P4,nLi_plus,34.0,4.271981935071977,0.013967451446524707,101.73432451339986,18.312459615437973,64.85763843523283,18.56422646272905,0.520870351220232,0.4198350369945271,0.16624546623378164,5.467942854717866,5.100484176022903,3.362490518983855e-08,7.6771451093385e-08
P4,nLi_plus,35.0,4.264713346190502,0.014034736457860646,103.99104279425573,18.422633861054845,66.83792730786567,18.730481625335212,0.5204686231482103,0.41970248585491743,0.16597148863497962,5.4662165050975435,5.09655036088136,3.3827204533620104e-08,7.793466459024971e-08
P4,nLi_plus,36.0,4.2573994884196145,0.014102705005601877,106.30121571357786,18.53261988068885,68.87183131119164,18.896764521697367,0.5200668280621594,0.4195699754191668,0.16569583317547704,5.46449068560538,5.092615889522786,3.4029158261304136e-08,7.911156927823042e-08
P4,nLi_plus,37.0,4.250039366411103,0.014171371334848146,108.66641355535765,18.642417483767748,70.96092110617775,19.063074965412163,0.5196649664124922,0.4194375058583524,0.16541846264252497,5.4627653984694895,5.0886807663577285,3.4230766022966434e-08,8.030245190165472e-08
P4,nLi_plus,38.0,4.242631821695319,0.014240750782622769,111.08829489771239,18.752026895099608,73.10685540697799,19.22941259563479,0.5192630390711303,0.41930507748379536,0.1651393337236722,5.461040647744527,5.084744999924249,3.443202823139422e-08,8.150762443846249e-08
P4,nLi_plus,39.0,4.235171048845013,0.014310854204744601,113.5685527020824,18.861446568816522,75.3113313698227,19.395774763443185,0.5188610524387552,0.4191726924327631,0.1648582291510324,5.4593164612663205,5.080808652899316,3.463294204810143e-08,8.27273945022906e-08
P4,nLi_plus,40.0,4.227653178312347,0.014381694104866512,116.10890719072655,18.97067676639545,77.57606710873746,19.562163315593647,0.5184590020529863,0.4190403492467064,0.16457500416240445,5.457592820038686,5.076871681586255,3.483350795320587e-08,8.396205566481153e-08
P4,nLi_plus,41.0,4.220082504878164,0.014453271607520577,118.71037855814237,19.07971158449098,79.90208759255276,19.72857938109863,0.5180568851857519,0.4189080470478686,0.16428981966965034,5.4558697126296964,5.07293405927115,3.503371510712432e-08,8.521150717664199e-08
P4,nLi_plus,42.0,4.212461784895792,0.014525607016332884,121.3748544382541,19.188545264336977,82.29128808474613,19.895021089170992,0.5176547063574992,0.418775787345923,0.164002778955872,5.454147158701379,5.068995830219278,3.523355293574664e-08,8.647610376495e-08
P4,nLi_plus,43.0,4.204788098661516,0.014598736068034981,124.1050862751002,19.297190356146007,84.74640850199138,20.061487416962823,0.517252468039771,0.41864357096612037,0.16371377280887342,5.4524251690018195,5.0650570186325625,3.5433044483476266e-08,8.77566093184496e-08
P4,nLi_plus,44.0,4.1970601736068796,0.014672676853127627,126.90311942296199,19.405650728597035,87.26948846257157,20.227980231793385,0.5168501657204994,0.41851139643302326,0.1634227536562401,5.4507037243148835,5.061117580327781,3.5632196853890004e-08,8.905337822427343e-08
P4,nLi_plus,45.0,4.189276690838237,0.014747447874876798,129.77109778897855,19.513923075267993,89.86267600473775,20.394498708972808,0.5164478013924109,0.4183792644063093,0.16312967222673205,5.448982833232228,5.057177534818176,3.5831003975813874e-08,9.036679038714333e-08
P4,nLi_plus,46.0,4.1814342273533045,0.014823090821190732,132.7122785982395,19.62202096729178,92.52921541256096,20.56104221838675,0.5160453765780725,0.41824717538815115,0.16283440052553771,5.447262502294165,5.053236897013081,3.6029490768241084e-08,9.169773821872538e-08
P4,nLi_plus,47.0,4.173532117593494,0.014899617587735605,135.72865008125035,19.72993858539355,95.27110078431444,20.72761071154236,0.5156428913946591,0.4181151294114569,0.16253691374773646,5.445542731929289,5.049295668059898,3.622764654595683e-08,9.304644298938602e-08
P4,nLi_plus,48.0,4.165570319303818,0.014977033386409176,138.8219334248183,19.837665346111653,98.09006478909792,20.894203289608715,0.515240348014047,0.41798312717738356,0.1622372104099594,5.44382353126949,5.0453538692261475,3.642545187585915e-08,9.441297757524733e-08
P4,nLi_plus,49.0,4.157547350649673,0.01505535918945526,141.99462874593817,19.945200525246317,100.98860866665296,21.06081955403888,0.5148377473992586,0.41785116898724345,0.1619352351609054,5.442104904239065,5.041411509941971,3.662290542818956e-08,9.579776529942141e-08
P4,nLi_plus,50.0,4.149461590634155,0.015134616481774828,145.24933523657154,20.05254304557299,103.96933316570399,21.227459025294557,0.5144350907090189,0.4177192552031959,0.1616309274500438,5.440386855554789,5.037468601553875,3.682000522497381e-08,9.720124175100982e-08
P4,nLi_plus,51.0,4.141306664223477,0.015214822651349068,148.58873753625554,20.159688541816976,107.03493261406184,21.394116380376712,0.5140323908054738,0.41758739001208156,0.16132404898694777,5.438669439746186,5.033525270010994,3.7016743250797774e-08,9.862385037593746e-08
P4,nLi_plus,52.0,4.13308455954986,0.01529600638703542,152.01575872737482,20.266639622092686,110.18832379410539,21.560795311176747,0.5136296387677789,0.41745557046650034,0.1610146741989157,5.436952618426239,5.029581427958338,3.7213124294619424e-08,1.0006609960609336e-07
P4,nLi_plus,53.0,4.124789966689281,0.015378189068270985,155.53336756217078,20.37339308794765,113.43247756982117,21.72749690440195,0.513226831970086,0.41732379566882166,0.1607026045989694,5.4352363799041825,5.025637049682989,3.7409142483516006e-08,1.0152848198235873e-07
P4,nLi_plus,54.0,4.116418415830665,0.015461391050921378,159.14453564613302,20.47994489516679,116.77036974232321,21.894221008643036,0.5128239707782506,0.41719206569932177,0.16038767317262195,5.433520725225536,5.021692138767486,3.760479039159543e-08,1.0301145263963196e-07
P4,nLi_plus,55.0,4.107977050807879,0.015545645145424487,162.85244666354723,20.586298085090785,120.20518195159741,22.060966626859038,0.5124210576014571,0.4170603813068695,0.16007014716099058,5.431805664143589,5.017746718803128,3.7800073603295545e-08,1.0451551837757595e-07
P4,nLi_plus,56.0,4.099462795499457,0.01563097707522644,166.66045391295393,20.69245079697687,123.7402701410378,22.227732974939272,0.5120180943343791,0.4169287430500254,0.15974991162787272,5.430091203933048,5.013800808343001,3.7994988701964466e-08,1.060412195382727e-07
P4,nLi_plus,57.0,4.090873588961996,0.015717414216383504,170.57204720402507,20.798401412346298,127.37912619087528,22.39451960080348,0.5116150820693937,0.4167971512237382,0.159426889601114,5.428377348435333,5.0098544180839175,3.818953271578983e-08,1.075891103848818e-07
P4,nLi_plus,58.0,4.08220741814922,0.01580498498724623,174.5908703197712,20.90414810984651,131.12539641693454,22.56132579299015,0.5112120225256298,0.4166656063208978,0.15910100590733622,5.4266641040698556,5.005907564859989,3.8383702300447125e-08,1.0915976471576718e-07
P4,nLi_plus,59.0,4.073462183682416,0.015893718959829925,178.72073402679072,21.009689401916585,134.98289322762594,22.7281513972482,0.5108089160758097,0.41653410838975574,0.15877218214384653,5.424951471465046,5.001960252320997,3.857749472451219e-08,1.107537781166915e-07
P4,nLi_plus,60.0,4.064635688569641,0.01598364685942329,182.96563959199938,21.11502052423607,138.95562347963417,22.894995588129138,0.510405764714493,0.41640265799882253,0.1584403362714504,5.4232394580252,4.998012499998138,3.8770901239852495e-08,1.1237177668077036e-07
P4,nLi_plus,61.0,4.055723692690329,0.016074797025047615,187.3296630924594,21.220137985135267,143.04766889427643,23.061856213047726,0.5100025736430454,0.4162712567399384,0.15810530991383834,5.421528084482487,4.9940643588244,3.896391543514674e-08,1.1401436591881142e-07
P4,nLi_plus,62.0,4.046722216478422,0.01616719799501084,191.81698500367617,21.32504159356884,147.26321242709048,23.22873098301685,0.5095993483924253,0.4161399063048927,0.15776695445643227,5.419817372870817,4.990115882960219,3.915653695960199e-08,1.1568214128521374e-07
P4,nLi_plus,63.0,4.037632576565871,0.016260892112894398,196.4324137606559,21.429734441003326,151.6070559674836,23.395623352168975,0.5091960806162935,0.41600860386415445,0.15742531914215063,5.418107286338303,4.986166990676292,3.934877148969597e-08,1.1737588802389641e-07
P4,nLi_plus,64.0,4.028452186721881,0.016355914393304118,201.18069394257714,21.534215683579557,156.08394512276118,23.562533136236404,0.5087927707599025,0.41587734943720206,0.15708030739239837,5.416397825138633,4.982217686332635,3.954061747595446e-08,1.1909630858308353e-07
P4,nLi_plus,65.0,4.019173210347445,0.01645229773984596,206.0668285810038,21.63848357980276,160.69888634575426,23.72945865544677,0.508389422882144,0.4157461442071669,0.15673162648011665,5.41468900468094,4.978268009674863,3.973207172068592e-08,1.208441461285783e-07
P4,nLi_plus,66.0,4.00979085997051,0.01655007867210301,211.09603743617305,21.742537151334858,165.4571014382782,23.896398846560015,0.5079860395521615,0.41561498885776615,0.15637909763808516,5.412980833869977,4.9743179858606315,3.992313242748913e-08,1.2262016318821872e-07
P4,nLi_plus,67.0,4.000310451779414,0.01664930278625633,216.27376624632993,21.846380091586376,170.36403350188812,24.06335265285543,0.5075826233233457,0.4154838840352214,0.15602291957905443,5.41127332112215,4.970367639893338,4.011380637811714e-08,1.2442514076083576e-07
P4,nLi_plus,68.0,3.990728560781197,0.01675001160650993,221.6058069242657,21.950009729835198,175.42547783319333,24.23031936123718,0.5071791759187746,0.4153528301321364,0.15566296440337474,5.4095664715507406,4.966416988645764,4.030408866865316e-08,1.2625992235434718e-07
P4,nLi_plus,69.0,3.981041820099387,0.01685224836324821,227.09822973024092,22.05342395645015,180.64750758200057,24.39729819179019,0.5067756992229838,0.4152218275767558,0.1552991063904455,5.40786029073322,4.962466050571723,4.0493975425442336e-08,1.28125381282609e-07
P4,nLi_plus,70.0,3.971244759253767,0.016956056049777856,232.7573791148414,22.15662141780149,186.03647118792156,24.564286509118343,0.5063721996039717,0.41509087822590174,0.1549311412717532,5.406154802852889,4.9585148880281436,4.068346416298175e-08,1.300224156344705e-07
P4,nLi_plus,71.0,3.9613325950541456,0.017061480068549885,238.589915556205,22.25959913273158,191.59903322106456,24.731283202408857,0.5059686797458335,0.41495998272173856,0.15455889045178195,5.404450016273314,4.954563527298312,4.0872549407340265e-08,1.3195195846639034e-07
P4,nLi_plus,72.0,3.9513057551287183,0.01716857242178321,244.60286430622742,22.36235588757997,197.3422176385986,24.898290780048818,0.505565133587467,0.4148291388507699,0.15418236992396211,5.402745902165858,4.950611909030501,4.106122893002326e-08,1.3391498776873213e-07
P4,nLi_plus,73.0,3.941160520408799,0.017277384263440894,250.80360220563136,22.46489703849589,203.27339696160294,25.065308205532503,0.5051615636334168,0.4146983471589933,0.15380144083000502,5.401042467641608,4.946660057749796,4.124951256586528e-08,1.359125172818324e-07
P4,nLi_plus,74.0,3.930893160831068,0.017387968320268215,257.1998814882426,22.56722078013122,209.40032694957,25.232333758541436,0.5047579740405476,0.4145676087069814,0.15341596391298926,5.39933972651349,4.942708014161185,4.143739699992879e-08,1.3794560287405197e-07
P4,nLi_plus,75.0,3.920498242473067,0.01750037841827506,263.7998579857712,22.66932494134657,215.73116707929705,25.399365965127622,0.5043543683704106,0.41443692433765705,0.153025736286564,5.3976376897597556,4.938755813140213,4.1624878245619006e-08,1.4001534353926162e-07
P4,nLi_plus,76.0,3.909963133266316,0.017614658142884848,270.61162329066593,22.771202984898363,222.27401681094818,25.566403494819397,0.5039507498378704,0.41430629475766567,0.15263028627850192,5.395936366583772,4.934803486167583,4.1811944299403905e-08,1.421227272622443e-07
P4,nLi_plus,77.0,3.899297591988449,0.017730830333895966,277.6411065188134,22.87283993316783,229.03482364254765,25.73344294309791,0.503547126669383,0.414175722284001,0.15222997839183341,5.3942357871621285,4.930851113798675,4.199856765973417e-08,1.4426797758946447e-07
P4,nLi_plus,78.0,3.8884881045737085,0.017849009157596355,284.90158543116286,22.97425248534777,236.02684929239905,25.900483653415993,0.5031435004513859,0.4140452070223129,0.15182430801647778,5.392535952870813,4.926898711568256,4.218477898927263e-08,1.464535449490739e-07
P4,nLi_plus,79.0,3.877535078508434,0.01796926060828838,292.4029201896463,23.07543923390672,243.25995341011946,26.0675275456201,0.5027398665448881,0.41391474704599407,0.15141329036933784,5.3908368386176395,4.922946234050242,4.2370575703543306e-08,1.4868066450891093e-07
P4,nLi_plus,80.0,3.8664342856747163,0.018091648077221124,300.1553749063809,23.176396151689026,250.74440559994989,26.234573154741987,0.5023362284897428,0.4137843430468403,0.1509967676035454,5.389138453412574,4.9189937159077015,4.255595040797823e-08,1.5095058829633077e-07
P4,nLi_plus,81.0,3.8551807896022683,0.018216241538552395,308.17005853099886,23.277119748094886,258.49131951721745,26.40161926568654,0.5019325892220261,0.41365399548321674,0.15057455542134163,5.3874408032253776,4.915041185891378,4.274089669322063e-08,1.5326470921932994e-07
P4,nLi_plus,82.0,3.8437694947230896,0.018343113203339527,316.4586663119397,23.377601685434744,266.5124017695773,26.568662856927638,0.5015289560427556,0.41352370618059625,0.15014646360884856,5.385743911831058,4.911088715494544,4.292539924980214e-08,1.5562447358040822e-07
P4,nLi_plus,83.0,3.832194923276593,0.0184723409808079,325.0336636904896,23.477845975609497,274.8201156403925,26.73570207448761,0.5011253334317614,0.4133934760107932,0.14971228767064332,5.384047790584149,4.907136348584739,4.31094654442803e-08,1.5803142012704415e-07
P4,nLi_plus,84.0,3.820451141186059,0.018604003211723494,333.90805981767625,23.577847084698874,283.4274779183953,26.902734814582047,0.50072172647249,0.41326330599003647,0.14927180608100585,5.382352452720043,4.903184134940262,4.3293085115401615e-08,1.604871112795042e-07
P4,nLi_plus,85.0,3.8085207664865783,0.018738175173376278,343.0956641565477,23.677599339868383,292.3483098240621,27.06975499261722,0.5003181498673549,0.4131332001833024,0.14882437001163282,5.380657951181101,4.899232218530578,4.3476247846841565e-08,1.6299319673374137e-07
P4,nLi_plus,86.0,3.7964037573814697,0.018874949843935698,352.611175855289,23.777104212971114,301.5973055334117,27.2367661089062,0.499914595158429,0.41300315513192826,0.14836997786338318,5.378964240921607,4.895280516533692,4.365895634118197e-08,1.655514208514308e-07
P4,nLi_plus,87.0,3.784101811600189,0.01901439421088824,362.46778650189543,23.87635558758076,311.1876640248075,27.40376688950719,0.49951106542398177,0.4128731710336897,0.14790869300124143,5.377271324517396,4.891329059092735,4.3841199367585534e-08,1.681629704203718e-07
P4,nLi_plus,88.0,3.7716184131385684,0.019156483130021797,372.67184684178454,23.975327811274685,321.1257653415404,27.570753688969493,0.4991075694726412,0.41274324988033395,0.14744064546279323,5.375579227909038,4.887377932463852,4.4022929823680583e-08,1.7082709674948832e-07
P4,nLi_plus,89.0,3.7589334610296605,0.019301471000112827,383.2531125335891,24.07404872096032,331.4413398671833,27.737723945445502,0.4987041134946878,0.41261339274718317,0.14696508489491772,5.3738879651015585,4.883427197263716,4.42041988229381e-08,1.7354916233340905e-07
P4,nLi_plus,90.0,3.7460385439332926,0.01944947472955292,394.2310503008391,24.172516829863618,342.153858747036,27.904674723939504,0.4983007045820528,0.4124836008981232,0.14648169732000105,5.372197552555838,4.879476922938173,4.438500363537874e-08,1.7633150122585658e-07
P4,nLi_plus,91.0,3.732922085084376,0.01960061178125372,405.6260969216916,24.270728184198322,353.283766890754,28.071601846739288,0.49789735282948594,0.4123538764661528,0.14599005063142323,5.370508018052114,4.875527208337374,4.456533700115371e-08,1.7917649015125938e-07
P4,nLi_plus,92.0,3.719574105858695,0.019755025227853766,417.4615204028952,24.3686813187702,364.8543359897814,28.23850309434358,0.4974940636000446,0.41222421995952935,0.14548977235903568,5.368819368209941,4.871578105977627,4.4745196229908006e-08,1.8208699961056406e-07
P4,nLi_plus,93.0,3.705982424490675,0.01991285717905498,429.76156440044844,24.466370978846296,376.88981599950085,28.405377422101317,0.4970908394179551,0.4120946308550166,0.14498040779457003,5.367131596214677,4.867629640576747,4.4924571673025274e-08,1.850658921068085e-07
P4,nLi_plus,94.0,3.6921314139294052,0.02007426832353417,442.553290540292,24.563788853062103,389.41728409424337,28.572217592986547,0.49668769777029237,0.41196511331370983,0.14446137373019524,5.3654447562605405,4.863681983372257,4.5103448069374606e-08,1.8811645916602448e-07
P4,nLi_plus,95.0,3.6780156972576536,0.020239446559931196,455.86674922247727,24.66092948256494,402.4668028114712,28.73901692844114,0.49628465479468625,0.4118356709148237,0.14393246951699892,5.363758894963318,4.8597352923876,4.5281815395539814e-08,1.9124241340715762e-07
P4,nLi_plus,96.0,3.663620817568158,0.02040858570783442,469.7343038697027,24.757782687340676,416.07075233810576,28.90576884425626,0.4958817264007872,0.4117063069989693,0.1433931556169576,5.36207405583122,4.855789723413789,4.545965495921976e-08,1.9444768540570738e-07
P4,nLi_plus,97.0,3.6489299842541985,0.02058190896702044,484.19249917446075,24.854339213041577,430.2656927150928,29.072467246326383,0.4954789273139922,0.41157702434412824,0.14284280539956942,5.360390275044753,4.851845420645352,4.563694976780003e-08,1.977368189743167e-07
P4,nLi_plus,98.0,3.633920814012959,0.020759640743563637,499.28000941193216,24.950579773688776,445.0903295541222,29.239100084121137,0.4950762866524125,0.41144783017629083,0.14228058360258067,5.35870764671541,4.8479026692136395,4.581366440882242e-08,2.0111444419668527e-07
P4,nLi_plus,99.0,3.618576924423749,0.020942071128371112,515.0429395621679,25.046498352870675,460.5907752693534,29.40566593994387,0.49467380784167736,0.41131872318026746,0.14170587879607124,5.357026153714126,4.843961502663211,4.598978783509424e-08,2.0458641945695783e-07
P4,nLi_plus,100.0,3.6028714097447465,0.021129512923037056,531.5323466006529,25.142086906059443,476.8181036370981,29.57215605749535,0.494271512039934,0.4111897074926545,0.14111768692926493,5.355345849916043,4.840022128179589,4.616530527544379e-08,2.081591720962868e-07
P4,nLi_plus,101.0,3.586773614839661,0.02132230492051136,548.8044990988606,25.237332243297356,493.8286072505794,29.738559604983777,0.49386942542041384,0.41106078857836886,0.14051486407740876,5.353666806496389,4.83608480205717,4.634019251078268e-08,2.1183967732083304e-07
P4,nLi_plus,102.0,3.570264427374715,0.02152081997047475,566.9212269874475,25.332221096527324,511.6841407686124,29.904865122307772,0.49346757567455424,0.4109319720563261,0.13989669709296348,5.3519890966360695,4.832149795456978,4.651442517861832e-08,2.1563545132631397e-07
P4,nLi_plus,103.0,3.5533132442704405,0.021725465621398713,585.9515039286781,25.42674483029815,530.453698641613,30.071060456767015,0.4930659921673433,0.4108032637064748,0.13926204403023681,5.350312795613291,4.8282173959278385,4.668798742273948e-08,2.1955479419722615e-07
P4,nLi_plus,104.0,3.5358797521576673,0.02193671695022289,605.9752779786795,25.520888131791978,550.2172564489181,30.237133397969494,0.49266470440317156,0.4106746689119062,0.138609400598718,5.34863797353758,4.824287892383636,4.686085112611222e-08,2.236074594589115e-07
P4,nLi_plus,105.0,3.517926160054656,0.022155118348409105,627.0837695325071,25.614641695683126,571.06605496137,30.403072875453955,0.4922637391319756,0.4105461916665519,0.1379373566387048,5.34696468242601,4.820361546766001,4.703299920251763e-08,2.27804530398711e-07
P4,nLi_plus,106.0,3.4994079884872877,0.0223812477999455,649.3771900804776,25.707989630229452,593.1003391922588,30.56886125798928,0.49186313895670597,0.4104178404209648,0.13724425249241323,5.345293032338809,4.816438776252978,4.720440247191468e-08,2.3215779488757348e-07
P4,nLi_plus,107.0,3.4802670190204217,0.022615747294001096,672.9688740839676,25.800914048053713,616.4334761445135,30.734483891400398,0.4914629392867504,0.41028962309370937,0.13652791583700316,5.343623126407574,4.812519927581564,4.737502808992437e-08,2.3668039838365906e-07
P4,nLi_plus,108.0,3.460464063397541,0.02285929188918061,697.9814031208947,25.89339424151219,641.1880856828711,30.899923196511395,0.49106318259927667,0.41016154937206645,0.13578688452567172,5.341955090799713,4.8086054166981125,4.754483803366114e-08,2.413859042093343e-07
P4,nLi_plus,109.0,3.4399390249634116,0.02311263623022299,724.5545368349337,25.985406867899133,667.5039753728618,31.065154594172906,0.49066392828572947,0.4100336290109093,0.13501891621720002,5.340289052562958,4.804695825177524,4.77137894418008e-08,2.4628962194566847e-07
P4,nLi_plus,110.0,3.418630371194129,0.023376660428227468,752.8508113204647,26.076930414192617,695.5437261860912,31.230154720180867,0.49026523280183926,0.4099058674602436,0.13422171494133592,5.338625082678331,4.800791705847503,4.7881842812641366e-08,2.514093369395044e-07
P4,nLi_plus,111.0,3.396464086724646,0.023652319902262492,783.052316361498,26.167941476278013,725.4894812959087,31.394893589311373,0.4898671686019347,0.4097782756364721,0.1333925190402736,5.336963323321356,4.796893768197764,4.804895517210116e-08,2.5676436132703616e-07
P4,nLi_plus,112.0,3.3733480557506534,0.02394067922332326,815.3666508089624,26.258408192475198,757.5489049594166,31.55933765707062,0.48946981674073076,0.40965086527356365,0.13252789148459682,5.335303927315559,4.7930028059350125,4.8215068016516766e-08,2.623762503472901e-07
P4,nLi_plus,113.0,3.3492082906909015,0.024242926511619772,850.0292762056638,26.348302420742794,791.9575245181832,31.723449266737777,0.4890732682094582,0.40952365057860646,0.13162507174891416,5.333647079694441,4.78911971006664,4.8380129672137484e-08,2.6826877650022405e-07
P4,nLi_plus,114.0,3.3239474850532327,0.024560387215667844,887.3099260528862,26.43759264358618,828.9851534798041,31.887179929495886,0.4886776401733144,0.4093966511738466,0.13068042928125617,5.331993036018665,4.785245627901634,4.854408226728517e-08,2.744685324479595e-07
P4,nLi_plus,115.0,3.297451149884729,0.02489455461695073,927.5194444365054,26.526239893302197,868.9427315886267,32.05047295457656,0.48828306961615436,0.409269888987648,0.1296896924413673,5.330342081883834,4.781381900817909,4.870685425038504e-08,2.8100546183155617e-07
P4,nLi_plus,116.0,3.2695858765718007,0.025247097821165312,971.0147670009126,26.614204263494933,912.187292162906,32.213270574511625,0.48788969612349986,0.4091433822993173,0.12864788358900345,5.328694455360131,4.777529895669505,4.886837234625683e-08,2.879129455588399e-07
P4,nLi_plus,117.0,3.2402300652672302,0.025619835206685482,1018.1993433368655,26.701433679205685,959.122418737903,32.37549091975678,0.4874977175195488,0.4090171663214916,0.12755046600524345,5.3270506150578925,4.773691549597189,4.902854093609314e-08,2.9522708949226294e-07
P4,nLi_plus,118.0,3.209234367568973,0.02601477838126243,1069.5356343175836,26.78785841174611,1010.210742602043,32.537033303794566,0.48710737709659896,0.408891283371562,0.12639186770346073,5.325411112119963,4.769869244975984,4.9187231985725765e-08,3.0298782328726506e-07
P4,nLi_plus,119.0,3.1764369969483046,0.026434093155718586,1125.5453697279327,26.873391541012097,1065.9742057477683,32.697772439152224,0.4867189775910833,0.4087657880071951,0.1251660528020408,5.3237766571068645,4.766065946271774,4.934428589451552e-08,3.1123793969944435e-07
P4,nLi_plus,120.0,3.1416735184045836,0.02688004949319719,1186.8086636127903,26.957928650066744,1126.9931932646632,32.85754169806023,0.4863329216314167,0.4086407602764406,0.12386688701649143,5.322148292566556,4.762285596116066,4.9499510934552695e-08,3.200219965464948e-07
P4,nLi_minus,0.0,4.405088570402414,0.011920846182167964,48.45140241797589,14.45733209793686,21.06476675996119,12.929303560077841,0.5344862093878077,0.42436463689811166,0.17129039431499257,5.526936486132813,5.233813840427872,2.6546211229938597e-08,4.375195978831746e-08
P4,nLi_minus,1.0,4.399175003081665,0.011969716766694774,49.49645286560768,14.57083095773529,21.833798508366822,13.091823399505573,0.5340935071057544,0.4242329945168966,0.1710670855030683,5.525221972206353,5.229968407930499,2.6754615151641155e-08,4.454344812552767e-08
P4,nLi_minus,2.0,4.393238015545478,0.012018954249517435,50.56243308083034,14.684189167422025,22.623868596807043,13.254375316601267,0.533700727313328,0.42410138538043196,0.17084290992850593,5.52350789126042,5.22612221643344,2.69627608149355e-08,4.534220317755568e-08
P4,nLi_minus,3.0,4.387279280036042,0.012068542699277459,51.649327690089045,14.79737999729712,23.43498843250025,13.41695926029167,0.5333078701339383,0.42396980959797087,0.17061793023524469,5.521794244717929,5.222275267145158,2.7170599139378858e-08,4.614785884723756e-08
P4,nLi_minus,4.0,4.381298476980967,0.012118487064424529,52.7576040621654,14.910402931169058,24.26762599108526,13.579575139911082,0.5329149357866642,0.42383826731055624,0.170392134401626,5.520081034415829,5.2184275622109215,2.7378129177152564e-08,4.696051276523907e-08
P4,nLi_minus,5.0,4.3752952688423665,0.012168792506393942,53.887744683594065,15.02325749243054,25.122264337608108,13.742222853555415,0.5325219245177398,0.4237067586676648,0.1701655097398639,5.518368262300905,5.214579104041914,2.7585350053121573e-08,4.778026722285572e-08
P4,nLi_minus,6.0,4.369271299711493,0.012219443226416332,55.03972137128986,15.135916321712992,25.99890270539548,13.904902344181389,0.532128836465001,0.4235752837818136,0.16993811781973372,5.516655929838586,5.210729893987855,2.7792211530660456e-08,4.860676225232508e-08
P4,nLi_minus,7.0,4.363227626104115,0.012270429884177503,56.21365040669088,15.248359101687385,26.89768224758436,14.06760905741914,0.5317356826333283,0.4234438463985836,0.1697099982236311,5.514944085811417,5.206880039811107,2.7998676303570233e-08,4.943978952813505e-08
P4,nLi_minus,8.0,4.357160322723086,0.01232179531624027,57.4109672081188,15.360634346265167,27.81998563615759,14.230347225696041,0.5313424527957618,0.423312443164107,0.1694810037964322,5.513232686538534,5.203029441366889,2.820483345194757e-08,5.028027386807359e-08
P4,nLi_minus,9.0,4.3510682225163215,0.012373544180735649,58.632202634814305,15.47274174795508,28.766343547707542,14.39311733915169,0.5309491457679603,0.4231810737461936,0.16925109079681797,5.511521727693483,5.199178087057855,2.84106824111843e-08,5.112831912163231e-08
P4,nLi_minus,10.0,4.3449481658282165,0.012425680560554042,59.87792610339396,15.584681930113197,29.737323919389006,14.555920253891752,0.5305557594812862,0.4230497375196562,0.16902014085702388,5.509811201133809,5.195325956627422,2.8616224325872082e-08,5.1984051660297576e-08
P4,nLi_minus,11.0,4.3388014676972775,0.012478211890802556,61.14870953393508,15.69645409201667,30.733500089622265,14.718755352296148,0.5301622954281162,0.4229184350470959,0.16878820325931573,5.508101114186845,5.191473064689292,2.8821457725742584e-08,5.284759099620264e-08
P4,nLi_minus,12.0,4.332621024693074,0.012531138554354442,62.44514324993827,15.80805517748772,31.75546594687659,14.881622125573953,0.5297687548378593,0.42278716680135364,0.1685550119860744,5.506391473010882,5.1876194232821256,2.902637699911445e-08,5.3719062969394916e-08
P4,nLi_minus,13.0,4.326411720919603,0.012584471431039362,63.76783248476775,15.919486025176825,32.803825621454585,15.044520838136341,0.5293751370716098,0.42265593263123696,0.16832075000751406,5.504682275636786,5.183765026149607,2.9230983685897843e-08,5.459859048748287e-08
P4,nLi_minus,14.0,4.320177363223046,0.01263822073829985,65.11740007703166,16.030750624547416,33.87919827824193,15.207451174242319,0.5289814428923033,0.4225247328548844,0.16808555990208288,5.502973526208003,5.179909880762581,2.943528511145116e-08,5.548629750358544e-08
P4,nLi_minus,15.0,4.313917991122594,0.012692393746276594,66.49449910533058,16.14184553704701,34.98224057674502,15.37041299153854,0.5285876726439133,0.42239356764843966,0.1678494431429155,5.501265227018632,5.176053990489317,2.9639274961985664e-08,5.638232685620497e-08
P4,nLi_minus,16.0,4.30763159366396,0.012746995739074124,67.89978654877841,16.252770000865524,36.11360985528221,15.533406692630669,0.5281938253536097,0.4222624367421901,0.16761232442694474,5.49955737455593,5.172197345803635,2.984295183868369e-08,5.728680939969648e-08
P4,nLi_minus,17.0,4.301317734349592,0.012802033836452438,69.33394943027426,16.363522826252087,37.27399496197016,15.696431642052005,0.5277999025568927,0.42213134070599534,0.1673741874266378,5.497849976241762,5.168339961741511,3.0046313556952837e-08,5.8199888808207567e-08
P4,nLi_minus,18.0,4.294975988341668,0.012857514699602177,70.79767887994254,16.474102097999204,38.464090902309366,15.859485879633972,0.527405908990185,0.4220002811703398,0.16713501626870841,5.496143053311602,5.164481884683104,3.024935660013441e-08,5.912170090360872e-08
P4,nLi_minus,19.0,4.288605878123265,0.012913445420991394,72.29168880976376,16.584508360643433,39.684609714414464,16.022570734705862,0.5270118414413826,0.42186925711827244,0.16689479307545457,5.494436592520653,5.160623083174739,3.045208196809356e-08,6.005238228499045e-08
P4,nLi_minus,20.0,4.2822068059826925,0.012969834453513868,73.81675366761954,16.694742024041908,40.936325336502634,16.185686307075002,0.5266176996693175,0.4217382685283284,0.16665349548700958,5.492730593589355,5.156763554854845,3.065449041340025e-08,6.099210349744504e-08
P4,nLi_minus,21.0,4.275778398904297,0.013026687794819481,75.37359297641189,16.804798950811772,42.21996148790413,16.34883253769599,0.5262234838166632,0.4216073155296711,0.1664111095593831,5.491025058199937,5.152903301120513,3.085657433908994e-08,6.194098398987558e-08
P4,nLi_minus,22.0,4.269319993675449,0.013084014646974538,76.96304066624525,16.91467914152673,43.53635198926522,16.512009535453306,0.5258291936203183,0.421476398190895,0.16616761048941722,5.489319987245773,5.149042319395393,3.105833374621606e-08,6.289921157113294e-08
P4,nLi_minus,23.0,4.2628308730036615,0.013141825128138294,78.58597395692452,17.024387295932563,44.8863695583604,16.675217102631557,0.5254348295580294,0.4213455167474095,0.1659229714567669,5.487615383792844,5.145180614357693,3.1259777264340654e-08,6.386698640199981e-08
P4,nLi_minus,24.0,4.256310486339097,0.013200127436751927,80.24323447161115,17.133923094920327,46.27085625121334,16.838455125477488,0.5250403919046625,0.42121467134254614,0.1656771718837363,5.485911249707901,5.14131818869896,3.1460904307523413e-08,6.484447105048624e-08
P4,nLi_minus,25.0,4.249758583297571,0.013258930482977292,81.93569667488472,17.24328663911149,47.69068611193444,17.001723923838796,0.5246458798873583,0.4210838617748474,0.1654302024215786,5.484207582367159,5.137455034851181,3.1661715060523106e-08,6.583183625840477e-08
P4,nLi_minus,26.0,4.243173327057939,0.013318242004476843,83.6642632556166,17.352476970727285,49.146764281493766,17.165022003395553,0.5242512971168938,0.4209530892950198,0.16518199438720949,5.482504398059851,5.133591188171923,3.186220776468901e-08,6.68292594872939e-08
P4,nLi_minus,27.0,4.236549507066614,0.013378066635597038,85.42985469993098,17.461490637420987,50.64001979651764,17.328344265992357,0.5238566559121172,0.4208223580349232,0.16493235293808592,5.480801750599432,5.12972676929023,3.2062376080903743e-08,6.783691934517216e-08
P4,nLi_minus,28.0,4.229888845785071,0.013438416382398089,87.23343756380422,17.570334703472835,52.17140665153913,17.49169620879224,0.5234619429900442,0.4206916636417414,0.16468134251436983,5.479099583294707,5.125861648136015,3.2262232980431566e-08,6.885499594123631e-08
P4,nLi_minus,29.0,4.223185918582411,0.013499296669690608,89.075993437906,17.679009044419242,53.74190572412579,17.655078669360975,0.523067156326836,0.4205610054955674,0.1644287602409145,5.477397888071991,5.121995804891374,3.2461778234735394e-08,6.988367176314393e-08
P4,nLi_minus,30.0,4.216447258413914,0.01356072272693183,90.95853566788676,17.787510739220956,55.35253352737712,17.8184914012887,0.522672296517901,0.4204303838419871,0.1641748505624694,5.475696668129799,5.118129245386688,3.266100648027204e-08,7.09231368431816e-08
P4,nLi_minus,31.0,4.209672899625843,0.013622705667024632,92.88213751254509,17.895839776831014,57.00436343360567,17.981934302108392,0.522277363810834,0.42029979881098084,0.16391961479810588,5.473995925161001,5.114261972046459,3.285991769675734e-08,7.197360133514112e-08
P4,nLi_minus,32.0,4.202863202121559,0.01368525623479556,94.8478762242521,18.003996007069986,58.69847300698198,18.145407210200148,0.5218823585961626,0.42016925057865784,0.16366306643904588,5.4722956614592455,5.110393988694828,3.3058511608435364e-08,7.303526100314015e-08
P4,nLi_minus,33.0,4.196017481633355,0.0137483853986204,96.85689226458034,18.11197949308707,60.43600285509145,18.308909916401817,0.5214872813792926,0.4200387393621577,0.16340517992097506,5.470595879852567,5.106525300280846,3.325678833125919e-08,7.410833403124441e-08
P4,nLi_minus,34.0,4.1891338808918475,0.013812103128295092,98.91035247559114,18.219789905228854,62.21812062801197,18.47244194235032,0.521092133316109,0.419908265576257,0.16314588582017592,5.4688965857430265,5.102655918123209,3.345474725992702e-08,7.519303735812282e-08
P4,nLi_minus,35.0,4.182211695470253,0.013876420598981696,101.00946195656205,18.327426783526505,64.0460323304446,18.636002842590944,0.5206969154829796,0.41977782961106813,0.16288515783287633,5.467197784211457,5.09878585276196,3.365238754985495e-08,7.628959317434057e-08
P4,nLi_minus,36.0,4.175250185528534,0.013941348805002748,103.15544886252573,18.434889510451562,65.9209669337117,18.799592418362465,0.5203016283601778,0.4196474316659325,0.16262296833022094,5.465499477854087,5.094915108900051,3.384970806715184e-08,7.73982191836287e-08
P4,nLi_minus,37.0,4.168248483116966,0.014006900175429706,105.34962786248525,18.54217787494617,67.84423950455277,18.963210482986316,0.5199062723987815,0.419517071942688,0.16235928489540336,5.46380166929966,5.091043690954541,3.4046708424278234e-08,7.851916511550176e-08
P4,nLi_minus,38.0,4.161205783769086,0.014073086554450925,107.59332214475482,18.649291373537455,69.81717387149374,19.126856899723638,0.5195108479291976,0.4193867505663777,0.16209407748655108,5.462104360176738,5.087171602160851,3.424338769676916e-08,7.965266599970949e-08
P4,nLi_minus,39.0,4.154121171761562,0.014139921066101806,109.88793936293447,18.75622992436813,71.84117804068904,19.290531397877306,0.5191153556055207,0.41925646778801745,0.1618273119062859,5.46040755375456,5.08329884892403,3.443974573432021e-08,8.079898523403366e-08
P4,nLi_minus,40.0,4.146993574070375,0.014207416910977457,112.23493047286719,18.86299323012777,73.91770346790581,19.45423377483361,0.5187197959173334,0.41912622380395265,0.1615589480787087,5.458711252590333,5.079425436038183,3.463578199101701e-08,8.195838963525252e-08
P4,nLi_minus,41.0,4.139817407094526,0.014275583581051307,114.63578655678893,18.969577753560944,76.04824742799916,19.61796137522883,0.5183241752808825,0.4189960207521017,0.16128877735140162,5.457015484528364,5.075551426332699,3.4831489971834785e-08,8.313115008274078e-08
P4,nLi_minus,42.0,4.132596481542161,0.014344425104682586,117.0915206313206,19.075973842087766,78.23383056768193,19.78171622155091,0.5179284888091606,0.4188658570457161,0.16101694220326168,5.455320228902798,5.071676771952861,3.50268519529347e-08,8.431725927858503e-08
P4,nLi_minus,43.0,4.125331390681459,0.014413942755921455,119.6031409530227,19.182174864351207,80.47546642536858,19.945499663302915,0.5175327332413172,0.4187357316343902,0.16074346482808563,5.453625472033123,5.0678014409676555,3.522185575797581e-08,8.551670029965947e-08
P4,nLi_minus,44.0,4.118009326684876,0.014484168529905759,122.17334071905175,19.28819355059182,82.77583806813338,20.10930910032654,0.5171369148602042,0.4186056466067722,0.1604678665895989,5.45193124112195,5.063925494900239,3.541652476192472e-08,8.67303256541125e-08
P4,nLi_minus,45.0,4.110638835578914,0.014555124819425202,124.80382655236994,19.394031750235232,85.13665002121834,20.273144780916365,0.5167410330658588,0.4184756017807075,0.16019046696926792,5.4502375337968925,5.060048927875635,3.5610862360653e-08,8.7958428718363e-08
P4,nLi_minus,46.0,4.103219596673948,0.014626827887308593,127.49638248124322,19.499689589140807,87.55968502343693,20.437007868665482,0.5163450850466511,0.4183455962463711,0.15991125400693404,5.4485443382083645,5.0561717123617065,3.5804868785260654e-08,8.920131959717372e-08
P4,nLi_minus,47.0,4.09574855715107,0.014699315038380406,130.2538152677642,19.605179408119564,90.04773806530444,20.6008977943402,0.51594907217804,0.41821563046876575,0.15963011366060548,5.446851660412576,5.052293861827268,3.599856669565297e-08,9.045979264353265e-08
P4,nLi_minus,48.0,4.088224734608071,0.014772597341367657,133.07784848959642,19.710496268900677,92.60253819039237,20.76481403030336,0.5155529957349733,0.4180857048695843,0.15934700927039994,5.445159505901663,5.048415388756907,3.6191947024293855e-08,9.173406296980522e-08
P4,nLi_minus,49.0,4.080650418516357,0.01484667618869338,135.96972005307123,19.815628285894736,95.225335525397,20.9287562417795,0.5151568565263804,0.4179558197309968,0.15906202643262554,5.44346787835062,5.044536301071849,3.638498794714518e-08,9.302409200346028e-08
P4,nLi_minus,50.0,4.073023172608477,0.014921567957571824,138.93149105594475,19.920574027062518,97.91819320882755,21.092723820054687,0.5147606560231179,0.4178259755426776,0.15877507414991032,5.441776784136975,5.040656613175066,3.6577686834730393e-08,9.43302269824929e-08
P4,nLi_minus,51.0,4.065341439181749,0.014997290126272276,141.96530023536096,20.025330141304256,100.68325361833932,21.256716475717383,0.5143643949245008,0.41769617251779295,0.15848609425674534,5.440086226037013,5.036776331914412,3.6770037533839365e-08,9.565282579884343e-08
P4,nLi_minus,52.0,4.057603949146714,0.015073861038254109,145.07336538849054,20.12989551088181,103.52273595658814,21.42073392102061,0.513968073925822,0.41756641084913476,0.15819503937423024,5.438396206561662,5.032895464098359,3.696203799210776e-08,9.699225454902629e-08
P4,nLi_minus,53.0,4.049806406747785,0.015151299159310839,148.25807302314092,20.23427152698124,106.43902866433632,21.584772831823365,0.5135717010593178,0.4174366931542265,0.15790174908649202,5.436706759801615,5.029014088380441,3.715369076399852e-08,9.834892905717815e-08
P4,nLi_minus,54.0,4.041946997161799,0.015229624135247945,151.5218415115572,20.338457387770777,109.43455158158007,21.748832542206337,0.513175277934072,0.41730701995341113,0.15760615564949895,5.435017892533837,5.025132220517183,3.734499437720713e-08,9.972324802055581e-08
P4,nLi_minus,55.0,4.03402787615131,0.015308856909428386,154.86706100585926,20.442453539271895,112.51169105975417,21.912916406833205,0.5127787964440953,0.4171773885734477,0.15730833960256901,5.433329569941963,5.021249781132843,3.753594965070765e-08,1.0111556431327456e-07
P4,nLi_minus,56.0,4.026047484360856,0.015389018319813772,158.29632089814385,20.54625983541307,115.67303620327222,22.07702485945857,0.5123822555412915,0.41704779864528274,0.15700824272070607,5.431641787219431,5.0173667599642195,3.7726556316287014e-08,1.0252629214081855e-07
P4,nLi_minus,57.0,4.0179951139707955,0.015470122954780266,161.81230389204973,20.649875034723394,118.92127161015466,22.241157247171657,0.5119856568033113,0.4169182506531074,0.15670546506429442,5.429954550672359,5.013483172460036,3.791681209438569e-08,1.039558553255655e-07
P4,nLi_minus,58.0,4.009875548408287,0.015552197353737541,165.41779698901223,20.753298327773688,122.25918614570627,22.405312515532266,0.511589002778035,0.41678874539156086,0.15640018538764489,5.428267870650151,5.0095990435697315,3.810671549874899e-08,1.0540468969627818e-07
P4,nLi_minus,59.0,4.001690198494537,0.015635266747990782,169.11569656605258,20.856536463270785,125.68967005173121,22.569490051050597,0.511192294947859,0.4166592833006452,0.1560924564342611,5.426581752883405,5.005714387809278,3.8296278921192757e-08,1.0687324027885637e-07
P4,nLi_minus,60.0,3.9934373897839603,0.0157193546206706,172.90904004929604,20.95958460913498,129.21576592572444,22.733689514436605,0.5107955341326216,0.41652986459666486,0.15578221569536693,5.424896200189274,5.001829213206724,3.848549348916652e-08,1.0836198125662896e-07
P4,nLi_minus,61.0,3.9851153678593576,0.01580448575806045,176.80102610918289,21.062436036336123,132.84067979884733,22.89791027399944,0.5103987218586991,0.4164004897217841,0.15546939768063683,5.4232112183265215,4.997943534708702,3.8674346846984306e-08,1.0987141774122697e-07
P4,nLi_minus,62.0,3.976722482036109,0.01589068454975603,180.7948899357657,21.165091214846374,136.56764636113263,23.062152359786694,0.5100018580534864,0.41627115859506114,0.15515394076762198,5.421526806240956,4.994057351604248,3.8862839857597864e-08,1.1140202780863272e-07
P4,nLi_minus,63.0,3.968258243314075,0.015977972876039245,184.89377159878669,21.26755265242044,140.39980415215106,23.226414794215174,0.5096049450791516,0.4161418718710774,0.15483582673016733,5.419842972457864,4.990170687024261,3.905097712568708e-08,1.1295421321443814e-07
P4,nLi_minus,64.0,3.959716289511021,0.016066380034999668,189.10153014398443,21.369820809485546,144.34101449410076,23.39069484039815,0.5092079895489281,0.41601263164998914,0.154514818028632,5.418159744329739,4.98628360572707,3.9238759496677526e-08,1.1452862864053199e-07
P4,nLi_minus,65.0,3.951095254201915,0.016155934429131946,193.42188992716726,21.471895352301264,148.39500218759218,23.554992387273824,0.5088109917311785,0.4158834379355219,0.15419086367231669,5.4164771219051016,4.9823961103405425,3.942618635776292e-08,1.1612582732783887e-07
P4,nLi_minus,66.0,3.9423958770660503,0.016246666990907387,197.85872478114078,21.573777540616007,152.56563712121127,23.719310119313484,0.5084139451393224,0.4157542885198687,0.1538639912804889,5.414795076429413,4.9785081373465685,3.961326002206351e-08,1.1774637547286306e-07
P4,nLi_minus,67.0,3.9336159820054837,0.01633860759505879,202.41609084932438,21.67546648801223,156.85697678385543,23.88364757745672,0.5080168508826032,0.4156251836594315,0.1535341196210955,5.4131136112420615,4.974619697607118,3.979997886196035e-08,1.193908664459172e-07
P4,nLi_minus,68.0,3.9247534448011128,0.016431787032366713,207.0982174347955,21.776960359355378,161.27325402718847,24.048003048251637,0.5076197131012937,0.41549612458475005,0.15320116941635264,5.4114327423696285,4.970730831664712,3.9986339507822805e-08,1.2105991321960028e-07
P4,nLi_minus,69.0,3.9158018975552853,0.0165262345762531,211.9095268870836,21.878257142049925,165.81889332891384,24.2123764161198,0.5072225320746702,0.4153671112592167,0.1528649029164269,5.409752469335335,4.966841542254086,4.017233826417055e-08,1.2275415186417055e-07
P4,nLi_minus,70.0,3.9067554787299215,0.016621980412888034,216.85460498026526,21.979354028396077,170.49848456336426,24.376766388504926,0.5068253109259807,0.41523814455969243,0.15252510131113822,5.408072803559443,4.9629518599588165,4.035796997557165e-08,1.2447422915280278e-07
P4,nLi_minus,71.0,3.89761921382852,0.01671906400961717,221.93827260384109,22.08025128821787,175.31684900515936,24.541172310463846,0.5064280512377871,0.41510922485019647,0.15218195228292894,5.406393749782947,4.959061800275718,4.054323513747061e-08,1.2622082429550348e-07
P4,nLi_minus,72.0,3.8883914978883456,0.01681752161908065,227.16557308932295,22.180947640767197,180.2790315055876,24.70559394296816,0.5060307535876619,0.41498035215443313,0.15183539592641976,5.404715308314574,4.9551713688605155,4.0728131398188056e-08,1.2799464259224051e-07
P4,nLi_minus,73.0,3.8790660753466915,0.01691738708860285,232.54176147514895,22.2814393202067,185.39029468617574,24.870027468766494,0.505633427199361,0.4148515292814848,0.15148519874961258,5.403037515739889,4.951280656034382,4.0912651842982504e-08,1.29796410184118e-07
P4,nLi_minus,74.0,3.869640500632287,0.017018698353504648,238.07231639346904,22.38172498554635,190.6561183326041,25.034473075318562,0.505236071619919,0.41472275589590024,0.15113126946739674,5.401360367689966,4.947389657361775,4.1096794009559774e-08,1.3162687091745802e-07
P4,nLi_minus,75.0,3.860114789761272,0.017121502777415146,243.76334850221528,22.481806287137886,196.08260912364702,25.198933091430384,0.5048386812221618,0.41459402996887407,0.15077360866543751,5.399683837741588,4.94349831774009,4.1280560928256706e-08,1.3348692303563838e-07
P4,nLi_minus,76.0,3.850485960798766,0.017225844435795352,249.621108508779,22.581679950262217,201.6760217164394,25.363406842077374,0.5044412576371745,0.414465351808971,0.15041210503795094,5.39800792991351,4.939606653141294,4.1463946586111564e-08,1.353774460636952e-07
P4,nLi_minus,77.0,3.8407514052321323,0.017331759053781183,255.65149027163037,22.681342333741576,207.44225512463356,25.527892813255214,0.5040438045232979,0.4143367223596957,0.1500466612309731,5.396332656493964,4.935714699388716,4.164694429727984e-08,1.3729913348790715e-07
P4,nLi_minus,78.0,3.8309080256588977,0.01743929152643844,261.86115922871596,22.78079311218203,213.3879764515653,25.692389664968612,0.5036463251184087,0.41420814241082216,0.14967716163769293,5.394658027768987,4.9318224881883985,4.182955346428092e-08,1.3925287051796683e-07
P4,nLi_minus,79.0,3.820955484580985,0.017548455254280667,268.2548419947664,22.88001928984393,219.51792651201208,25.856896192910437,0.5032488223325157,0.4140796126431233,0.14930359367595475,5.392984052604983,4.9279300480358295,4.201175022464503e-08,1.4123885227215053e-07
P4,nLi_minus,80.0,3.8108889545134534,0.017659300713233676,274.8399815464245,22.979020569837836,225.83955045008366,26.021410526503015,0.50285130068556,0.4139511342198389,0.14892577715891367,5.391310746152019,4.924037423191329,4.219353403323082e-08,1.4325809909233243e-07
P4,nLi_minus,81.0,3.8006911785630635,0.017771897139378864,281.6260027553367,23.077805252435976,232.36226600573332,26.185931497167413,0.5024537630012194,0.4138227077133106,0.14854306793533031,5.389638115864288,4.920144641305007,4.2374920130801814e-08,1.4531216902193686e-07
P4,nLi_minus,82.0,3.790367408981506,0.017886300315560818,288.6208152872343,23.176372851032777,239.09398383166365,26.35045860453784,0.5020562104885447,0.4136943331629672,0.1481556620855909,5.387966162255311,4.916251714216173,4.255590762386437e-08,1.4740204473693128e-07
P4,nLi_minus,83.0,3.779918007077192,0.018002566161846402,295.832766324783,23.274728734435932,246.04304498828654,26.514992602060556,0.5016586413269578,0.41356600960486295,0.14776357308714427,5.386294872770634,4.912358624097302,4.273650637049619e-08,1.495287595051481e-07
P4,nLi_minus,84.0,3.7693390782013707,0.018120750754971767,303.27072424346574,23.372867854949032,253.21832414382192,26.679532244694755,0.5012610585248938,0.41343773760582486,0.14736665557499828,5.384624254792626,4.9084654004076915,4.291670710223652e-08,1.516934221370476e-07
P4,nLi_minus,85.0,3.7586267111127247,0.018240911037347162,310.9438882361112,23.470788213046884,260.6290239767347,26.844076046329604,0.5008634656732933,0.4133095178865269,0.1469647635683743,5.382954317707364,4.904572078310672,4.30965061476045e-08,1.5389714836822732e-07
P4,nLi_minus,86.0,3.7477796114005266,0.018363073474017142,318.85947174575034,23.568479132929475,268.2823714341317,27.00862117868915,0.500465869606217,0.4131813521609374,0.14655784877420253,5.381285083837619,4.900678724726961,4.3275883903948653e-08,1.5614038724007142e-07
P4,nLi_minus,87.0,3.7367943801583503,0.018487289966716957,327.0267940523612,23.665936710740805,276.1876913935516,27.173165948068785,0.5000682744162215,0.41305324123914294,0.14614578433141287,5.379616563733981,4.896785379731831,4.345483320310094e-08,1.584241347172201e-07
P4,nLi_minus,88.0,3.725661801759843,0.01861368137729599,335.46078367123425,23.763172826377325,284.3599018356618,27.337709009195127,0.4996706833539372,0.4129251856407386,0.14572822627601278,5.377948764163668,4.892892075156214,4.363337585864623e-08,1.6075088095784134e-07
P4,nLi_minus,89.0,3.7143725640448704,0.018742318424090458,344.1732648487249,23.860182432348527,292.81083832686505,27.502244089511322,0.4992731115759592,0.41279718964548434,0.14530482711376178,5.376281740866391,4.88899895941703,4.3811502602501837e-08,1.6312208272654074e-07
P4,nLi_minus,90.0,3.7029143793183694,0.018873273872071508,353.1766857730106,23.956961785471123,301.5529512813275,27.66677270621201,0.49887555541623785,0.41266925142011635,0.1448751282108792,5.374615469965672,4.885105996615463,4.3989206561523145e-08,1.655392470366971e-07
P4,nLi_minus,91.0,3.6912951036245634,0.0190065748117577,362.4795482107651,24.0534960484096,310.59475775467257,27.831294407682904,0.49847801596602426,0.4125413706529647,0.14443942276455374,5.372949947402314,4.881213197437301,4.416646049174565e-08,1.6800269347440666e-07
P4,nLi_minus,92.0,3.6795067574640745,0.019142360275060073,372.0999998193723,24.149792939962243,319.95440083712475,27.99580604228528,0.4980805008407316,0.41241354900990146,0.14399741298120125,5.371285194872679,4.8773206364544475,4.434327856624418e-08,1.7051525069304926e-07
P4,nLi_minus,93.0,3.667541337406061,0.019280739434715314,382.0545796993812,24.245849425398777,329.64842629722,28.160303976762435,0.49768301881952304,0.412285788475494,0.1435488001853466,5.369621238223827,4.873428399634521,4.451965521271879e-08,1.7307912351869291e-07
P4,nLi_minus,94.0,3.6553906422114646,0.01942182468643651,392.36072129657776,24.341660947318996,339.69427560526947,28.324784743989333,0.4972855782801322,0.4121580908420888,0.14309327832141344,5.367958100799326,4.869536569014244,4.469558206297901e-08,1.7569657601508376e-07
P4,nLi_minus,95.0,3.6430460682139008,0.019565734057353127,403.03700647345755,24.437220774904176,350.11054092529224,28.489244773261152,0.49688818785057604,0.4120304579001791,0.14263052632003698,5.366295805918608,4.865645229081177,4.487104675805471e-08,1.7836998552036016e-07
P4,nLi_minus,96.0,3.6304976818409624,0.01971259012118736,414.10319503628494,24.532517009990638,360.9169982701085,28.653679756185866,0.4964908579413705,0.411902891923695,0.1421601734933226,5.364634383197402,4.861754481777522,4.504602745081919e-08,1.8110183558272207e-07
P4,nLi_minus,97.0,3.617731861814283,0.019862532749139065,425.5813806134489,24.627546217496032,372.1357499903336,28.81808440561927,0.4960936013280241,0.41177539585073397,0.14168171154994372,5.362973870901567,4.857864452204046,4.522051783385548e-08,1.8389498279512918e-07
P4,nLi_minus,98.0,3.6047409517461513,0.02001571220223795,437.4951599489204,24.722301541119627,383.7904021070251,28.982456300775674,0.49569642385996465,0.4116479703245001,0.14119485477063087,5.36131427740821,4.853975197639711,4.5394505317786355e-08,1.8675242016946235e-07
P4,nLi_minus,99.0,3.5915023442203227,0.020172288960420417,449.87061473197883,24.816776648383076,395.907045765918,29.146792317677733,0.4952993330857661,0.41152061637829995,0.14069875950293823,5.359655616175146,4.8500867920019175,4.5567978275064865e-08,1.896774922784146e-07
P4,nLi_minus,100.0,3.5780126735600892,0.02033245918278979,462.73726356052657,24.910963703640487,408.5152167763429,29.31108308054314,0.49490235166045404,0.4113933397186281,0.14019330024271554,5.357997961523911,4.846199457133968,4.574092231806336e-08,1.9267408398665048e-07
P4,nLi_minus,101.0,3.564257595942216,0.020496424877738235,476.1268565303054,25.004858345462576,421.64667670809166,29.475321476751155,0.4945054967704987,0.41126614419439755,0.1396779417749589,5.356341363582855,4.842313361329796,4.591332943842856e-08,1.9574628328721173e-07
P4,nLi_minus,102.0,3.5502211441149822,0.02066440157830385,490.0738518106379,25.09845073141147,435.3359014060424,29.639499673184066,0.4941087873433321,0.41113903405166274,0.13915208831612758,5.354685877652703,4.838428689931238,4.6085181563708844e-08,1.9889846245692766e-07
P4,nLi_minus,103.0,3.5358860518375046,0.020836622229072788,504.6158685966075,25.191730645367226,449.62052690975287,29.80361104148745,0.4937122393952751,0.4110120124254639,0.13861509559780824,5.353031544564306,4.834545599773849,4.625645993530641e-08,2.0213533983055396e-07
P4,nLi_minus,104.0,3.5212294116268104,0.02101334462939505,519.7948243125787,25.2846868820663,464.5424939417925,29.967643488719954,0.4933158821469182,0.4108850864802174,0.13806610891407184,5.351378457627214,4.830664376992479,4.6427143978381405e-08,2.0546218740396765e-07
P4,nLi_minus,105.0,3.5062316456059004,0.021194859670048062,535.6574638133403,25.37731265926089,480.1485592446914,30.131591909388,0.49291972793484123,0.4107582577466632,0.13750439772648926,5.349726636777827,4.826785142389799,4.6597221239530844e-08,2.088848770511746e-07
P4,nLi_minus,106.0,3.49086016020356,0.02138149769946878,552.2571353065105,25.469598454921396,496.49208794033206,30.295448911257036,0.49252379462115503,0.4106315292715593,0.13692874583799866,5.348076121697204,4.822908070875773,4.676667423462917e-08,2.1241019118635083e-07
P4,nLi_minus,107.0,3.475096310592538,0.021573604705029937,569.6507263127701,25.561532969843093,513.6299904044953,30.459202938431638,0.49212811012876745,0.4105049070447161,0.13633845761902944,5.346426990396796,4.819033435878038,4.693548221634397e-08,2.1604507513136412e-07
P4,nLi_minus,108.0,3.4589129470457705,0.021771572990701458,587.9029049168082,25.653105802299315,531.6269564992682,30.622842615240597,0.4917327019451044,0.4103783965516434,0.13573252007104555,5.34477931432003,4.81516150655989,4.710362608527077e-08,2.1979746580888567e-07
P4,nLi_minus,109.0,3.4422784110118387,0.02197581407851203,607.083718485093,25.744302581499564,550.5530562986285,30.786359604964925,0.4913375902144669,0.41025200331195916,0.13510975195688812,5.343133165354562,4.811292480179032,4.7271079454103974e-08,2.2367568332627067e-07
P4,nLi_minus,110.0,3.425158930612314,0.022186751359931946,627.2680945884965,25.83510742057006,570.4832433865256,30.94974378140092,0.4909427994051495,0.4101257320818688,0.13446889317763036,5.341488605445337,4.8074265963347225,4.7437813151741725e-08,2.2768825575086654e-07
P4,nLi_minus,111.0,3.407523351359117,0.022404863197071165,648.5405901890416,25.92549982880959,591.5021106243425,31.112979735889468,0.49054836674962565,0.40999958923970137,0.1338087813355541,5.339845717663887,4.803564219616038,4.760378955364313e-08,2.3184478586175095e-07
P4,nLi_minus,112.0,3.389326228547013,0.022630695081470975,670.9980475383506,26.015463779862014,613.7065371096809,31.276046648807814,0.4901543425550664,0.40987358309462135,0.13312772083792954,5.338204610228993,4.799705842642552,4.776897923259215e-08,2.3615631232285016e-07
P4,nLi_minus,113.0,3.370522718579461,0.022864830479732205,694.7467126218302,26.1049796670667,637.2028090627779,31.43892389198566,0.4897607766660297,0.40974772229156853,0.13242403853936288,5.336565395732584,4.7958519535038215,4.793334618730229e-08,2.4063457313608487e-07
P4,nLi_minus,114.0,3.3510674957423348,0.02310791690862757,719.9059277250597,26.19402840453,662.1103130686547,31.601586251875034,0.48936773000687933,0.4096220182066417,0.1316960433575432,5.334928222337278,4.792003148785453,4.809685537270707e-08,2.452925511532685e-07
P4,nLi_minus,115.0,3.3309106344943684,0.023360662006652575,746.6087303870034,26.282596926759645,688.5621192081005,31.76401425214332,0.48897524963894823,0.40949647711190196,0.13094187249599823,5.33329317173057,4.788159889323011,4.8259482798258656e-08,2.501443783369266e-07
P4,nLi_minus,116.0,3.3099973640185305,0.023623844263855033,775.004513772269,26.37066068455026,716.7076724246581,31.926180663060677,0.48858340135836986,0.40937111076988847,0.13015948245829903,5.3316603971080845,4.78432281940761,4.8421183387286786e-08,2.5520560631599466e-07
P4,nLi_minus,117.0,3.2882606353134554,0.0238983150266138,805.260710589849,26.45819586784319,746.7144596135912,32.08805510841466,0.48819225856423193,0.40924593157322064,0.12934637162103144,5.330030059871633,4.780492657780264,4.8581913420324986e-08,2.604932441643769e-07
P4,nLi_minus,118.0,3.265624310149083,0.024185017475831787,837.5665566864949,26.54517350267842,778.7717842629044,32.249598920912184,0.4878019146896457,0.4091209562378746,0.12849969928963692,5.328402377730539,4.7766703193598286,4.874161969607319e-08,2.660261246732166e-07
P4,nLi_minus,119.0,3.2420203504418086,0.024485009580581762,872.1371300831289,26.631563269764314,813.094797238227,32.41076957513755,0.4874124724902368,0.40899620132590137,0.12761692702157837,5.326777566389403,4.772856810353399,4.8900246542965265e-08,2.718252367192682e-07
P4,nLi_minus,120.0,3.2173694370817554,0.02479941348596043,909.2103134840246,26.71732098222246,849.9214811898468,32.57151131195544,0.4870240666987232,0.4088716943893838,0.1266950956242461,5.325155984687295,4.769053450095228,4.905771282610026e-08,2.779128236579884e-07
P4,Cp_plus,0.0,4.449383460684258,0.01194325768146797,48.45140241797589,14.45733209793686,21.06476675996119,12.929303560077841,0.5344862093878077,0.42860828326709277,0.1730206003181743,5.582205850994141,5.233813840427872,2.6546211229938597e-08,4.375195978831746e-08
P4,Cp_plus,1.0,4.443388327933174,0.011992762289792864,49.512657046728954,14.572218544050205,21.8471833110324,13.09325519164635,0.5340900474171214,0.4284768981570949,0.1727940886996906,5.580494687774959,5.229934529851077,2.675716300481116e-08,4.455709929845219e-08
P4,Cp_plus,2.0,4.437361610346829,0.012042636540889618,50.595543510291414,14.686956669443566,22.651346295343863,13.257240545503981,0.5336938039621072,0.42834554655550866,0.17256640550565788,5.578783960970234,5.226054421360705,2.6967842436686006e-08,4.536972988710198e-08
P4,Cp_plus,3.0,4.431307687105039,0.012092868407301154,51.700092134334554,14.80152185025663,23.47731100822005,13.421259275857878,0.5332974798583162,0.428214228807741,0.1723377152096511,5.577073675078556,5.222173523138668,2.7178204311813278e-08,4.6189510569180996e-08
P4,Cp_plus,4.0,4.4252306911952255,0.012143468092015724,52.826816501082064,14.915914335579638,24.325591810071277,13.585310355431146,0.532901077587993,0.42808294580731554,0.1721081729728552,5.5753638417372,5.218291859491685,2.7388249087566584e-08,4.701656441636572e-08
P4,Cp_plus,5.0,4.419130190481008,0.012194441939987116,53.97625026385485,15.030134424101457,25.19672363108438,13.749392208669015,0.5325046009582047,0.42795169888341145,0.1718777625774076,5.573654478257433,5.214409467699446,2.7597977312391355e-08,4.785102224430314e-08
P4,Cp_plus,6.0,4.4130060592968,0.012245792980587141,55.14885362256794,15.144180245645098,26.091167582233503,13.913505794689343,0.532108047651402,0.427820487331275,0.1716464792908786,5.571945575460523,5.210526325067966,2.7807385552312842e-08,4.869293368051983e-08
P4,Cp_plus,7.0,4.406859951846247,0.012297471326939303,56.343818683780256,15.25798511199928,27.008180263833648,14.077653307947326,0.531711412365047,0.4276893094634441,0.17141438514863228,5.570237111368917,5.206642379673558,2.8016351356014913e-08,4.95412369222457e-08
P4,Cp_plus,8.0,4.400685804837874,0.012349536498124394,57.56303093332255,15.371618728207578,27.949577082586448,14.241835122528531,0.5313146941952241,0.42755816505368616,0.1711812526648062,5.568529083036157,5.202757622664866,2.8225002714249786e-08,5.039724594380127e-08
P4,Cp_plus,9.0,4.394486621792841,0.012401999837500882,58.807115665796424,15.485082586505314,28.915982644468013,14.406050434823095,0.5309178950837234,0.42742705481180504,0.17094719455527893,5.566821499706747,5.1988720730563545,2.8433342367024684e-08,5.12611283478407e-08
P4,Cp_plus,10.0,4.3882618393890045,0.012454867900446516,60.07667525093416,15.598376766964835,29.9079991342147,14.570299349754631,0.5305210147770144,0.42729597872058916,0.1707121897015281,5.565114361156523,5.194985728365392,2.8641370461366545e-08,5.2133017569313035e-08
P4,Cp_plus,11.0,4.382011156647174,0.01250814574513612,61.37228241144664,15.711499639527329,30.926200974761887,14.734581797157423,0.5301240534446409,0.42716493689880963,0.1704762268328913,5.563407668932363,5.191098590252191,2.8849084004199936e-08,5.3013010882629834e-08
P4,Cp_plus,12.0,4.375734037257237,0.012561840896984934,62.694589648413015,15.824451796610822,31.971239870191503,14.898897981610688,0.529727010592271,0.42703392924932265,0.1702392858553563,5.561701421769063,5.187210653876141,2.9056484083308828e-08,5.390126072880822e-08
P4,Cp_plus,13.0,4.369430030004187,0.012615960070276771,64.0442428686973,15.937232616366654,33.04376268334861,15.063247568982028,0.5293298870272805,0.4269029561020882,0.1700013498772461,5.559995623964031,5.1833219271432505,2.9263569556869418e-08,5.479790196406266e-08
P4,Cp_plus,14.0,4.36309866851895,0.01267051016307903,65.4219075173621,16.049841626988204,34.14443542349413,15.227630466879765,0.5289326829729184,0.42677201759326266,0.16976240144153507,5.558290277290572,5.1794324122396285,2.947033955856154e-08,5.5703072627222315e-08
P4,Cp_plus,15.0,4.356739494274807,0.012725498053717388,66.8282637798024,16.16227810144298,35.27393933916528,15.392046339194142,0.5285353992413384,0.4266411140518739,0.16952242339240636,5.556585386033954,5.1755421171180735,2.967679275342535e-08,5.661691034579885e-08
P4,Cp_plus,16.0,4.350351928183278,0.012780931145966009,68.26402724698126,16.274540349470616,36.432993265989666,15.556493631520985,0.5281380395885008,0.4265102467743802,0.16928139407150705,5.554880967079284,5.171651078557825,2.9882926037844724e-08,5.753956980992829e-08
P4,Cp_plus,17.0,4.34393524746605,0.01283681658504122,69.72992351234805,16.386627601481326,37.62232315217465,15.720972758692065,0.5277406030120333,0.42637941548724123,0.1690392864221115,5.553177016863966,5.1677592867434194,3.008873799871711e-08,5.847119752629632e-08
P4,Cp_plus,18.0,4.337490030972587,0.012893162826505461,71.22669847421963,16.49853935921862,38.8426746150037,15.88548449999731,0.5273430876289108,0.42624861963365956,0.16879612216909945,5.551473528136254,5.163866723235836,3.029422772115572e-08,5.9411941837248824e-08
P4,Cp_plus,19.0,4.331007229392675,0.012949969433652769,72.75510652505452,16.610273283402204,40.094804756164635,16.050028485487672,0.5269454943330539,0.42611785955378206,0.16855156226215642,5.549770505326231,5.159973396788554,3.049939090982942e-08,6.03619463959579e-08
P4,Cp_plus,20.0,4.324491789018417,0.013007250477023433,74.31597647044273,16.721831303426168,41.37954048953907,16.2146046774775,0.5265478232155238,0.42598713534374016,0.16830579214997454,5.548067949685915,5.156079308293266,3.0704231107446e-08,6.1321393529647e-08
P4,Cp_plus,21.0,4.317945480142068,0.013065014794803745,75.91008825252943,16.833212504436904,42.6976627664873,16.37921298160524,0.5261500745043296,0.4258564472285113,0.16805887822275123,5.546365864145419,5.1521844599826885,3.09087466341729e-08,6.22904165660005e-08
P4,Cp_plus,22.0,4.311367484278041,0.013123273379580667,77.53837188632609,16.944418522953868,44.0501000456936,16.543853317678625,0.5257522483932425,0.42572579538342104,0.16781078986464976,5.544664250988187,5.148288853754277,3.111294049494844e-08,6.326924228927484e-08
P4,Cp_plus,23.0,4.304756783191596,0.013182034933144706,79.20171842018323,17.055449182827886,45.4377440413506,16.70852519600475,0.5253543460655244,0.4255951802497386,0.1675614889882472,5.54296311596132,5.144392501194808,3.131681236633166e-08,6.425805326567527e-08
P4,Cp_plus,24.0,4.298108205230534,0.013241303456907475,80.9010137845959,17.166302136695716,46.86148813628773,16.873223511612455,0.5249563798564929,0.4254646059294089,0.16731078200389143,5.541262512488662,5.140495523094591,3.1520357938149716e-08,6.525701762955887e-08
P4,Cp_plus,25.0,4.291425181088538,0.013301092302355216,82.63720729665272,17.276978471344105,48.322275822661666,17.03795300264694,0.5245583383172046,0.42533406871880414,0.16705879744344632,5.539562392334064,5.1365978073429,3.1723579205934715e-08,6.626632311924112e-08
P4,Cp_plus,26.0,4.2847080396882715,0.013361411884024364,84.41126969363113,17.387478337077344,49.821076919084085,17.20271443746969,0.5241602195910411,0.4252035680630082,0.16680554767635505,5.537862748270282,5.132699335759294,3.192647644567184e-08,6.728615927550809e-08
P4,Cp_plus,27.0,4.277956047243345,0.01342227183822729,86.22420152825454,17.497801223742318,51.3588924422178,17.36750786229442,0.5237620235663347,0.4250731039791612,0.16655100527843558,5.53616358052055,5.128800107250296,3.212904872063002e-08,6.831672025896289e-08
P4,Cp_plus,28.0,4.271168498785113,0.013483681950929595,88.07704137820795,17.60794084609146,52.93676697809283,17.53233355402366,0.5233637495739963,0.4249426763004259,0.1662951439062346,5.534464886911977,5.124900115264028,3.2331284489986337e-08,6.935821231730567e-08
P4,Cp_plus,29.0,4.26434469538521,0.01354565277361786,89.97085789945521,17.71790278734158,54.555763804452916,17.697191307660724,0.5229653981093665,0.424812285240607,0.16603793745097586,5.532766670229157,5.120999364650981,3.2533194005511425e-08,7.04108365296122e-08
P4,Cp_plus,30.0,4.257483916734397,0.013608194806491128,91.90675422876241,17.827686991460236,56.216986198027584,17.86208103927458,0.5225669693752506,0.4246819309157311,0.1657793590054001,5.531068931983228,5.117097857397074,3.273477716431986e-08,7.147480241776142e-08
P4,Cp_plus,31.0,4.2505854494517905,0.013671318559277666,93.8858615872241,17.937292874560846,57.92156641771038,18.02700229495286,0.5221684644684528,0.42455161373657424,0.16551938192869212,5.529371677524146,5.113195604242468,3.293603289429288e-08,7.255032010969594e-08
P4,Cp_plus,32.0,4.243648450565601,0.013735035990772674,95.90939271915911,18.0467205399889,59.670717601036486,18.191954578133736,0.5217698845888324,0.42442133414368316,0.16525797473296172,5.527674912589605,5.109292616936467,3.313696138519106e-08,7.363763199085033e-08
P4,Cp_plus,33.0,4.236672209612049,0.013799357727364878,97.97853962149722,18.15596927498272,61.465632754448514,18.356937592065982,0.5213712304534398,0.4242910924097419,0.16499511089117608,5.525978640731047,5.105388902500596,3.333756132825824e-08,7.473694859444255e-08
P4,Cp_plus,34.0,4.229651000072286,0.013864291131209256,100.0945519299666,18.265040985219034,63.30755983115201,18.521951113595556,0.5209725026014896,0.4241608887476175,0.16473057616762776,5.524282864720861,5.101484466214969,3.353783622265297e-08,7.584849552991006e-08
P4,Cp_plus,35.0,4.222582247650624,0.013929845936425949,102.25869981631969,18.373936381332616,65.19776869058975,18.68699474439732,0.5205737019954687,0.42403072350526205,0.16446427434129135,5.522587589090782,5.097579317504483,3.3737787373226006e-08,7.69724925471098e-08
P4,Cp_plus,36.0,4.215473409386133,0.013996041661688993,104.47234360323544,18.48265246898018,67.13762277344554,18.852068360809724,0.5201748289341847,0.4239005968251362,0.1641964845430968,5.520892815696222,5.093673459295132,3.393740928183504e-08,7.810919530020104e-08
P4,Cp_plus,37.0,4.208321656234008,0.014062890600035587,106.73692626352786,18.591189214432767,69.1285654141639,19.017171634931195,0.5197758842099574,0.4237705090145691,0.16392710097789323,5.519198548539845,5.089766899345497,3.413670188654774e-08,7.925888454886063e-08
P4,Cp_plus,38.0,4.2011228765515245,0.014130402474479525,109.05387367699777,18.699545384800636,71.17202565182218,19.182302640374957,0.5193768724775815,0.4236404616012001,0.1636559699097238,5.517504807517666,5.085859683236415,3.4335662923561145e-08,8.042181072000374e-08
P4,Cp_plus,39.0,4.193877187606486,0.014198592796623331,111.42472603350164,18.8077220204078,73.26954203597688,19.34746197711696,0.5189777922873144,0.42351045415056043,0.16338309580728058,5.515811586971153,5.081951796771669,3.453429430309359e-08,8.159826458234061e-08
P4,Cp_plus,40.0,4.186586019754518,0.01426747787447141,113.85105039764122,18.91572013429694,75.4226790464166,19.512651216927683,0.5185786398412332,0.423380485457742,0.16310853223493801,5.5141188712075495,5.0780432027611075,3.473259788527008e-08,8.27885280708898e-08
P4,Cp_plus,41.0,4.17924844101357,0.01433707135674382,116.33443108441276,19.023539075206067,77.63302120330316,19.67787080590352,0.5181794140614197,0.42325055519846755,0.1628322443887768,5.512426656003461,5.074133890649506,3.493057247425877e-08,8.399287126078254e-08
P4,Cp_plus,42.0,4.1718650864905955,0.01440737007225053,118.87578285995961,19.13116524233218,79.90149866778992,19.843118949837514,0.5177801192832778,0.42312066480560584,0.16255425610068472,5.510734960020607,5.070223902890153,3.5128193096586876e-08,8.52111931469299e-08
P4,Cp_plus,43.0,4.164434895211387,0.01447838923324909,121.4768127269492,19.238598258018083,82.2298197689646,20.008394699966516,0.5173807577993368,0.4229908150458518,0.16227452775024823,5.509043793244445,5.066313261932029,3.532545905880921e-08,8.644380062829552e-08
P4,Cp_plus,44.0,4.156955087114268,0.014550162787276406,124.14008282301374,19.345851168334697,84.62053202102892,20.173699633650116,0.5169813257981682,0.4228610046989781,0.16199295540689146,5.5073531397827,5.0624019304527375,3.5522394315812593e-08,8.769141128627429e-08
P4,Cp_plus,45.0,4.14942452638743,0.014622707061141967,126.86747081168454,19.452923139766497,87.0755146070225,20.339033064895542,0.5165818249373602,0.42273123431838266,0.1617094966672779,5.505663006842843,5.058489924683768,3.5718997337115546e-08,8.895435371494067e-08
P4,Cp_plus,46.0,4.141842039644782,0.014696038887978347,129.66092570558894,19.559813355116244,89.59671780625504,20.504394544217654,0.516182256303019,0.42260150426787,0.16142410772321236,5.503973399163072,5.054577255260526,3.591526662219982e-08,9.023296620757908e-08
P4,Cp_plus,47.0,4.134204794014997,0.014770193317305882,132.52327523988956,19.66653230695109,92.18695858233369,20.669784350604765,0.5157826192210155,0.4224718143376288,0.16113668271679163,5.5022843140108,5.050663915581784,3.611122143726903e-08,9.152799046577254e-08
P4,Cp_plus,48.0,4.126507287439385,0.014845187793355308,135.45679430765526,19.773075713391815,94.84851702575824,20.835201568505205,0.515382915903629,0.4223421652489544,0.16084701603316162,5.500595760780195,5.046749927310695,3.6306853920037855e-08,9.283985560862781e-08
P4,Cp_plus,49.0,4.118745515053091,0.014921016313292058,138.46272697665188,19.87943118439201,97.58265017773869,21.00064561452119,0.5149831477605433,0.4222125574517877,0.1605549580642904,5.498907745331302,5.042835304251215,3.650214132019612e-08,9.416846433297102e-08
P4,Cp_plus,50.0,4.110926010751045,0.014997703791518262,141.5433227309445,19.985599540465774,100.3916082276494,21.166114962829333,0.5145833184786582,0.4220829921422674,0.1602607531848179,5.497220283242663,5.038920082506325,3.6697085144352425e-08,9.551418835967752e-08
P4,Cp_plus,51.0,4.103044298121734,0.015075266087411877,144.70089651746747,20.091576621181297,103.27771431560397,21.331605580682194,0.5141834378024401,0.421953472479065,0.15996423418090883,5.4955334156529,5.03500435749612,3.689167775322028e-08,9.68774040288987e-08
P4,Cp_plus,52.0,4.095103338352532,0.015153727553259557,147.93790490740523,20.197364916785833,106.24341696988932,21.49712302073006,0.513783492314829,0.4218239940775056,0.15966551174703775,5.493847085455889,5.03108799783761,3.708592371933279e-08,9.825851556911909e-08
P4,Cp_plus,53.0,4.087101028658531,0.015233111569633308,151.2570412770522,20.30296349955324,109.29141156408949,21.66266621340947,0.5133834846002479,0.42169455776185505,0.1593645073564679,5.492161303386891,5.027171028838072,3.7279821339221164e-08,9.965800784719589e-08
P4,Cp_plus,54.0,4.079035880632719,0.015313439453056788,154.66095147247225,20.408370626626773,112.4243455158766,21.828235329968887,0.5129834142449031,0.42156516337539696,0.15906116543648946,5.490476067404828,5.023253446445541,3.747336741269307e-08,1.0107630746509961e-07
P4,Cp_plus,55.0,4.070906536208839,0.015394731273964766,158.15229247190962,20.513583295837687,115.6448793298852,21.99382984618673,0.5125832825154895,0.4214358113019552,0.15875543529543137,5.488791382508631,5.019335263063788,3.7666556427237264e-08,1.0251381302027928e-07
P4,Cp_plus,56.0,4.062711383654219,0.015477009912926719,161.73394512901535,20.618597093291832,118.95589897758825,22.159449058135262,0.5121830911129317,0.4213065020574768,0.158447256765335,5.487107255418009,5.015416495348666,3.7859380278165716e-08,1.0397098910082778e-07
P4,Cp_plus,57.0,4.054448771823091,0.015560299053016707,165.40889808601239,20.723411265035143,122.36039407491647,22.325092746060758,0.5117828405682283,0.4211772357735841,0.15813656820216157,5.485423687847216,5.011497148499836,3.805183758108581e-08,1.0544830843726948e-07
P4,Cp_plus,58.0,4.04611700044169,0.015644623266759083,169.18026367339448,20.828027168852078,125.86147631071782,22.49076019382457,0.5113825326118098,0.4210480129625826,0.1578233061341634,5.48374068646853,5.007577239462077,3.824393082912924e-08,1.0694625829718779e-07
P4,Cp_plus,59.0,4.037714295189193,0.015730008011385337,173.05128912480689,20.9324452328101,129.4623923251019,22.656451566894905,0.5109821668438496,0.42091883344240594,0.15750740431468957,5.482058248910716,5.003656764320195,3.843566080830337e-08,1.0846534397387961e-07
P4,Cp_plus,60.0,4.029239071975745,0.015816479706763857,177.02536116663325,21.03666468053961,133.16653021412583,22.822166271967795,0.5105817446979685,0.420789697616321,0.15718880361520887,5.480376380425932,4.999735737112539,3.8627026093056695e-08,1.1000608928612473e-07
P4,Cp_plus,61.0,4.020684425571977,0.015904062312090163,181.10604899590095,21.14068363792143,136.97746301787996,22.98790234009956,0.5101812709317929,0.4206606069609603,0.15686724613288566,5.47869510024588,4.9958142044269,3.8818023242175926e-08,1.1156905202260889e-07
P4,Cp_plus,62.0,4.012039392833491,0.015992772719951205,185.29680668807893,21.244498506175873,140.89865057892905,23.153657602974004,0.5097807507846999,0.42053156306841255,0.1565423224125192,5.4770144291059655,4.99189221756848,3.90086456476669e-08,1.1315470082931132e-07
P4,Cp_plus,63.0,4.003316013191212,0.01608265149852585,189.60149751996553,21.348113843781675,144.93394953935422,23.319434136829642,0.5093801792398028,0.42040256423719696,0.15621448227868964,5.4753343448460585,4.9879697274107535,3.9198901679700474e-08,1.1476362228132537e-07
P4,Cp_plus,64.0,3.9945120914857615,0.01617373167173952,194.02427556592457,21.451532802322657,149.08751009504576,23.485232668556158,0.5089795545406932,0.4202736098064886,0.15588364376314665,5.473654838859555,4.98404671675456,3.938879712514029e-08,1.1639647138592814e-07
P4,Cp_plus,65.0,3.985626136748582,0.01626604364409431,198.56927616411085,21.554751046009933,153.3634729841746,23.651052133926328,0.5085788792588999,0.42014470048258534,0.15554975122405926,5.471975920345299,4.980123210780909,3.9578324022713377e-08,1.1805384898425948e-07
P4,Cp_plus,66.0,3.9766551096449696,0.016359619930851183,203.2409240842226,21.65776795034494,157.76626516578432,23.816890968093322,0.5081781571756161,0.42001583739352544,0.15521269119175501,5.470297603994892,4.976199246516128,3.976748122573023e-08,1.1973641643265128e-07
P4,Cp_plus,67.0,3.967596622572833,0.01645449416016902,208.0438244690286,21.760577496711598,162.3004975078369,23.982749464480136,0.5077773875818338,0.41988702018842566,0.15487237452226013,5.468619885238419,4.972274817017445,3.995625768295036e-08,1.2144485183935547e-07
P4,Cp_plus,68.0,3.958448286031873,0.016550701082184247,212.98274606143318,21.863184331024176,166.97093523758596,24.148626492823052,0.507376573208648,0.41975824961046376,0.15452871201971893,5.466942773755049,4.968349949028382,4.014466192509167e-08,1.2317983661474598e-07
P4,Cp_plus,69.0,3.949207577141693,0.016648276968878405,218.06270360948102,21.96558971830453,171.782592292823,24.31452159835348,0.5069757151549319,0.4196295258653605,0.15418160950043625,5.465266272224094,4.96442465330936,4.033269627495736e-08,1.2494208812819556e-07
P4,Cp_plus,70.0,3.9398704238467497,0.016747258019379246,223.28893819532314,22.067792049399632,176.74071323853377,24.48043290738974,0.5065748179481269,0.4195008502446219,0.1538309149463231,5.463590397466164,4.960498974194143,4.052035777785871e-08,1.2673234923915363e-07
P4,Cp_plus,71.0,3.930431050652561,0.016847680499076034,228.6669271040608,22.16978904682524,181.8507802433091,24.64635781392646,0.5061738878852134,0.4193722245926389,0.15347641274627355,5.461915173502654,4.956572973344237,4.070764225193302e-08,1.2855138741795853e-07
P4,Cp_plus,72.0,3.9208902990747467,0.01694958799312374,234.20243502466423,22.271582122893964,187.1185526646709,24.812300237099382,0.505772915496249,0.4192436456816633,0.15311813431866264,5.460240558295287,4.952646558027749,4.089455229043529e-08,1.304000051778064e-07
P4,Cp_plus,73.0,3.9112351803532723,0.017053014499090864,239.90144506086074,22.373166910544413,192.55001928845212,24.978258861864234,0.5053719039588204,0.4191151143274802,0.1527555946980422,5.45856656246887,4.948719759360354,4.1081079874670704e-08,1.322790194886089e-07
P4,Cp_plus,74.0,3.9014730893961156,0.017158010974600443,245.7702812279379,22.47454405367672,198.15150474597013,25.14423242829104,0.5049708563173396,0.4189866312851437,0.15238907007920963,5.456893195857247,4.944792607153644,4.126722618695345e-08,1.3418929498818362e-07
P4,Cp_plus,75.0,3.8916014573927487,0.017264622746539688,251.81555829926617,22.57571150428524,203.92962723734883,25.31021955763211,0.5045697759033223,0.41885819738142926,0.15201846458145818,5.4552204692283635,4.9408651340306005,4.145298746678401e-08,1.3613172462212968e-07
P4,Cp_plus,76.0,3.8816168614505364,0.01737289955697065,258.04441436925214,22.676668066959582,209.891527087879,25.476219214413533,0.5041686652188196,0.41872981315874463,0.15164365042972833,5.453548389646554,4.936937364491891,4.1638361519178096e-08,1.3810730082942346e-07
P4,Cp_plus,77.0,3.8715160532580914,0.01748289126716699,264.4642222498288,22.777411292925265,216.04458110573248,25.642229851171095,0.5037675280030227,0.4186014795389982,0.15126450637527153,5.451876969118777,4.93300933515255,4.182334384775392e-08,1.401170137024794e-07
P4,Cp_plus,78.0,3.8612982928113837,0.01759460842732352,271.07991721702103,22.877925696006873,222.39374171006114,25.808249810953036,0.5033663682596811,0.41847319751607615,0.15088100481747696,5.4502062205894335,4.929081085218227,4.2007906017162507e-08,1.421609983537879e-07
P4,Cp_plus,79.0,3.8509533501184907,0.0177081211471625,277.9008781961609,22.978215357100225,228.94838417609236,25.97427866296827,0.50296518702973,0.41834496708991065,0.15049276383656168,5.44853614405764,4.9251526248820054,4.2192055520648216e-08,1.4424075111000755e-07
P4,Cp_plus,80.0,3.8404810258988897,0.01782350051090802,284.9364274525787,23.078282427157866,235.71782708041349,26.140317945007336,0.5025639805973534,0.41821678671343304,0.15009977598701607,5.446866719374333,4.921223917757744,4.2375796307739235e-08,1.4635764013620794e-07
P4,Cp_plus,81.0,3.829877698460984,0.017940804246823205,292.1954535712021,23.178128708883868,242.71095881008702,26.306366052231226,0.5021627528403789,0.418088657249785,0.14970190608423786,5.445197957781093,4.9172950018180375,4.2559131688518146e-08,1.485127967894959e-07
P4,Cp_plus,82.0,3.8191393160621585,0.018060090722508165,299.68721731702504,23.277751181537315,249.9370438976271,26.472422237860673,0.501761505563275,0.4179605788673289,0.14929900287858422,5.443529861470675,4.913365894732664,4.274205611637193e-08,1.5070737253175815e-07
P4,Cp_plus,83.0,3.808251593583827,0.018181414560159367,307.4214875006085,23.377145994697116,257.4058582018742,26.638483304037187,0.5013602464931373,0.41783255359254784,0.14889053314575648,5.441862456836051,4.909436672167146,4.292456252124845e-08,1.52942574748131e-07
P4,Cp_plus,84.0,3.797217755937459,0.018304844022771362,315.4085095255216,23.47631217834613,265.12764940875104,26.804547938424456,0.500958978801009,0.4177045819620422,0.1484766172973142,5.440195750865917,4.905507365173085,4.3106649122025175e-08,1.5521964811580603e-07
P4,Cp_plus,85.0,3.786035313711267,0.018430447628752945,323.65915397052555,23.575249969534916,273.11328989917405,26.970614101816587,0.5005577074142937,0.4175766650317614,0.1480571624235517,5.438529757312989,4.901578022000763,4.328831635396874e-08,1.575399127874745e-07
P4,Cp_plus,86.0,3.7746955273599023,0.01855828258705358,332.1841395515036,23.67395596614014,281.3735078025794,27.136675782784025,0.5001564468586155,0.4174488068673427,0.14763184235930374,5.436864529128235,4.897648784888486,4.346955797018076e-08,1.5990453700701046e-07
P4,Cp_plus,87.0,3.763203540128756,0.01868835604077205,340.9901247362988,23.772412029530326,289.9149752854771,27.302737421291404,0.49975518640553496,0.41732100341982514,0.1472008490112744,5.435200013577878,4.8937195487808705,4.365034066493514e-08,1.623134498089883e-07
P4,Cp_plus,88.0,3.751547207041422,0.018820832227544885,350.09655103958534,23.87063755133701,298.75711597201035,27.468797516237995,0.4993539296822135,0.41719325523397605,0.14676372904298915,5.433536217756983,4.889790349195927,4.383070004468704e-08,1.6477006499580124e-07
P4,Cp_plus,89.0,3.739724757989983,0.018955746861382322,359.51338961459714,23.968619228751134,307.909917173655,27.63485321219096,0.4989526835883317,0.4170655638254127,0.14632041639164564,5.431873161404991,4.88586125369694,4.401061168313313e-08,1.6727499373539752e-07
P4,Cp_plus,90.0,3.7277288300367606,0.01909320116206203,369.2562278574704,24.0663577386067,317.38896840259923,27.800901716264423,0.49855145487243596,0.41693793057012596,0.14587063623763652,5.430210862442843,4.881932328367252,4.419007682305999e-08,1.6983026908484147e-07
P4,Cp_plus,91.0,3.715549199969538,0.019233330572141796,379.3440704286854,24.16385825664667,327.21327181921276,27.966940352826015,0.4981502499997488,0.4168103566760899,0.14541400701075133,5.428549336603226,4.878003636515834,4.4369104968044414e-08,1.7243865987858146e-07
P4,Cp_plus,92.0,3.7031716432615824,0.019376237827561198,389.7942648846694,24.261115252063632,337.4001834482024,28.13296618440335,0.4977490760681858,0.41668284348733603,0.14494999781696438,5.426888601390843,4.874075247647133,4.454768596254867e-08,1.751022961180198e-07
P4,Cp_plus,93.0,3.690584277541125,0.019522029905262743,400.62504854325937,24.35812193438367,347.96795234611614,28.298974262759568,0.4973479450343421,0.4165553938083105,0.14447816521930915,5.425228693330876,4.870147278842922,4.4725807338065164e-08,1.778233581747977e-07
P4,Cp_plus,94.0,3.677787092244529,0.01967084589631611,411.85741508779813,24.45487638198711,358.937575748376,28.464962957435045,0.49694686083795336,0.41642800780831724,0.14399850881925086,5.423569614628343,4.866219768682014,4.49034655661613e-08,1.806045329944982e-07
P4,Cp_plus,95.0,3.6647706519321743,0.019822826601886733,423.51379844913504,24.551373784624555,370.331493669367,28.630930995143483,0.4965458265557051,0.41630068528264236,0.1435106764536325,5.421911362617048,4.862292747292031,4.5080651814370936e-08,1.8344864455882016e-07
P4,Cp_plus,96.0,3.6515240890342846,0.019978120437747295,435.61831879901126,24.647604269369236,382.1738434400461,28.796871089595903,0.4961448597937082,0.41617343052883937,0.14301426258915098,5.4202539932684415,4.858366387076124,4.5257347954259445e-08,1.8635869638642606e-07
P4,Cp_plus,97.0,3.638034812832812,0.020136897026522292,448.1979958712844,24.743557290577034,394.4916615998809,28.962776980826472,0.49574397567813355,0.41604624693596726,0.14250879737725855,5.418597550721719,4.854440836153294,4.5433534622164545e-08,1.8933813623927597e-07
P4,Cp_plus,98.0,3.6242895907261423,0.02029932878302773,461.28126948514773,24.839218691859784,407.3134085347386,29.128642258549373,0.49534318969837543,0.41591913792237756,0.14199378702367418,5.416942079497584,4.850516246199308,4.5609185824461145e-08,1.9239046192343206e-07
P4,Cp_plus,99.0,3.6102730522262925,0.0204656285314303,474.90142344400584,24.934585489647628,420.672377224515,29.29446072984321,0.49494251681860296,0.4157921065014831,0.14146865795249924,5.415287618842807,4.8465927637468065,4.578429608278884e-08,1.955199969053113e-07
P4,Cp_plus,100.0,3.595954057574124,0.02063601875747949,489.0948934179289,25.029645722386288,434.6050259334563,29.460221762086267,0.494541982730786,0.41566515891364925,0.1409322481709233,5.413634250032073,4.84267064037756,4.595884343362459e-08,1.9873142928422016e-07
P4,Cp_plus,101.0,3.581324571485466,0.02081075279044413,503.90140320015666,25.124392502540157,449.15108888196613,29.62592181565036,0.4941415959878499,0.4155382957943871,0.1403842578342763,5.411981981342298,4.838749959843813,4.6132815230238435e-08,2.0202978993833147e-07
P4,Cp_plus,102.0,3.5663685373576866,0.02099009762634239,519.3641804657758,25.21881868417447,464.3538073933026,29.791554388298763,0.49374137230137316,0.41541151985315194,0.13982408778969274,5.4103308480615,4.834830875997014,4.630619835143399e-08,2.054204561426129e-07
P4,Cp_plus,103.0,3.5510640907537354,0.02117434666760758,535.5312803941247,25.312915529665766,480.26125505880907,29.957109805649843,0.49334133504789707,0.41528483598928356,0.13925092219340843,5.408680913998812,4.830913617745715,4.647897675339374e-08,2.0890938932939392e-07
P4,Cp_plus,104.0,3.535386871890474,0.021363825911719942,552.4563454466502,25.40666914416477,496.9270983206335,30.12257798185187,0.49294150859821234,0.4151582491488128,0.1386638520953553,5.407032243571473,4.826998423734393,4.6651124922724094e-08,2.1250322429759028e-07
P4,Cp_plus,105.0,3.5193089391630803,0.021558907996863042,570.2003521707002,25.50007031367071,514.4123337548747,30.28794810215485,0.4925419190843716,0.4150317645275199,0.13806183490085513,5.405384904449466,4.8230855498542144,4.682262594089479e-08,2.1620954870002906e-07
P4,Cp_plus,106.0,3.502796971990877,0.02176000772131104,588.8318048105887,25.593108753657322,532.7854880352686,30.453208021662725,0.4921425958525053,0.4149053879900568,0.13744362731779614,5.4037389730141765,4.8191752834693435,4.699346092370195e-08,2.2003682887464885e-07
P4,Cp_plus,107.0,3.4858049121245047,0.021967561696402953,608.4254456583434,25.685772125259245,552.1213235795607,30.61834995352338,0.4917435577182522,0.4147791216786389,0.13680751069625005,5.402094477165875,4.815267808826911,4.716360721481288e-08,2.2399403030720907e-07
P4,Cp_plus,108.0,3.4683100949153642,0.022182064806895028,629.0649040823146,25.778049017594636,572.5034930041876,30.783362060532358,0.4913448332842568,0.41465297274705337,0.13615263943319678,5.400451510075679,4.811363406010696,4.733304386183624e-08,2.2809105513094466e-07
P4,Cp_plus,109.0,3.450277268513259,0.022404013720684617,650.8391341066532,25.869918730052365,594.020986008464,30.948229368136776,0.4909464587340468,0.41452694957202274,0.13547769824973274,5.398810180842248,4.807462429338255,4.7501732854799516e-08,2.3233790982060622e-07
P4,Cp_plus,110.0,3.4316644057396584,0.022633967791555562,673.8489498820204,25.961361757546996,616.7746547493333,31.112933375140116,0.4905484787727001,0.414401059796418,0.134781119042264,5.397170589006541,4.803565316572156,4.766963837892619e-08,2.3674588729776777e-07
P4,Cp_plus,111.0,3.4124195009223595,0.022872570863746944,698.2105098481549,26.052358320397637,640.880702086322,31.2774494414352,0.4901509529389558,0.4142753130938968,0.13406096140726856,5.395532860558537,4.799672650729642,4.7836724115234086e-08,2.413280374431212e-07
P4,Cp_plus,112.0,3.3924914463159164,0.023120519562624935,724.0523293787445,26.142890420638754,666.4676773291926,31.44176162891314,0.48975391974461496,0.4141497129061379,0.1333153183610337,5.39389704032275,4.795784808927268,4.800295701628459e-08,2.460983657130908e-07
P4,Cp_plus,113.0,3.3718183722058033,0.023378581823258315,751.5191796996585,26.232933548717757,693.6804034184556,31.60584273248519,0.48935744492627004,0.41402427020484434,0.13254188147786522,5.39226327119494,4.791902434873106,4.816829207821699e-08,2.510723553183797e-07
P4,Cp_plus,114.0,3.3503435308506035,0.023647603556811277,780.7732966917362,26.322466104997243,722.6811635980312,31.769666988707787,0.48896159073701645,0.41389899419781756,0.1317385334387188,5.390631673097761,4.78802613816401,4.833268964028799e-08,2.562669212670305e-07
P4,Cp_plus,115.0,3.3279989237883414,0.023928520176823724,811.9980684002169,26.411468050954074,753.653399425659,31.933200923603692,0.4885664380611776,0.41377389891487054,0.13090273720106213,5.389002428755874,4.784156710838175,4.849611290823539e-08,2.6170077878646346e-07
P4,Cp_plus,116.0,3.3047105428309136,0.024222370931337167,845.4014791993642,26.499907348713656,786.8051657798869,32.096406070763614,0.4881720798464623,0.4136489997732671,0.1300317315092923,5.387375738964141,4.78029506306128,4.865850305487166e-08,2.6739469398967085e-07
P4,Cp_plus,117.0,3.2803850608549467,0.024530301087735185,881.2190143817758,26.58775175008467,822.3720269388738,32.25923569281732,0.487778629025987,0.4135243156265844,0.12912203431427258,5.385751849272059,4.776442300700788,4.881980086683071e-08,2.7337157096177663e-07
P4,Cp_plus,118.0,3.2549282962760935,0.024853585219314453,919.7183941954714,26.67496414847113,860.6217937783921,32.42163626860832,0.48738621492476436,0.41339986803606293,0.12817013174274433,5.3841310404938065,4.772599690137438,4.8979938209858665e-08,2.7965678053685395e-07
P4,Cp_plus,119.0,3.2282498723052564,0.025193602577195974,961.1993253212879,26.761502507537504,901.8542739373189,32.58354887643149,0.48699497991733853,0.41327568174363005,0.12717265195254848,5.382513634868913,4.768768625536033,4.9138837897830564e-08,2.862776000379202e-07
P4,Cp_plus,120.0,3.200238488118552,0.025551864348371395,1006.0015014066145,26.847304561856742,946.4093041582128,32.744892686544944,0.4866051193153971,0.4131517928427895,0.12612544254662414,5.380900102480146,4.764951019434249,4.929638560044204e-08,2.932639531090327e-07
P4,Cp_minus,0.0,4.452998281174478,0.011981632257816557,48.45140241797589,14.45733209793686,21.06476675996119,12.929303560077841,0.5344862093878077,0.42012099052913066,0.17302060031817437,5.471667121271486,5.233813840427872,2.6546211229938597e-08,4.375195978831746e-08
P4,Cp_minus,1.0,4.446958428949569,0.012031370229088054,49.51820695364614,14.572337404287891,21.852782812455604,13.093086736902649,0.5340904544601169,0.4199868799232017,0.1727922298735465,5.4699204611197265,5.229938515711192,2.675738125316812e-08,4.4562808994587435e-08
P4,Cp_minus,2.0,4.440889969508974,0.012081464505774306,50.60649398179001,14.687168248001488,22.662424266940675,13.256901466847852,0.5336946232895353,0.4198528033159095,0.1725628081395347,5.468174243767129,5.226062444406311,2.696823093222946e-08,4.5380822895349424e-08
P4,Cp_minus,3.0,4.434792190685504,0.012131919534030403,51.71674548008494,14.801823681827107,23.494174625700143,13.420747172557686,0.5332987172711474,0.419718761247507,0.1723323077769957,5.4664284762499635,5.222185640174223,2.7178758527803577e-08,4.620609642123898e-08
P4,Cp_minus,4.0,4.42867099790352,0.012182746766902426,52.84947374385692,14.916304043205118,24.348546040222733,13.58462366042907,0.532902736872763,0.41958475394439515,0.17210095004017711,5.464683161516882,5.21830810759583,2.7388964659490495e-08,4.703874218232132e-08
P4,Cp_minus,5.0,4.422527687380823,0.012233932273715312,54.0047233196489,15.030585075919682,25.225607444218415,13.748530799510803,0.532506682410804,0.41945078158128096,0.17186878303313985,5.4629383018432724,5.214429849769612,2.7598804788600434e-08,4.787844097024039e-08
P4,Cp_minus,6.0,4.41636347432206,0.012285465078090283,55.182588359977146,15.144647296271142,26.125472526833203,13.912468536872797,0.5321105540131672,0.4193168442683356,0.1716358518431772,5.461193898664009,5.210550867947962,2.7808243139624945e-08,4.8724934158843156e-08
P4,Cp_minus,7.0,4.410174518584132,0.01233738743284718,56.38450489710809,15.258535825049456,27.049532607652953,14.076436464405672,0.5317143526659813,0.4191829424042209,0.17140201182258832,5.459449957171271,5.206671171787283,2.8017362562291283e-08,4.9579148819110994e-08
P4,Cp_minus,8.0,4.403960353498356,0.012389706198887325,57.61106804324575,15.37224793698613,27.998388270352553,14.240431835907069,0.5313180850049897,0.4190490782960954,0.17116724508413528,5.457706507413557,5.202790826266324,2.8226158052525898e-08,5.044123366406725e-08
P4,Cp_minus,9.0,4.397720553390551,0.01244242785512327,58.862867834561754,15.485786985918661,28.972624854427774,14.404455994215315,0.5309217477854458,0.4189152509089906,0.1709315352875051,5.455963535911408,5.19890979961177,2.8434635768565875e-08,5.131131033743872e-08
P4,Cp_minus,10.0,4.391454259723976,0.012495558390445468,60.14050814100333,15.59915294364603,29.97284469696441,14.568510500392891,0.5305253372353006,0.4187814590309435,0.17069484988891945,5.454221026880185,5.195028054886835,2.8642795658629164e-08,5.2189503534931875e-08
P4,Cp_minus,11.0,4.385158172443135,0.012549102399675008,61.4446268452891,15.712346493979641,30.999684157130673,14.73259619417879,0.530128851325464,0.41864770204058444,0.17045706479988343,5.452478972227152,5.191145572222195,2.8850638978314096e-08,5.3075955139019316e-08
P4,Cp_minus,12.0,4.378832591627756,0.012603066828380634,62.775854992651176,15.825366646461745,32.05377562517676,14.896712721012673,0.5297322909126722,0.4185139802884977,0.17021819107649877,5.45073737651833,5.18726236000721,2.9058163908965578e-08,5.3970790621382576e-08
P4,Cp_minus,13.0,4.372479585585599,0.012657460762360415,64.13485300996959,15.938212305843678,33.135781445063365,15.06085925906254,0.5293356579827462,0.41838029450442127,0.16997830611260517,5.448996249257845,5.183378437687505,2.9265368439513924e-08,5.487414826696201e-08
P4,Cp_minus,14.0,4.3660986787456935,0.012712291314702924,65.52230249246574,16.050883660758753,34.24638229996197,15.225036531745019,0.5289389507876695,0.41824664415854623,0.1697373918656286,5.44725558354545,5.179493788146092,2.9472252916323156e-08,5.5786168476801227e-08
P4,Cp_minus,15.0,4.359689376733691,0.012767566014468911,66.93891161900355,16.163382593313422,35.38628540930175,15.389243616388375,0.5285421715569256,0.41811303006076106,0.16949542962863107,5.445515389929158,5.175608433214596,2.9678820795272623e-08,5.670699995467133e-08
P4,Cp_minus,16.0,4.3532511389003785,0.012823292519117615,68.38541371390106,16.275706926538252,36.55622566025088,15.553481127111928,0.5281453188065969,0.4179794517682879,0.1692523989672478,5.4437756626422145,5.171722358362148,2.9885068079062546e-08,5.763679971663758e-08
P4,Cp_minus,17.0,4.346783477920728,0.012879478106631268,69.86254681259751,16.387855046157103,37.75694279617679,15.717748970263635,0.5277483927629779,0.4178459094138169,0.16900828147430785,5.442036403412782,5.167835565804677,3.009099180359726e-08,5.857571450450466e-08
P4,Cp_minus,18.0,4.340284851457941,0.012936129745834819,71.37108412827347,16.499825627590326,38.98921211726575,15.882046383417391,0.5273513952683452,0.41771240367175216,0.16876301922158848,5.4402976210243175,5.163948073582186,3.0296589536714944e-08,5.952390480045278e-08
P4,Cp_minus,19.0,4.333749114462302,0.012993250517527458,72.91182506054115,16.611615906180372,40.25383765315109,16.046371501209688,0.5269543308300407,0.41757893610953106,0.1685163818173152,5.438559335891166,5.160059925831621,3.0501856202016807e-08,6.048153838726502e-08
P4,Cp_minus,20.0,4.32717990616017,0.013050852036674599,74.48557496811418,16.723226807191654,41.55162241467784,16.210725746244687,0.5265571960105772,0.41744550565862026,0.16826850561823714,5.4368215340967225,5.1561710888923,3.070679349845147e-08,6.144876753277251e-08
P4,Cp_minus,21.0,4.3205799762483394,0.013108945460644322,76.09317080922384,16.83465872994738,42.883403179747766,16.375108899528676,0.5261599913391165,0.4173121126379103,0.16801949361013777,5.435084219794224,5.152281567945905,3.091140215924677e-08,6.242575526691135e-08
P4,Cp_minus,22.0,4.313947599552906,0.013167540996710443,77.7355598299066,16.945913272488763,44.25012550401949,16.53952105339834,0.5257627165925425,0.41717875706029317,0.1677692810712228,5.433347393151578,5.1483913608076275,3.111568511868817e-08,6.341272805916196e-08
P4,Cp_minus,23.0,4.30728222667523,0.013226647672501457,79.41364754481847,17.056990128332426,45.652695522356865,16.703961894129183,0.5253653725289184,0.417045439229654,0.16751784736322556,5.431611058126593,5.1445004749006,3.131964181401815e-08,6.440986611488131e-08
P4,Cp_minus,24.0,4.300583228003726,0.013286274673008905,81.12836852560314,17.167888639674842,47.09204863983026,16.86843124609804,0.5249679595726084,0.4169121593413538,0.1672651688526718,5.429875217263653,5.140608914380296,3.152327103739344e-08,6.54173542990683e-08
P4,Cp_minus,25.0,4.29384996701972,0.013346431434832766,82.88068435631456,17.278610163187146,48.569145196055025,17.032928997072386,0.524570477994804,0.41677891753845675,0.16701122165781182,5.428139872426033,5.136716681902286,3.1726575279901485e-08,6.643537853590869e-08
P4,Cp_minus,26.0,4.287081763261934,0.013407127690967541,84.67159656151495,17.38915239537063,50.08498914578101,17.19745502036331,0.524172928101628,0.4166457139742371,0.1667559802614813,5.426405025609979,5.132823780464195,3.1929550311912436e-08,6.746413802318626e-08
P4,Cp_minus,27.0,4.280277250728703,0.013468372565260438,86.50213009294336,17.49951372105145,51.64060803714965,17.362008334742264,0.5237753122640565,0.41651254949128547,0.16649939349270465,5.424670687789415,5.128930233283177,3.2132193167682287e-08,6.850383065662229e-08
P4,Cp_minus,28.0,4.2734313928715855,0.013530171262868578,88.37332414291978,17.60968688721069,53.23705360826048,17.526583647448625,0.5233776432711693,0.41637942841627884,0.1662412728001835,5.422936915315098,5.125036165592888,3.2334490529389267e-08,6.955465320764276e-08
P4,Cp_minus,29.0,4.2665481479254925,0.01359254001327102,90.28631825386984,17.71967679337406,54.87545499738738,17.69118646310839,0.5229799078219491,0.4162463463415838,0.1659817663691299,5.421203650781893,5.12114144714666,3.25364513934266e-08,7.061683533573334e-08
P4,Cp_minus,30.0,4.259627127171811,0.013655489469820453,92.24222770242574,17.82948584636795,56.55692407682168,17.85581777923611,0.5225821035060673,0.4161133025007486,0.16572085963042063,5.419470884207509,5.11724605434199,3.273808017915196e-08,7.169057681880192e-08
P4,Cp_minus,31.0,4.252667430893119,0.013719032162360634,94.24228146624816,17.93911447966268,58.2826896830762,18.02047730350929,0.5221842310298725,0.41598029718663604,0.16545851890242722,5.417738619406202,5.1133499940956115,3.293937768249331e-08,7.277613322464801e-08
P4,Cp_minus,32.0,4.245668334396162,0.013783178849528071,96.2876726246659,18.048562167437986,60.05394547990791,18.18516497732,0.5217862905349814,0.4158473304833696,0.16519471706125555,5.416006857473596,5.109453267794266,3.31403429379519e-08,7.387371787769225e-08
P4,Cp_minus,33.0,4.238629022750361,0.01384794132764128,98.37966309337521,18.15782860200542,61.871953969840305,18.349880521529485,0.5213882826958863,0.41571440265600457,0.16492942361407706,5.41427560186178,5.105555882042742,3.33409753805575e-08,7.498356760486216e-08
P4,Cp_minus,34.0,4.23154700199251,0.013913329593306828,100.51953067430367,18.266913992511405,63.737993132191,18.514623549601257,0.5209902084465888,0.41558151404240956,0.16466254523697338,5.412544856971163,5.101657845986998,3.3541275394339816e-08,7.610590880426369e-08
P4,Cp_minus,35.0,4.224413183481341,0.01397934915006914,102.70861617469117,18.375821618064077,65.65340121288929,18.679393343737804,0.5205920695215277,0.41544866526028,0.16439374184817404,5.410814630846628,5.097759176611066,3.3741249000319637e-08,7.724098417929258e-08
P4,Cp_minus,36.0,4.2172364465837635,0.014046021243966181,104.94833275934175,18.484547191318306,67.61959631960501,18.844189248418452,0.5201938675046601,0.41531585688489675,0.16412334582321386,5.409084930980646,5.093859889425425,3.394088832617525e-08,7.838906253858906e-08
P4,Cp_minus,37.0,4.210016960183964,0.014113359005172157,107.24009234193002,18.593090020036684,69.63799125285891,19.009011069034436,0.519795602866226,0.415183089083784,0.16385136350225202,5.40735575955506,5.089959989034773,3.414019210083671e-08,7.955038785234916e-08
P4,Cp_minus,38.0,4.202754020800597,0.01418137672160526,109.58541339035818,18.701450196322526,71.71010459180648,19.17385860222918,0.5193972760976027,0.41505036204394896,0.163577768580303,5.405627119005454,5.086059480250793,3.433916049342194e-08,8.072524314787255e-08
P4,Cp_minus,39.0,4.195445488464487,0.014250088925626585,111.98590862294722,18.809628478197517,73.83754858931742,19.33873155543228,0.5189988879057382,0.41491767604054497,0.16330248101688288,5.403899012915435,5.082158369996084,3.453779489579243e-08,8.191394056317369e-08
P4,Cp_minus,40.0,4.188090290256919,0.014319510211068974,114.44320203066938,18.91762462524866,76.02194774477815,19.50362966064257,0.5186004389382131,0.41478503131218086,0.16302546070564392,5.402171444392649,5.078256664611906,3.473609486650752e-08,8.311677426184393e-08
P4,Cp_minus,41.0,4.180687638163095,0.014389644609018006,116.95853828231309,19.025430744359706,78.26455527790077,19.668552260052607,0.5182019307845099,0.4146524284062685,0.1627466782071628,5.400444420566602,5.074354379662845,3.493404591241385e-08,8.433381457848251e-08
P4,Cp_minus,42.0,4.173233391448612,0.014460485733639814,119.532881979425,19.133033270072982,80.56635183536598,19.833496873986036,0.5178033694363562,0.4145198693310846,0.16246597870643242,5.398717967593147,5.070451573821295,3.513162312493891e-08,8.556497605096488e-08
P4,Cp_minus,43.0,4.16572928980173,0.014532081633359725,122.16917970064385,19.24045334324672,82.93025928421417,19.998467073182965,0.5174047462656496,0.4143873512330395,0.16218342728114454,5.396992048307054,5.066548162598862,3.5328865322426544e-08,8.681118718455531e-08
P4,Cp_minus,44.0,4.1581741893409525,0.014604448709542623,124.86931096633174,19.347689821993665,85.35815936950004,20.16346177483803,0.51700606388881,0.41425487499296304,0.16189898119945967,5.395266674180275,5.062644171616143,3.552577040817037e-08,8.807277992617369e-08
P4,Cp_minus,45.0,4.150566939566427,0.014677603610995505,127.63522106031488,19.454740515076065,87.85200209249628,20.32847845274253,0.5166073284100025,0.4141224426455789,0.1616125975033107,5.393541871713105,5.058739660646547,3.572233435867146e-08,8.935009435413994e-08
P4,Cp_minus,46.0,4.142903790135386,0.014751591231668755,130.47016349425286,19.561623754586428,90.41501985631956,20.493519883346874,0.5162085331203943,0.4139900519680515,0.16132413596519332,5.391817611955274,5.054834563995617,3.5918590834884464e-08,9.064408614155352e-08
P4,Cp_minus,47.0,4.135184975293912,0.014826413393720088,133.37555210808077,19.668327947027624,93.04863871630378,20.658585444749356,0.515809679522708,0.4138577034571039,0.16103360540610426,5.390093901376115,5.0509288963783625,3.611451854910417e-08,9.195475587987031e-08
P4,Cp_minus,48.0,4.127407577135254,0.014902075700547926,136.3531064672858,19.774839296375678,95.75459248255835,20.82367468835179,0.5154107687009067,0.4137253974681283,0.1607408967854632,5.38837074460427,5.047022668409205,3.63100921693977e-08,9.328224508639231e-08
P4,Cp_minus,49.0,4.119564661802692,0.014978592678720731,139.40508553931855,19.88115941414309,98.53513945406499,20.98878667111045,0.5150118029336996,0.4135931347434732,0.1604457509545107,5.386648151308101,5.043115902401795,3.650531465478616e-08,9.46269302618932e-08
P4,Cp_minus,50.0,4.111661824977115,0.015055989464449766,142.53384176009723,19.987288539403647,101.39263275273338,21.153920467960194,0.5146127844563534,0.41346091601284735,0.16014837719751387,5.384926130991357,5.039208620244389,3.67001864442512e-08,9.59892025865016e-08
P4,Cp_minus,51.0,4.103698881520998,0.015134287412908804,145.7418325889799,20.093225651654027,104.32953118743497,21.31907574989089,0.5142137140638665,0.41332874152085575,0.15984876864431358,5.38320468683978,5.035300829721795,3.689470566396876e-08,9.736947127671898e-08
P4,Cp_minus,52.0,4.0956746193418825,0.015213509683070328,149.03170382169623,20.198970484757773,107.34848121956874,21.484252117369728,0.5138145927216439,0.4131966115720629,0.15954688003293507,5.381483822820026,5.031392540287484,3.708887182526536e-08,9.876819931112049e-08
P4,Cp_minus,53.0,4.087586157837133,0.015293676052389316,152.40609045678585,20.304519825234223,110.45212375484955,21.64944687670206,0.5134154269385526,0.4130645282963035,0.15924260376909885,5.379763566671119,5.027483815677805,3.7282679027623846e-08,1.0018581125844563e-07
P4,Cp_minus,54.0,4.079429089363695,0.015374805260036909,155.86770641261796,20.409869997740294,113.64317917660843,21.814657238269223,0.5130162234552442,0.4129324938786716,0.15893577520504998,5.3780439468517836,5.023574721898791,3.747612052246616e-08,1.0162273316119112e-07
P4,Cp_minus,55.0,4.071205822604238,0.01545692447703388,159.41945477412898,20.515022958289897,116.9245436509796,21.979888164859492,0.5126169702799627,0.41280050431053483,0.1586264843592611,5.376324911153484,5.019665141524366,3.766919990137878e-08,1.0307943409575858e-07
P4,Cp_minus,56.0,4.062914544483991,0.01554005751384267,163.06435317998447,20.61997301627129,120.29924042342583,22.14513974028734,0.5122176672101841,0.4126685594808913,0.15831466351498455,5.374606458130527,5.01575507257137,3.7861906715395036e-08,1.0455640117260498e-07
P4,Cp_minus,57.0,4.0545535164704365,0.015624229412934057,166.80553648674513,20.72472307348462,123.77040203876268,22.31041137449782,0.5118183156716787,0.4125366598105524,0.15800024775311797,5.372888593263573,5.011844529001275,3.805424629273171e-08,1.0605412976016409e-07
P4,Cp_minus,58.0,4.0461209355718335,0.015709465930947176,170.64627850721618,20.829272545059567,127.3413038369596,22.475702125197024,0.5114189179413435,0.41240480599388457,0.1576831697533439,5.371171325596069,5.00793353310999,3.8246217559463776e-08,1.0757313612109658e-07
P4,Cp_minus,59.0,4.037614937078633,0.01579579365726616,174.58999200278632,20.933620299681706,131.01536046553463,22.64101123756998,0.5110194758430641,0.4122729985667612,0.15736335989015027,5.369454662107244,5.00402210275743,3.843781843829843e-08,1.0911395353097377e-07
P4,Cp_minus,60.0,4.029033476772914,0.015883240256647894,178.64024774219178,21.03776554576512,134.79614393898106,22.806338257445596,0.5106199904742695,0.41214123782293316,0.15704074183080127,5.367738606622917,5.000110248689876,3.8629047475744326e-08,1.1067713748634275e-07
P4,Cp_minus,61.0,4.0203689113048195,0.01597183013159423,182.80076735932772,21.141707176142486,138.68737754720686,22.97168263597837,0.5102204631611542,0.4120095241231832,0.15671503006906815,5.366023163841934,4.996197983893732,3.881990263884704e-08,1.1226326062080155e-07
P4,Cp_minus,62.0,4.011619089292041,0.016061586946423175,187.07512477596794,21.245441542156627,142.69263992348507,23.137043310326234,0.5098208964719,0.4118778582055016,0.15638614431275333,5.364308343375899,4.992285333517238,3.901037722802855e-08,1.1387279230814013e-07
P4,Cp_minus,63.0,4.002788543224214,0.01615255197704201,191.46764897685063,21.348974400636187,146.81625457338563,23.302420002828807,0.5094212910774272,0.4117462401999412,0.15605425394165068,5.362594146918623,4.988372304130198,3.9200481813841437e-08,1.1550645472776405e-07
P4,Cp_minus,64.0,3.9938682645227104,0.01624475185658511,195.98259201341415,21.452302785532353,151.0624817806933,23.46780744718849,0.5090216597028719,0.41161467418505276,0.15571902254144795,5.360880627589262,4.984459020340123,3.939021095009705e-08,1.1716489064680057e-07
P4,Cp_minus,65.0,3.9848609069719214,0.016338223214226986,200.62437567617152,21.55542556225384,155.43574158531501,23.633208528602662,0.5086219953766326,0.4114831577484157,0.15538054926061626,5.359167753968386,4.980545413879456,3.957956255348569e-08,1.1884875280404642e-07
P4,Cp_minus,66.0,3.975765988007751,0.01643300101659264,205.39758762368373,21.658343245487167,159.940619385964,23.79862499223256,0.5082222938818158,0.41135168933625826,0.15503881608507256,5.357455505819629,4.976631443455397,3.976853756906257e-08,1.2055870397642832e-07
P4,Cp_minus,67.0,3.9665803105433732,0.016529120871780236,210.30713605032645,21.76105051184701,164.58203026403606,23.964055274443385,0.5078225589966864,0.4112202700714047,0.15469370364766644,5.355743897766684,4.972717146065595,3.995712622215349e-08,1.2229547594357797e-07
P4,Cp_minus,68.0,3.9573010579411245,0.016626619792553327,215.35810425722724,21.863551113587835,169.36505477536173,24.12949836827766,0.5074227931543902,0.4110889006077355,0.1543451067900012,5.354032938325708,4.968802545535982,4.014533540255933e-08,1.2405980302870355e-07
P4,Cp_minus,69.0,3.9479255365812502,0.016725536234488345,220.55581734055525,21.965846155999653,174.29501754745255,24.294953637103056,0.5070229978932439,0.4109575812834366,0.15399292494696384,5.352322631901245,4.964887656930116,4.033316713978747e-08,1.2585244871283605e-07
P4,Cp_minus,70.0,3.9384509564654913,0.016825909941752714,225.90585442890114,22.06793442709083,179.37750009952487,24.460419902285466,0.5066231760612216,0.41082631284620463,0.15363705396310057,5.3506129882313145,4.960972508136024,4.052061920840754e-08,1.276742065111073e-07
P4,Cp_minus,71.0,3.9288744024176685,0.016927782369087367,231.41407235682686,22.169814764099403,184.6183612147164,24.62589637801105,0.5062233295571125,0.41069509572532586,0.15327738500591478,5.348904012906954,4.957057117747093,4.0707689473383526e-08,1.2952590328071618e-07
P4,Cp_minus,72.0,3.9191927787336986,0.017031196323063824,237.08659948423656,22.27148582160532,190.02373134066548,24.791382321965763,0.5058234601745953,0.4105639302964804,0.15291380250328876,5.347195710821031,4.953141503327446,4.0894375464286955e-08,1.3140839311478988e-07
P4,Cp_minus,73.0,3.9093872665962244,0.017136184675554632,242.92984781236504,22.37294053524319,195.600034808821,24.956872468300855,0.5054235806377219,0.4104328205008675,0.1525456038359871,5.345488133303829,4.949225789473968,4.1080664209697195e-08,1.3332256107725094e-07
P4,Cp_minus,74.0,3.8994683383095023,0.01724280401047281,248.95056944080676,22.47418214931175,201.35401707410864,25.122370217386376,0.5050236827300608,0.4103017633932461,0.15217318006167369,5.343781241996452,4.945309895729447,4.126656166671885e-08,1.352693281528085e-07
P4,Cp_minus,75.0,3.889434643495569,0.01735110414088865,255.15585517721286,22.575209735818802,207.29276971103815,25.28787573035588,0.5046237660622597,0.4101707585767436,0.15179648077489616,5.342075031730019,4.941393818281251,4.1452066131394584e-08,1.3724965485932083e-07
P4,Cp_minus,76.0,3.8792826711224464,0.01746113508965763,261.5531434333623,22.676020899135445,213.4237348143192,25.453387719907685,0.5042238337448698,0.410039806779622,0.15141537490824755,5.340369511989433,4.937477587588626,4.1637173204927277e-08,1.392645376375288e-07
P4,Cp_minus,77.0,3.869008933679808,0.017572947832769616,268.15017788770626,22.776612357076168,219.7546612155548,25.618904315075273,0.503823890298772,0.4099089091703113,0.15102973228149322,5.3386646979923595,4.933561247921092,4.1821876860645543e-08,1.4131498985366162e-07
P4,Cp_minus,78.0,3.858612520347249,0.01768656710538821,274.9531118323652,22.87697128541613,226.2917163455656,25.784424201383516,0.5034239389001777,0.4097780664734038,0.1506395189073647,5.336960599175908,4.929644830380854,4.200615355101105e-08,1.4340143987526893e-07
P4,Cp_minus,79.0,3.8480879109429598,0.01780206302588553,281.971499278528,22.977096967933836,233.0444569024482,25.949945408145922,0.5030239843109245,0.4096472798735274,0.15024452871327296,5.335257230968703,4.925728381596941,4.2190001960914846e-08,1.4552532322280983e-07
P4,Cp_minus,80.0,3.837429312014068,0.017919509640917822,289.21547065200554,23.076996158207812,240.02300814521314,26.115466348584537,0.5026240303651988,0.40951655022428335,0.14984454542882192,5.333554604488072,4.921811939114597,4.237343449111807e-08,1.4768814001073585e-07
P4,Cp_minus,81.0,3.826627838456723,0.018038964119462833,296.69451164709534,23.17666581028826,247.23686010692535,26.2809857298817,0.5022240801868801,0.40938587812137106,0.1494392373739565,5.331852727492419,4.917895533523584,4.255644554871974e-08,1.498910816400074e-07
P4,Cp_minus,82.0,3.815683160498941,0.0181604936620343,304.4187144754114,23.27610548122035,254.69610416308558,26.446504831105464,0.5018241306853125,0.40925526210063,0.1490285922266285,5.330151580912478,4.913979134559475,4.273903432037669e-08,1.5213541897337952e-07
P4,Cp_minus,83.0,3.80458088476551,0.018284158147088333,312.3986369990623,23.375313312517477,262.4113007807943,26.612022905750536,0.5014241836643023,0.4091247022616068,0.14861207269273213,5.328451166044746,4.910062759885564,4.2921197393579766e-08,1.54422454396629e-07
P4,Cp_minus,84.0,3.7933257733284953,0.018410031819400957,320.64537212146433,23.474287190515795,270.3935481646592,26.777536766289344,0.5010242468259821,0.4089942005880737,0.14818985658327832,5.326751508725928,4.9061464849229335,4.310293088726942e-08,1.5675353596493695e-07
P4,Cp_minus,85.0,3.7819139191930233,0.018538187261280682,329.1706472852448,23.573029246186934,278.65457414869763,26.943043890360233,0.5006243262652212,0.4088637584962877,0.14776179807293977,5.3250526274013925,4.9022303693539655,4.328423871428533e-08,1.5913007668305698e-07
P4,Cp_minus,86.0,3.7703400524006407,0.018668699772418192,337.98688316736815,23.67153629505799,287.20680453280175,27.10854233950843,0.5002244266659747,0.40873337689308603,0.1473277004511485,5.323354533881812,4.898314459045044,4.34651150273737e-08,1.6155356512201208e-07
P4,Cp_minus,87.0,3.7586011176687357,0.018801616973003518,347.1047495427853,23.76979778546545,296.0609212111085,27.27403054621134,0.4998245518159012,0.40860305632790733,0.1468874496673365,5.32165723532309,4.894398791085807,4.3645540451819555e-08,1.6402487932180846e-07
P4,Cp_minus,88.0,3.7466883441557917,0.018936993706948898,356.53609183034416,23.867803694435928,305.22878774297374,27.43950039293454,0.49942472132967863,0.4084728024605697,0.14644071841411982,5.319960805438852,4.890483557547764,4.382549658367626e-08,1.6654512688692827e-07
P4,Cp_minus,89.0,3.7345978824403,0.019074953722752922,366.29811761677917,23.965563736406992,314.7275965262517,27.604957354120472,0.4990249219792233,0.40834261023805374,0.14598736291138442,5.318265178418433,4.886568628898429,4.4005001260364276e-08,1.691167392683174e-07
P4,Cp_minus,90.0,3.7223244685903274,0.01921557722854786,376.40543638799704,24.06307235324731,324.57196506130146,27.770398973448245,0.49862515969982796,0.4082124807546566,0.14552718667802053,5.316570368513993,4.882654063257574,4.4184044276174346e-08,1.717412763905351e-07
P4,Cp_minus,91.0,3.709854697167615,0.019359010530227323,386.8788324645524,24.16033512195922,334.78267591548666,27.935821427106468,0.4982254437310996,0.4080824160673271,0.14505968938410121,5.314876402515286,4.87873995110159,4.4362635871466226e-08,1.7442176305083668e-07
P4,Cp_minus,92.0,3.6971724800909658,0.019505371949880158,397.73781205150675,24.257347132622495,345.3792440771852,28.101220841699035,0.49782578343245865,0.40795241820913053,0.14458427059724538,5.313183306901011,4.874826384080109,4.4540767030760534e-08,1.7716066473436749e-07
P4,Cp_minus,93.0,3.684278280010993,0.019654783668121213,409.0021697652478,24.3541040765605,356.38147226672976,28.266593421957577,0.49742618797454263,0.40782248905268526,0.14410094760340522,5.311491106060199,4.870913451994156,4.471842984256716e-08,1.7996031416245068e-07
P4,Cp_minus,94.0,3.671161972189667,0.019807382248608434,420.69419373338246,24.45060015816766,367.8116586408536,28.431934934361216,0.4970266675869538,0.40769263071578526,0.14360934254292998,5.309799827575056,4.867001255014386,4.4895613665132224e-08,1.8282346232219027e-07
P4,Cp_minus,95.0,3.6578081801087112,0.019963319415118263,432.83861287079355,24.546828549335963,379.69454450738385,28.59723981407378,0.4966272357161973,0.4075628462479346,0.1431088815794758,5.308109511162407,4.86308992481212,4.5072305960845306e-08,1.8575322492542317e-07
P4,Cp_minus,96.0,3.644209690792993,0.020122759326983156,445.46181994439337,24.642783001839184,392.0565297295214,28.762507213032762,0.49622789441147586,0.4074331348637814,0.142599295492511,5.306420146593805,4.859179481453629,4.524849525686121e-08,1.8875285510880652e-07
P4,Cp_minus,97.0,3.630353180934449,0.020285882423535354,458.5931078436019,24.738450386694467,404.9269258893534,28.927731567554023,0.49582865711651086,0.40730349932598486,0.14208008708231062,5.3047317698502,4.855270056582974,4.542415744605216e-08,1.9182601818560644e-07
P4,Cp_minus,98.0,3.616224031219813,0.020452882259464504,472.2642420834696,24.83382113985237,418.3375166597633,29.092904283853873,0.4954295445967577,0.4071739446614594,0.14155071082861406,5.303044446402261,4.851361853540346,4.559927496713679e-08,1.9497664397267254e-07
P4,Cp_minus,99.0,3.601799833195101,0.020623972357949185,486.51052408884925,24.9288856222758,432.32362091902684,29.258017547546594,0.4950305757343855,0.40704447510380043,0.1410103305296369,5.3013582313884475,4.847455057224357,4.5773830121143204e-08,1.9820913499568374e-07
P4,Cp_minus,100.0,3.5870619878535335,0.020799411693256786,501.3728185191197,25.02363627557622,446.92611883377657,29.42306340976689,0.4946317697365112,0.40691509473593285,0.1404582521619824,5.299673177984886,4.843549855715582,4.5947809029537135e-08,2.0152876888661642e-07
P4,Cp_minus,101.0,3.5719958481121457,0.020979476272658674,516.8952907661012,25.118063798482925,462.18919241166867,29.588034555949594,0.49423314427757026,0.4067858069616772,0.13989392917752402,5.297989330523024,4.839646422086226,4.612119461354533e-08,2.0494110656102478e-07
P4,Cp_minus,102.0,3.5565748933480132,0.021164461365664806,533.1265914767253,25.212161428835522,478.16151303190844,29.752917015981314,0.4938347331140286,0.4066566201532128,0.13931637202456063,5.296306798042354,4.835745086887486,4.629397445664883e-08,2.0845220448378712e-07
P4,Cp_minus,103.0,3.5407782940205013,0.021354692110740245,550.1202727187064,25.305915729122358,494.8966506217047,29.917706367879326,0.49343654693087524,0.40652753492304994,0.13872480341633736,5.294625588520225,4.831845954749274,4.646612388520658e-08,2.1206863505781467e-07
P4,Cp_minus,104.0,3.5245803215621376,0.021550525153969033,567.9358462861029,25.399315580836717,512.4541378227874,30.08239288247878,0.49303860923702614,0.40639855573178235,0.1381182633208039,5.292945760051531,4.827949255876386,4.6637622483679545e-08,2.1579763755712125e-07
P4,Cp_minus,105.0,3.5079499019739124,0.021752380976286505,586.6424447100311,25.49235134049005,530.9031292506902,30.246964118850837,0.49264095009392583,0.4062696887986911,0.1374955922746227,5.291267393636354,4.824055284637512,4.6808452544922146e-08,2.1964778417287158e-07
P4,Cp_minus,106.0,3.490841733688188,0.021960720551220163,606.3175656808776,25.585008144596518,550.3211513589844,30.411406177296676,0.49224360308789505,0.4061409410691636,0.13685509992820158,5.289590579731611,4.820164369917751,4.6978586776953266e-08,2.236285698294425e-07
P4,Cp_minus,107.0,3.473224916255203,0.022176042855167707,627.0459940740161,25.677274740358314,570.7930120337387,30.57570729991898,0.4918465966299458,0.40601231735540944,0.13619563330856319,5.287915381011646,4.81627678992437,4.714800451765174e-08,2.2775006397394948e-07
P4,Cp_minus,108.0,3.455055889353048,0.022398899710349553,648.9232491686229,25.76913635628393,592.4142571853896,30.739855626949247,0.4914499593772449,0.40588382444113064,0.13551556707496,5.286241885827581,4.812392825275042,4.731667864395426e-08,2.320234791871568e-07
P4,Cp_minus,109.0,3.4362982274899854,0.022629859036360785,672.0515676774891,25.860571451054255,615.2871589653362,30.903837261098584,0.49105372491028987,0.40575546970419657,0.13481354214770627,5.2845701902689814,4.8085128047978465,4.748456960220021e-08,2.3646023102848003e-07
P4,Cp_minus,110.0,3.416904295722971,0.02286956084670166,696.5474093864162,25.951554875622836,639.5282242494369,31.0676302613565,0.4906579462458996,0.40562726260294424,0.13408778120801437,5.282900417521487,4.804637247645858,4.7651631214305345e-08,2.4107326053842586e-07
P4,Cp_minus,111.0,3.396815164198654,0.02311874206920109,722.5451967530133,26.0420705616003,665.2719175018389,31.231208689574142,0.49026268605931594,0.4054992128460527,0.1333360854889465,5.281232694031195,4.800766767549691,4.781783397587319e-08,2.458774947970049e-07
P4,Cp_minus,112.0,3.3759627668734993,0.02337819772183991,750.1944020196298,26.1320906553338,692.667766162177,31.39454520211897,0.4898680104218994,0.4053713315599581,0.132555915352834,5.27956716470911,4.7969020114955425,4.7983126742685225e-08,2.5088903020599155e-07
P4,Cp_minus,113.0,3.3542914906034915,0.023648827149064147,779.6650538153305,26.22159389958057,721.8858442303604,31.557615685389543,0.4894739776001752,0.4052436259119243,0.13174519578498992,5.27790392290187,4.793043550042841,4.814747048269508e-08,2.56125870024879e-07
P4,Cp_minus,114.0,3.331730025460565,0.023931610166119555,811.1480876456167,26.3105623992007,753.1171368033428,31.720388443073226,0.4890806641830345,0.40511610843482576,0.13090126615318948,5.27624313183797,4.789192133167905,4.831083233727015e-08,2.61607655528673e-07
P4,Cp_minus,115.0,3.308194507812478,0.02422763783755727,844.8609202920707,26.398962386911588,786.5791344778436,31.88282342731557,0.48868816693948647,0.4049887963380312,0.13002099748594398,5.2745850156526926,4.78534870845548,4.847315030372484e-08,2.673562830114361e-07
P4,Cp_minus,116.0,3.2835911191210023,0.024538128045944917,881.0514052636213,26.48676296487441,822.5197646862938,32.044877612453035,0.48829658983392293,0.4048617061237509,0.12910088936027436,5.272929789271271,4.781514293949181,4.863436764817834e-08,2.7339612522983596e-07
P4,Cp_minus,117.0,3.2578193640636486,0.024864449710246248,920.0038594611644,26.573926498583347,861.2234373263764,32.20649563620476,0.48790606664012875,0.4047348600958178,0.12813719232704898,5.271277743179427,4.777690199593166,4.879441526704127e-08,2.7975451470036704e-07
P4,Cp_minus,118.0,3.230772348110548,0.02520809505632357,962.0390644233308,26.66040530580191,903.0110495144863,32.36760960304268,0.4875167614164054,0.40460828883921784,0.12712591830725042,5.269629275716842,4.773878031884652,4.895320560731883e-08,2.864611401187619e-07
P4,Cp_minus,119.0,3.2023333142314008,0.02557070776536733,1007.5215979958191,26.74614258219062,948.2473078802258,32.52814753340268,0.48712884808945117,0.40448202225632834,0.12606271121760307,5.267984776332887,4.770079493954506,4.911063436622651e-08,2.9354858618667143e-07
P4,Cp_minus,120.0,3.1723638770851275,0.025954080978291785,1056.8647560143195,26.831066774766928,997.3456781290656,32.688011110486904,0.4867425642255289,0.40435610465393146,0.12494240819484015,5.266344822080288,4.766296912107079,4.926657015987023e-08,3.010523619396182e-07
P4,Cn_plus,0.0,4.4514174524467185,0.011835438509000795,46.23943124042441,14.45733209793686,21.0647667599612,10.717332382526353,0.5398310714816859,0.42436463689811166,0.17302060031817437,5.526936486132813,5.286151978832152,2.6546211229938597e-08,4.375195978831747e-08
P4,Cn_plus,1.0,4.445512118502656,0.011883395632791576,47.27515145589449,14.571244197356487,21.82463940185682,10.879267856681183,0.5394397812215558,0.4242320549562839,0.17279753681536952,5.525209735343571,5.282320373183357,2.6755373932458983e-08,4.4534104332682064e-08
P4,Cn_plus,2.0,4.439581060960602,0.01193168292803108,48.33082353209888,14.684988705447452,22.60460135573021,11.041233470921219,0.5390484181329004,0.4240995063200284,0.1725735222996186,5.523483418327001,5.278488054380626,2.6964228907745823e-08,4.53228915988156e-08
P4,Cn_plus,3.0,4.433621619788166,0.011980302033362733,49.40686292977209,14.798566066811341,23.40506803082656,11.203228832134183,0.5386569831656104,0.4239669913772799,0.17234845690901482,5.521757540135576,5.274655031725511,2.7172776972166027e-08,4.611839001524903e-08
P4,Cn_plus,4.0,4.4276408406257035,0.01202926302688553,50.50369592042396,14.911975747309848,24.226466578383576,11.365253594730532,0.5382654771547457,0.42383451047205395,0.17212260465484908,5.520032105249763,5.270821313395114,2.7381017144947482e-08,4.692067188035068e-08
P4,Cn_plus,5.0,4.4216380533734005,0.012078571620512974,51.62180956635922,15.025218754889455,25.069283083086862,11.527307728382905,0.5378739001735874,0.4237020636948572,0.17189594025207455,5.518307114848325,5.266986900107021,2.7588951276857666e-08,4.772985786195618e-08
P4,Cn_plus,6.0,4.415612792774508,0.012128234171970717,52.7617138691614,15.138295752948297,25.93402701345965,11.689391102753444,0.5374822525370753,0.42356965122874285,0.1716684461159576,5.5165825713153485,5.263151794945195,2.7796580586012554e-08,4.8546079557077336e-08
P4,Cn_plus,7.0,4.409564857405059,0.01217825441276034,53.92386248353142,15.251205284298134,26.821153532364914,11.851503666868371,0.5370905343683791,0.4234372731728241,0.17144011456494038,5.514858475941689,5.259315999115743,2.8003902396757557e-08,4.936940690924421e-08
P4,Cn_plus,8.0,4.4034937937311165,0.012228638660301527,55.10878500170962,15.363948233276389,27.73119138962054,12.013645378812686,0.5366987457687794,0.4233049296256248,0.17121092848287825,5.513134830010524,5.255479513610429,2.8210918332892138e-08,5.0199968880643105e-08
P4,Cn_plus,9.0,4.397399290892139,0.012279391993743758,56.31699361231021,15.476522383135821,28.66465815364856,12.175813075525829,0.5363068943812884,0.42317262322509425,0.17098087614637786,5.5114116678785745,5.251642413271413,2.8417624324077452e-08,5.1037873044216595e-08
P4,Cn_plus,10.0,4.391280931436743,0.012330520350055992,57.54903056516702,15.588928296256068,29.622094575987674,12.338007692923275,0.5359149779444213,0.42304035327010964,0.17074994180769304,5.509688980414399,5.2478046759537085,2.8624021402941678e-08,5.188323723960809e-08
P4,Cn_plus,11.0,4.385138361608886,0.012382028940916712,58.8054293617263,15.7011658595006,30.604032118691453,12.500231383534242,0.5355229912569477,0.42290811806734163,0.17051811210383397,5.5079667455640315,5.243966250725651,2.88301093617462e-08,5.2736160614039986e-08
P4,Cn_plus,12.0,4.378967623654612,0.012433921013320628,60.08676292154861,15.813235445870708,31.611042509535775,12.662484966142133,0.535130932340413,0.4227759170115788,0.1702852386989051,5.5062449554451804,5.240127118213752,2.9035888885387175e-08,5.359676696835164e-08
P4,Cn_plus,13.0,4.372769068428047,0.012486204196120667,61.3936372170432,15.925137680573632,32.64373136170043,12.824768174769131,0.5347388018375085,0.4226437503824554,0.1700513346995261,5.504523613699811,5.236287284711395,2.9241361121855327e-08,5.446519733042026e-08
P4,Cn_plus,14.0,4.366543644437764,0.012538902120232365,62.727081085879064,16.036888671847183,33.70311217680833,12.987080237223555,0.5343466016141077,0.422511618868448,0.1698164355989641,5.50280272929466,5.232446768489647,2.9446555648715928e-08,5.534191548303099e-08
P4,Cn_plus,15.0,4.360289589978688,0.012592033425567025,64.08808817954785,16.148501613727746,34.79016491014459,13.149421655675516,0.5339543304567996,0.42237952211851976,0.16958047537538054,5.501082297657815,5.228605557666507,2.9651496692546497e-08,5.622732564263103e-08
P4,Cn_plus,16.0,4.354009197789186,0.012645576201736048,65.4764982528848,16.259944279466538,35.904762078470824,13.311791894947431,0.5335619896587522,0.42224746062570234,0.16934353986042397,5.499362325210532,5.224763664904976,2.9856125079353186e-08,5.7120922210154003e-08
P4,Cn_plus,17.0,4.347701985670898,0.012699537350522547,66.89297219048115,16.371216638802352,37.04756450167425,13.47419105000454,0.5331695789904978,0.42211543437049653,0.16910561095376053,5.497642811698855,5.220921087958053,3.0060440753571094e-08,5.80228444334536e-08
P4,Cn_plus,18.0,4.341367515172615,0.01275392336599893,68.33817355021766,16.482318049914905,38.21923635379093,13.636619146511821,0.5327770983900211,0.42198344338780824,0.16886667220101043,5.495923757577398,5.217077826218471,3.026444253670499e-08,5.8933222132573197e-08
P4,Cn_plus,19.0,4.335006864782652,0.01280868280792177,69.81110930351133,16.593186387139273,39.418847162115,13.799075754257066,0.5323845488968587,0.42185148807990525,0.1686267639475012,5.494205168085307,5.213233889865615,3.0468016355078445e-08,5.985096309121364e-08
P4,Cn_plus,20.0,4.328612687671392,0.012863868747346175,71.3139002852247,16.703874947068734,40.64846627642481,13.961559061731164,0.5319919348882225,0.42171956998048865,0.1683856111548059,5.492487063197547,5.209389321762165,3.067126007063538e-08,6.077728080247851e-08
P4,Cn_plus,21.0,4.322190435112962,0.012919501470577188,72.84750182266842,16.814393361375735,41.909038910948645,14.124069550344046,0.531599255200865,0.4215876887471076,0.16814341788225878,5.490769438454031,5.205544110517332,3.087419136882491e-08,6.171248498047147e-08
P4,Cn_plus,22.0,4.315738944360572,0.012975587837542548,74.41266881981477,16.924739894340814,43.20132130812325,14.286607617350718,0.5312065088748854,0.4214558441070229,0.16790014058047098,5.489052290302593,5.2016982467315405,3.1076807062560016e-08,6.265672611686399e-08
P4,Cn_plus,23.0,4.309257689881766,0.01303213543492646,76.01017824442576,17.03491374494295,44.526091173910885,14.449173325571913,0.5308136957584877,0.4213240360592118,0.16765575956401413,5.487335618729913,5.197851728918371,3.127910568102486e-08,6.361015728988155e-08
P4,Cn_plus,24.0,4.302746138551453,0.013089152011157665,77.64082952384271,17.144914408464203,45.88414856830729,14.611766547071218,0.530420816160809,0.4211922647561273,0.1674102548704402,5.485619425721546,5.194004560104965,3.1481086297468287e-08,6.457293438571972e-08
P4,Cn_plus,25.0,4.2962037467037675,0.013146645487308746,79.30544610827091,17.254741330713706,47.276317788372715,14.774386989184498,0.5300278707890239,0.42106053048246084,0.1671636061494235,5.483903714985319,5.1901567472161405,3.168274789429813e-08,6.5545216979208e-08
P4,Cn_plus,26.0,4.289629954113442,0.013204624025721187,81.00487712697308,17.364394540641367,48.70344805357736,14.937034532754348,0.5296348599310564,0.42092883338053294,0.16691579243353385,5.482188488374818,5.186308293071319,3.1884090524671535e-08,6.652716830884691e-08
P4,Cn_plus,27.0,4.283024182876226,0.013263095928662807,82.73999854981196,17.47387252512597,50.16641691587108,15.099709108814908,0.5292417837535511,0.42079717355074264,0.16666679209757068,5.480473747197642,5.182459199302322,3.208511141023112e-08,6.75189570759976e-08
P4,Cn_plus,28.0,4.276384617791849,0.013322068388297198,84.5117132006034,17.583168676582776,51.6661353606082,15.262409163412414,0.52884864601138,0.4206655522930441,0.16641653724729163,5.478759508384432,5.178609502677732,3.228579841828607e-08,6.852076019573471e-08
P4,Cn_plus,29.0,4.269708118329101,0.013381547868322201,86.32093997143566,17.692286247661066,53.20352204538005,15.425131678394555,0.5284554539974085,0.4205339720870946,0.166164910440929,5.4770458042303085,5.1747592746109925,3.248615752127406e-08,6.953274512451693e-08
P4,Cn_plus,30.0,4.262996899574734,0.013441546013734752,88.16864365801939,17.801227037222343,54.779537150419856,15.587879470377194,0.5280622009057505,0.4204024306921774,0.16591199453781078,5.4753326055521185,5.170908448457278,3.2686192022222036e-08,7.055509209150874e-08
P4,Cn_plus,31.0,4.256251255269815,0.013502073017272239,90.05581724697726,17.909992119073806,56.395170680320135,15.750654447583315,0.5276688821255013,0.4202709266011061,0.16565780051502468,5.473619892720224,5.1670569790655305,3.288590389282937e-08,7.158798551212974e-08
P4,Cn_plus,32.0,4.24947050817017,0.013563138587135343,91.98349171785905,18.018581476543748,58.05145368940836,15.913456551906943,0.5272754977970644,0.42013945989917595,0.16540230304914222,5.471907666845513,5.163204867810614,3.308529310248388e-08,7.263162045030602e-08
P4,Cn_plus,33.0,4.242653985038519,0.013624752461899448,93.95272359748338,18.126994898697713,59.74944311655441,16.07628558223126,0.5268820484064052,0.4200080308017866,0.16514547697200305,5.4701959307333565,5.159352119451215,3.32843592638727e-08,7.36861922389733e-08
P4,Cn_plus,34.0,4.2358009818954985,0.013686924935961997,95.96460856567317,18.235235272337775,61.490231731861705,16.239141561473687,0.5264885338981475,0.4198766394485563,0.16488729596806842,5.468484686202146,5.155498733445079,3.348310767767352e-08,7.475190222401103e-08
P4,Cn_plus,35.0,4.228905988884019,0.013749664214053894,98.02033480845284,18.343303656557705,63.27500694750851,16.402024204386638,0.526094954961545,0.4197452861318671,0.16462755400703957,5.466773937059874,5.1516447165415356,3.368154028856926e-08,7.582899229253815e-08
P4,Cn_plus,36.0,4.221965671223613,0.013812979079003612,100.12108456559653,18.451197185348885,65.1049546225269,16.564932757720744,0.5257013134167,0.4196139714954916,0.16436612644277665,5.465063691691052,5.147790086563454,3.387965183406269e-08,7.691768488518633e-08
P4,Cn_plus,37.0,4.214987198467269,0.01387688642957471,102.26805833908485,18.558915408982095,66.98127626343116,16.7278666666716,0.5253076106042055,0.4194826960185353,0.16410328142415606,5.4633539563355615,5.143934856638235,3.407744148837167e-08,7.801819402854078e-08
P4,Cn_plus,38.0,4.207970594928478,0.013941397938984182,104.46249955982464,18.66645832963381,68.90521549680751,16.890825733383302,0.5249138470021475,0.41935145988701766,0.16383901987370308,5.4616447334161276,5.140079031447406,3.427490925549257e-08,7.913074079791312e-08
P4,Cn_plus,39.0,4.200913545990597,0.014006524713897192,106.70573020225743,18.773825975916317,70.87809448622224,17.05380974011888,0.5245200231366514,0.41922026331829615,0.1635732552643033,5.459936025763617,5.136222616142911,3.4472055187962607e-08,8.025557312292922e-08
P4,Cn_plus,40.0,4.193815209211332,0.014072278645722207,108.999090272408,18.881018144434222,72.90125359595771,17.216818532016067,0.5241261393819161,0.41908910646641045,0.1633059561209161,5.45822783538425,5.132365614388995,3.466887891231197e-08,8.139292989916648e-08
P4,Cn_plus,41.0,4.186674732778682,0.014138671945151345,111.34396561221558,18.988034467090948,74.97607931366719,17.37985183145745,0.5237321964087582,0.4189579895818668,0.1630370906223766,5.456520165540623,5.128508032754448,3.486537975265042e-08,8.254305661518333e-08
P4,Cn_plus,42.0,4.179491259544798,0.014205716950851155,113.74178126520117,19.094874326842202,77.10399751340249,17.542909424956473,0.5233381947330327,0.41882691286129237,0.1627666267498169,5.454813018793616,5.1246498762906425,3.506155657597584e-08,8.370620087668285e-08
P4,Cn_plus,43.0,4.172261721129856,0.01427342525213021,116.1940332443808,19.201538826941455,79.28650442732722,17.705989990112126,0.5229441375501025,0.41869587739355907,0.16249444984546213,5.453106409324725,5.120791176287321,3.525741140805614e-08,8.488262846580023e-08
P4,Cn_plus,44.0,4.164983370750476,0.014341808922843882,118.70227233398097,19.308025027557147,81.52515465490453,17.869092651519292,0.5225500269752392,0.41856488390529456,0.16222045728570864,5.451400346597569,5.1169319534577165,3.5452938850842154e-08,8.607261537678537e-08
P4,Cn_plus,45.0,4.157659299661512,0.014410884630993338,121.2680777860122,19.41433366333944,83.82152406418484,18.032220058487905,0.5221558566068241,0.41843393027934084,0.161944764620332,5.449694803038225,5.113072145115681,3.5648140253281136e-08,8.727642738924709e-08
P4,Cn_plus,46.0,4.150288508713296,0.014480665165120286,123.89306312582673,19.520457999610606,86.17723475010706,18.195370376109047,0.5217616308786106,0.418303017990178,0.16166733455027923,5.447989797850361,5.109211794677567,3.5843003249317137e-08,8.84943331585506e-08
P4,Cn_plus,47.0,4.142869919418089,0.01455116592905128,126.57896784761839,19.626401673001993,88.59402308479237,18.358543089824025,0.5213673510339447,0.4181721474745854,0.16138812679858539,5.446285336722604,5.105350914318507,3.603753451644662e-08,8.97266380650375e-08
P4,Cn_plus,48.0,4.135402406703799,0.014622402587854282,129.32759222232457,19.732165217903958,91.07368733058165,18.521739673838965,0.5209730135106514,0.41804131756824275,0.16110709932612133,5.444581404490814,5.10148946915685,3.623173503590451e-08,9.097365511220812e-08
P4,Cn_plus,49.0,4.127882126539939,0.014694387872678334,132.14075287709667,19.837746476044526,93.61804683462775,18.684959566424396,0.5205786196660569,0.41791052871572065,0.16082410851722398,5.442878006945091,5.097627472483853,3.642560084472287e-08,9.223568382196659e-08
P4,Cn_plus,50.0,4.12030325536461,0.01476713473295959,135.02038677615687,19.94314330120074,96.22904154913695,18.848201925819176,0.5201841715341377,0.417779781590622,0.16053893681214249,5.441175152858458,5.093764944216689,3.661912800205788e-08,9.351305901340735e-08
P4,Cn_plus,51.0,4.112670559489794,0.014840664307734529,137.96848586644865,20.0483563142989,98.90866317321428,19.011466378935467,0.5197896700163986,0.417649076479347,0.1602517623694965,5.439472845960998,5.089901893183105,3.681231764803969e-08,9.48061149157841e-08
P4,Cn_plus,52.0,4.104984333695773,0.014914994901637186,140.9871220084001,20.153384682974547,101.65898498547539,19.174752339950146,0.5193951165283844,0.4175184138599682,0.15996259624095288,5.43777109247914,5.086038333244443,3.700516825430041e-08,9.61151987711216e-08
P4,Cn_plus,53.0,4.0972439290751925,0.01499014424429248,144.0784276450378,20.258227115257647,104.48214120625434,19.338059323525812,0.5190005122428325,0.41738779411745036,0.15967141421111347,5.436069897426678,5.082174275884424,3.71976774485552e-08,9.744065978212268e-08
P4,Cn_plus,54.0,4.0894484976622865,0.015066130575615233,147.24461894766915,20.362882672072175,107.38034888503354,19.501387390563423,0.5186058570125858,0.41725721719445025,0.15937818461934783,5.434369260056769,5.07830971966205,3.738984350649488e-08,9.8782858476947e-08
P4,Cn_plus,55.0,4.08159553380972,0.015142971210592151,150.4879923930815,20.46734907596983,110.35590898430777,19.664734332803906,0.5182111561735366,0.4171266848282773,0.15908281390306941,5.432669202996181,5.074444716827627,3.758166224632275e-08,1.0014216585518088e-07
P4,Cn_plus,56.0,4.073678923208526,0.015220681310886448,153.8109313523483,20.571623127727065,113.41121165240057,19.828096572220673,0.5178164183713939,0.4169961998531032,0.1587850737167844,5.4309697631572424,5.070579352041956,3.7773127793700194e-08,1.0151896443692401e-07
P4,Cn_plus,57.0,4.065701717461889,0.015299284336944226,157.21594051197067,20.675702342158345,116.54875975725403,19.99147841255827,0.5174216332068715,0.41686575880171356,0.15848507804759493,5.429270895382857,5.066713523472797,3.796423558538834e-08,1.0291365724900524e-07
P4,Cn_plus,58.0,4.057663057026352,0.015378801206987874,160.70559712075408,20.77958984810867,119.77112662459236,20.154880648053044,0.5170267987608288,0.41673536100886455,0.1581827948024453,5.427572591008872,5.062847212327476,3.815499136649836e-08,1.0432664738187261e-07
P4,Cn_plus,59.0,4.04956147255497,0.015459252872740876,164.28258335133035,20.88328577803418,123.08099490181019,20.318302671485984,0.51663191650051,0.4166050069272966,0.15787816912594704,5.4258748559317915,5.058980432973593,3.834539538024307e-08,1.0575835399274835e-07
P4,Cn_plus,60.0,4.041395445169295,0.015540660901426974,167.94969022456414,20.986788917003437,126.48115749874597,20.481743808814738,0.5162369880546268,0.416474697063792,0.15757114431522387,5.424177696751962,5.055113201359873,3.853544539579412e-08,1.0720921092168185e-07
P4,Cn_plus,61.0,4.033163410392135,0.015623047560514748,171.70981954600748,21.090098610632875,129.9745176907418,20.6452032446328,0.5158420153934741,0.4163444319961252,0.15726166196707617,5.422481120994334,5.051245536779902,3.872514021158788e-08,1.0867966501140758e-07
P4,Cn_plus,62.0,4.024863745475711,0.015706435900823976,175.56599085139388,21.19321459809594,133.5640954711411,20.808680782156845,0.5154469989925461,0.4162142118250152,0.15694966149628595,5.420785129970674,5.047377443889833,3.891447934870079e-08,1.1017017708504337e-07
P4,Cn_plus,63.0,4.01648614351953,0.015790843355202214,179.52133280572332,21.296135364599998,137.25302195679365,20.972175484329675,0.5150519411160864,0.4160840372478879,0.15663475799809354,5.419089732764274,5.043508944861668,3.910346002570647e-08,1.1168121793121562e-07
P4,Cn_plus,64.0,4.008034253195348,0.01587629911584628,183.5791379546111,21.398866734765807,141.04458403809608,21.13568718174919,0.5146568421734272,0.4159539083305912,0.15631708778990322,5.41739493023274,5.039640043703682,3.9292092937635755e-08,1.1321328472374998e-07
P4,Cn_plus,65.0,3.999509355779463,0.015962831966514414,187.74292272650743,21.50139799264754,144.94230996168025,21.299214772179635,0.5142617048279386,0.41582382587402816,0.15599669876373626,5.415700732807057,5.035770766496218,3.94803584081224e-08,1.1476693226672475e-07
P4,Cn_plus,66.0,3.9909057889838095,0.01605046438864321,192.01616779246524,21.603732910851246,148.94967883349784,21.462756048116155,0.5138665344136907,0.41569379154909675,0.15567337951320473,5.414007162249042,5.031901165471735,3.96682633643364e-08,1.1634265473104225e-07
P4,Cn_plus,67.0,3.9822241643703156,0.01613922448298382,196.4025335981903,21.70587160725877,153.0703528024766,21.626309188454897,0.5134713353310792,0.41556380669664794,0.15534715292751153,5.412314236021977,5.02803128371994,3.985580802272961e-08,1.1794097818374434e-07
P4,Cn_plus,68.0,3.973464702126918,0.01622914167154704,200.90584668144504,21.807816303753146,157.30815251905597,21.789877858635908,0.5130760987231754,0.4154338682951701,0.15501802720241484,5.410621914773611,5.024161034511714,4.004299646307109e-08,1.1956244817624747e-07
P4,Cn_plus,69.0,3.964624585749589,0.016320245762832145,205.53020306147627,21.909566944650347,161.66717436086785,21.95346175595807,0.5126808253214062,0.415303976496346,0.1546858971836884,5.408930200479466,5.020290425009363,4.022982858311516e-08,1.2120767137384888e-07
P4,Cn_plus,70.0,3.955701737060959,0.016412566654287274,210.27979949527992,22.01112224805101,166.1516178656032,22.117059381625705,0.5122855187473634,0.4151741323720972,0.1543506853048893,5.407239107100277,5.016419490676356,4.041630202906852e-08,1.2287724655331261e-07
P4,Cn_plus,71.0,3.9466939766332576,0.01650613534015662,215.1590164474848,22.112481183526675,170.76586538857316,22.28066987538495,0.5118901810797079,0.41504433647641054,0.15401231021222653,5.405548641851182,5.01254825186743,4.0602414908882825e-08,1.2457179302250244e-07
P4,Cn_plus,72.0,3.937599030798905,0.016600984076102634,220.1724361609295,22.213642749960982,175.5145006407638,22.44429277020472,0.5114948134469429,0.41491458903992123,0.15367068702950834,5.403858807735982,5.008676719633152,4.078816538433187e-08,1.262919547229791e-07
P4,Cn_plus,73.0,3.928414567162383,0.016697146023008855,225.3248329446357,22.314605406695797,180.4023004381456,22.607927099794292,0.5110994181839501,0.41478489067573,0.1533257286952348,5.402169612739716,5.004804916837226,4.097355062649565e-08,1.2803839439930115e-07
P4,Cn_plus,74.0,3.919136036855322,0.016794654119656797,230.6211931556547,22.41536711059336,185.43425383493008,22.771572210131268,0.5107039968710663,0.41465524173703905,0.1529772653930732,5.400481061462501,5.00093285895468,4.115856688381292e-08,1.2981179772509247e-07
P4,Cn_plus,75.0,3.9097523653006,0.016893537747274933,236.0666965839228,22.51592357901834,190.61554658630303,22.93522641860144,0.51030855357405,0.41452564337895687,0.15262488369777452,5.398793168948499,4.997060585798375,4.1343206292610014e-08,1.3161286503032274e-07
P4,Cn_plus,76.0,3.9002670369089985,0.016993837345441704,241.66677267070853,22.61627351486106,195.95161330065426,23.098885855193213,0.5099130976441436,0.41439609847196285,0.15226871377608323,5.397105972582913,4.993188188937857,4.15274664711648e-08,1.3344232665129293e-07
P4,Cn_plus,77.0,3.8906820172540937,0.01709559477819937,247.42712496567876,22.716418107495624,201.44815221804984,23.26255464013328,0.5095176191255014,0.41426660354579187,0.15190882897034597,5.395419427168915,4.989315570883161,4.1711349603377876e-08,1.3530094438261165e-07
P4,Cn_plus,78.0,3.8809945199896436,0.017198849681312398,253.3537132243242,22.816355388398584,207.11112582250252,23.426232013423085,0.5091221198545341,0.4141371589789135,0.15154512527230865,5.393733537635703,4.9854427496168485,4.189485207469305e-08,1.3718950798372798e-07
P4,Cn_plus,79.0,3.8712015070605323,0.01730364563267628,259.4529411673214,22.916084329677368,212.94694004300024,23.589916794643806,0.5087266026835284,0.41400776546080736,0.15117748928334562,5.3920483129630785,4.981569753069178,4.207797199771831e-08,1.3910889016436624e-07
P4,Cn_plus,80.0,3.86129939252935,0.017410035403577242,265.7320324567405,23.015606598154825,218.96281835142233,23.753607507163377,0.5083310711805211,0.41387842390991214,0.1508057871578174,5.390363765112812,4.977696616179199,4.226071243303433e-08,1.4106015965010394e-07
P4,Cn_plus,81.0,3.851285738767302,0.017518051640206807,272.19709466207337,23.1149103953608,225.16488140745918,23.9173028592534,0.50793552846676,0.4137491350665379,0.15042992791519408,5.388679903726722,4.9738233695109,4.2443051716569285e-08,1.430439556963653e-07
P4,Cn_plus,82.0,3.841157229220212,0.017627741498660043,278.8553716127459,23.213997100511513,231.56037285196925,24.081001660265134,0.5075399774192507,0.41361989957346473,0.1500497877636586,5.386996737176393,4.969950041236591,4.262499238080739e-08,1.4506121274033962e-07
P4,Cn_plus,83.0,3.8309104478772666,0.01773915179718358,285.71432990832255,23.312865010697234,238.15676333733367,24.244701560291674,0.5071444237161541,0.41349071896332507,0.14966523921440014,5.385314285422871,4.966076686958151,4.280653129890606e-08,1.471128616671021e-07
P4,Cn_plus,84.0,3.8205373767139217,0.017852328491502475,292.78178808114086,23.411512386517433,244.96187408178002,24.4084016128434,0.5067488696445056,0.41336159363506225,0.1492759829842757,5.3836325536620055,4.962203329070764,4.298766527701922e-08,1.4919986555998095e-07
P4,Cn_plus,85.0,3.810033066742778,0.017967326227282854,300.066265899856,23.509939442353954,251.98422304406716,24.572103413434824,0.5063533113490086,0.41323252195965376,0.1488818343258337,5.381951520677363,4.958329929822467,4.316839470878969e-08,1.5132331924096642e-07
P4,Cn_plus,86.0,3.799393021857278,0.01808419442899208,307.57617676349946,23.60814513599258,259.232226402373,24.735805225133927,0.5059577530266718,0.41310350490747133,0.14848262544079685,5.380271199107092,4.954456530311347,4.334871768052841e-08,1.5348420135757203e-07
P4,Cn_plus,87.0,3.7886200130570873,0.018202994471295284,315.3207333971398,23.7061324911374,266.7150946981277,24.899506207874712,0.5055621967073755,0.4129745427105767,0.14807845976250852,5.37859159197357,4.950583150414468,4.3528639744289306e-08,1.5568364153051463e-07
P4,Cn_plus,88.0,3.777709779569634,0.018323786646812154,323.3097137790968,23.803898522411263,274.44261197062553,25.063203286060023,0.5051666498227909,0.41284563732859636,0.14766917828182669,5.376912724799024,4.946709862904491,4.3708155418393456e-08,1.5792284375531563e-07
P4,Cn_plus,89.0,3.7666593142190163,0.018446617149821095,331.55211374764144,23.901435547580824,282.42378361885415,25.22689458120649,0.5047711169119622,0.4127167897510337,0.1472546687638601,5.375234610470775,4.942836712228796,4.388725059690572e-08,1.6020269485650018e-07
P4,Cn_plus,90.0,3.7554702470877825,0.018571478866615792,340.0529883799856,23.998724152561035,290.66368595348376,25.390578273940832,0.5043756023711036,0.4125880008888009,0.1468349920456119,5.373557260852567,4.93896374143614,4.406588963214233e-08,1.6252290337690348e-07
P4,Cn_plus,91.0,3.744131146352247,0.018698480039335975,348.82679615681553,24.095773177675042,299.1767733883487,25.554249590791812,0.5039801177345179,0.41245927388295145,0.14640972148872497,5.371880716853566,4.935091063473112,4.4244088756495545e-08,1.648857487917803e-07
P4,Cn_plus,92.0,3.7326320430148074,0.018827753035709237,357.89032170215614,24.192595269200226,307.9798190865075,25.71790734644836,0.5035846658663131,0.41233060905124674,0.14597848502114766,5.370204982612304,4.931218706385725,4.4421871190760774e-08,1.672939800976881e-07
P4,Cn_plus,93.0,3.720970364126511,0.018959373194001615,367.2562155526483,24.28918820729739,317.0854740423067,25.881553303044193,0.5031892425085849,0.41220200432223625,0.14554118657273588,5.368530031150153,4.927346628479587,4.459923285892178e-08,1.6974905193265884e-07
P4,Cn_plus,94.0,3.7091359405371205,0.019093422849559546,376.9384920596804,24.385546873305675,326.50776059065873,26.045184595716005,0.502793854583801,0.4120734612074689,0.14509744663141314,5.366855882153569,4.923474897541117,4.4776164362214565e-08,1.7225266030420027e-07
P4,Cn_plus,95.0,3.6971182828655667,0.019229992066174192,386.9523034170404,24.481665025069844,336.26184118392393,26.208797208046636,0.5023985117969685,0.41194498205993546,0.14464687375762322,5.365182566267967,4.919603608604014,4.4952654238941345e-08,1.7480666090021465e-07
P4,Cn_plus,96.0,3.684917209856441,0.019369191170288787,397.3145450492983,24.57754017807937,346.36461742414957,26.3723874470694,0.5020032230715299,0.4118165689099144,0.1441894612119018,5.363510109935746,4.915732849048711,4.512869792710265e-08,1.7741320605673507e-07
P4,Cn_plus,97.0,3.6725248615110053,0.019511128161207553,408.0429068454866,24.67316590298854,356.8337891682722,26.535951774225854,0.5016079969578258,0.41168822358707846,0.14372491567647863,5.361838536986616,4.91186270260214,4.530428362128595e-08,1.8007448014275694e-07
P4,Cn_plus,98.0,3.659932170563061,0.019655924851638674,419.1569613651662,24.76853602119121,367.68893898736184,26.69948635661311,0.5012128427174313,0.4115599480714123,0.14325289878557326,5.360167873207948,4.90799325995581,4.54793999764808e-08,1.8279296042921566e-07
P4,Cn_plus,99.0,3.6471283695390646,0.0198036976519316,430.67665946617154,24.863640679631033,378.95003276624504,26.862986020295484,0.5008177728523053,0.41143174531384846,0.14277300874456195,5.35849815703277,4.904124643531823,4.5654028900738206e-08,1.8557102146938139e-07
P4,Cn_plus,100.0,3.6341065506132972,0.019954533068362822,442.6199901099996,24.958455495298672,390.6350882743996,27.026446340301348,0.5004227980546592,0.4113036176120604,0.14228498778911866,5.356829418386042,4.90025695803081,4.582812562255315e-08,1.8841037291187327e-07
P4,Cn_plus,101.0,3.620852357891252,0.020108656723659947,455.01801139541186,25.052993602249046,402.7751513344644,27.189866458698432,0.5000279203975441,0.4111755642749429,0.14178830016136337,5.35516164826679,4.896390223752573,4.600171425836662e-08,1.913156592312072e-07
P4,Cn_plus,102.0,3.607350578052412,0.02026624630667129,467.89903349525355,25.147245969036643,415.39854932699285,27.353238199224066,0.49963315963754495,0.4110475902810268,0.14128237820759257,5.353494911515535,4.8925246341582085,4.6174778224851993e-08,1.9429054728123217e-07
P4,Cn_plus,103.0,3.593578437114626,0.02042748854569368,481.2936806601787,25.241203069446044,428.535923557693,27.516554033039643,0.4992385339668537,0.41091969997596756,0.14076637213154494,5.351829264730211,4.888660367389908,4.634730003019783e-08,1.9733894445325694e-07
P4,Cn_plus,104.0,3.579530210454355,0.020592588254513232,495.2347974978675,25.334855562867325,442.22013574417576,27.679806190824348,0.4988440621587476,0.4107918976648717,0.14024006837927802,5.350164763980641,4.884797607279991,4.6519262523397155e-08,2.0046494566200474e-07
P4,Cn_plus,105.0,3.565188331930458,0.020761786002633186,509.76047478660723,25.42820236439692,456.48928559751647,27.842986824693877,0.49844976317633966,0.4106641875741334,0.13970281150664357,5.348501464311498,4.880936539519689,4.6690663712375685e-08,2.0367347728616533e-07
P4,Cn_plus,106.0,3.550533710852575,0.020935322995788964,524.9106921968508,25.52123095217317,471.38337321923444,28.006088025443233,0.4980556561309141,0.4105365738019765,0.1391538891846842,5.346839419098158,4.877077351251162,4.686148060478722e-08,2.0696948250446117e-07
P4,Cn_plus,107.0,3.5355441945989092,0.02111344939645008,540.7282443900899,25.613927023249566,486.94521950376605,28.16909786307424,0.49766176984933624,0.41040906339083,0.1385924748811194,5.3451787200614085,4.873220324753812,4.7031686937899717e-08,2.103580988428242e-07
P4,Cn_plus,108.0,3.520201398281426,0.02129646240082849,557.2621988003458,25.70628441358666,503.22390144982546,28.33201293693363,0.49726811254872155,0.4102816564757034,0.13801788255618416,5.343519368959615,4.869365540491553,4.7201271393449726e-08,2.13845351461548e-07
P4,Cn_plus,109.0,3.5044780002911162,0.021484706631372603,574.5691295707687,25.79829460013888,520.2760118756295,28.49482309500041,0.4968747087597478,0.4101543581992261,0.1374290927776468,5.341861432770523,4.865513238674513,4.7370218321622596e-08,2.1743832060527038e-07
P4,Cn_plus,110.0,3.4883376899096565,0.02167853570276847,592.7096640725562,25.88994313563678,538.162204420108,28.657516516811327,0.49648158704460726,0.41002717471214345,0.1368247507100291,5.340204991601606,4.861663698990352,4.753850119468386e-08,2.2114431566089345e-07
P4,Cn_plus,111.0,3.4717614757374413,0.021878342359825356,611.7506722511108,25.981219420414927,556.9493721198999,28.82008071079599,0.4960887775871114,0.40990011236109425,0.1362041478063115,5.338550128111659,4.857817217006003,4.77061005497786e-08,2.2497126128930773e-07
P4,Cn_plus,112.0,3.4547133602707207,0.02208456341091491,631.7677112678381,26.07211105868312,576.7130947355106,28.982505473644302,0.4956963050418696,0.4097731757633937,0.13556594091188082,5.3368969024367185,4.853974034145164,4.7872993626050054e-08,2.2892809275737722e-07
P4,Cn_plus,113.0,3.437159932019022,0.02229763603292895,652.8401562873719,26.162599735761543,597.5327764349137,29.14478011669662,0.4953041952362581,0.4096463703279214,0.13490888339180881,5.335245385022179,4.8501344033155345,4.803914679451633e-08,2.3302367657504423e-07
P4,Cn_plus,114.0,3.419068429599721,0.02251804403333608,675.0566041733997,26.252665247014264,619.4970514317426,29.30688749464278,0.49491248959908,0.40951970386445175,0.1342317529149588,5.333595677582753,4.846298730197636,4.820452295590287e-08,2.3726780123102908e-07
P4,Cn_plus,115.0,3.400397175809639,0.02274634000176377,698.5183426747949,26.34229019081509,642.7072458344776,29.468806649502238,0.4945212387718251,0.40939318526922736,0.133532994485065,5.331947895983346,4.842467510684767,4.836909015775525e-08,2.416716915664792e-07
P4,Cn_plus,116.0,3.381089654380956,0.02298312981512339,723.3388060318807,26.431452669043267,667.2768380812184,29.630515281618933,0.4941304966379198,0.40926682416771876,0.1328104994198546,5.330302165586344,4.83864127241603,4.8532808191262124e-08,2.4624771484137343e-07
P4,Cn_plus,117.0,3.361100949114869,0.023229074054163447,749.643588483102,26.520131359819565,693.3314691204755,29.79198800280696,0.4937403245437117,0.40914063196926764,0.1320625919242453,5.328658634987323,4.834820616109194,4.869563790569318e-08,2.510092003153893e-07
P4,Cn_plus,118.0,3.340381632559677,0.023484902417736608,777.5735943766949,26.60831493082744,721.0120750727543,29.953204373113216,0.493350771878963,0.4090146153969969,0.13128742779960856,5.327017391748415,4.831006025400346,4.885755849291684e-08,2.559708159753255e-07
P4,Cn_plus,119.0,3.31887339900773,0.023751410099204548,807.2864054232317,26.695976939747094,750.4762942245467,30.114134258937973,0.4929619114565279,0.40888878802671635,0.130482831683131,5.325378612681335,4.827198213289972,4.9018521400170935e-08,2.611485826276428e-07
P4,Cn_plus,120.0,3.296508939548712,0.02402947202818112,838.9591425056977,26.783091988783653,781.9013068716267,30.274743645287398,0.4925738254680069,0.40876316462457424,0.1296462922967729,5.323742490100796,4.823397984617423,4.917847999262528e-08,2.6656010656112686e-07
P4,Cn_minus,0.0,4.450897540625373,0.012093857401158772,50.6633735955273,14.45733209793686,21.0647667599612,15.141274737629239,0.5291413472939297,0.42436463689811166,0.17302060031817454,5.526936486132813,5.181475702023594,2.6546211229938597e-08,4.375195978831747e-08
P4,Cn_minus,1.0,4.444773254488064,0.01214513182919859,51.754881261207245,14.573224171138007,21.87453525632805,15.30712183374119,0.5287406052470239,0.4242317453231144,0.17278895919915224,5.525205702672814,5.177551542270363,2.6759009513483054e-08,4.458498257552144e-08
P4,Cn_minus,2.0,4.438618322863704,0.012196787296132642,52.86915379058965,14.688939301038177,22.70721025799346,15.473004231558015,0.5283397778993936,0.42409888794559764,0.17255618651686344,5.5234753646017225,5.173626547232507,2.697148289792361e-08,4.542564206306447e-08
P4,Cn_minus,3.0,4.432432605171508,0.012248831270944152,54.006762026646605,14.80447813992437,23.563362209396338,15.638921677325897,0.5279388658641927,0.42396606504215817,0.17232227696708305,5.5217454755219455,5.169700722914174,2.7183632580974223e-08,4.627408216788695e-08
P4,Cn_minus,4.0,4.426222009756246,0.012301275397208258,55.16825254835305,14.919839435031665,24.443539930261085,15.804873183060305,0.5275378715287223,0.4238332774730252,0.17208745278662563,5.52001604663713,5.165774092692373,2.7395456262337573e-08,4.713041178976292e-08
P4,Cn_minus,5.0,4.419985958386654,0.01235412525137221,56.35419356983678,15.03502058721389,25.348317284351065,15.970855698271823,0.5271368022639851,0.42370052774734723,0.17185169214319018,5.518287110626494,5.161846728745683,2.760694916952294e-08,4.799475191060728e-08
P4,Cn_minus,6.0,4.4137228535735575,0.012407387181977186,57.565199079845904,15.150024613237514,26.27830138983923,16.136873076769163,0.5267356487578903,0.4235678128504153,0.1716149348540933,5.516558628226385,5.157918539887939,2.7818116841845567e-08,4.8867241972913826e-08
P4,Cn_minus,7.0,4.407429295378297,0.012461065257691644,58.8018876530961,15.264852713796655,27.23410855740932,16.30292638189012,0.5263344084410582,0.4234351320037911,0.17137705304215936,5.5148305892984055,5.153989500959173,2.8028961483991582e-08,4.974801607261046e-08
P4,Cn_minus,8.0,4.401107412783655,0.012515168845986295,60.06489263468856,15.379504454498454,28.216373231185226,16.469014949004876,0.5259330829194567,0.4233024858823407,0.17113812675792134,5.513103002632026,5.150059627685398,2.8239482298339093e-08,5.0637211224856195e-08
P4,Cn_minus,9.0,4.394758150447521,0.012569706465129685,61.35486947416166,15.493979670550228,29.225751237757695,16.635138565853737,0.5255316727059763,0.42316987478484114,0.17089819149061372,5.511375872118528,5.146128925088956,2.844967898229968e-08,5.153496975704596e-08
P4,Cn_minus,10.0,4.388380939410552,0.012624686260390802,62.67251525732797,15.608279446537182,30.262938114728655,16.801297696062136,0.5251301766803429,0.4230372984194892,0.17065722582797221,5.509649193957458,5.142197382199862,2.8659553527363037e-08,5.244145450829612e-08
P4,Cn_minus,11.0,4.381975209702083,0.012680116465827639,64.01854740649512,15.722404392053969,31.32865075445148,16.967492259989672,0.5247285950349942,0.42290475692191765,0.17041520834027643,5.5079229699153,5.138265000902514,2.8869107052852444e-08,5.3356831208131124e-08
P4,Cn_minus,12.0,4.375540431682754,0.012736004868483804,65.39369147293937,15.836352600300458,32.42361726150788,17.13372161113103,0.5243269293321035,0.4227722508788021,0.17017211913265162,5.506197207632934,5.134331796494073,2.9078336057546606e-08,5.428125947620169e-08
P4,Cn_minus,13.0,4.369076061313103,0.012792359436613197,66.79869307651434,15.950123545594112,33.548583260792604,17.299986270127622,0.5239251783136267,0.42263977994556196,0.16992793777297963,5.504471902622534,5.130397756655481,2.9287239576199687e-08,5.521489826045452e-08
P4,Cn_minus,14.0,4.3625815820240685,0.012849188169539331,68.2343146639038,16.06371849253462,34.70431098143151,17.466285189937672,0.5235233445095672,0.4225073450258658,0.16968264488587448,5.5027470666535026,5.12646290616112,2.9495819930839714e-08,5.615790489279053e-08
P4,Cn_minus,15.0,4.356056433374393,0.012906499380057284,69.70135110987636,16.17713527446958,35.891598723102845,17.632617112303933,0.5231214309602951,0.42237494718831353,0.1694362194613982,5.501022713643315,5.122527274783006,2.9704073143110818e-08,5.711045045261378e-08
P4,Cn_minus,16.0,4.34949996646005,0.01296430227876627,71.20063835433115,16.290374534649324,37.11128059157364,17.79898322810818,0.5227194347882418,0.4222425855506242,0.16918863715858198,5.499298832101118,5.118590834343315,2.9912000394134016e-08,5.8072718165031296e-08
P4,Cn_minus,17.0,4.342911597828688,0.013022605516851513,72.7330181263404,16.403435515819123,38.36419915381878,17.965383456702497,0.5223173561882797,0.42211026024290876,0.16893987611547776,5.497575423721483,5.114653586750282,3.011960029345609e-08,5.904488107937831e-08
P4,Cn_minus,18.0,4.3362897549543495,0.013081417272953217,74.29936595279449,16.516317163050633,39.65123084834614,18.131817941397717,0.5219151948141219,0.4219779712194338,0.1686898773554146,5.495852487908775,5.110715528612985,3.032687090404259e-08,6.002712183627928e-08
P4,Cn_minus,19.0,4.329627841379632,0.013140741040935069,75.90058244636302,16.629016956948636,40.97327923097194,18.298286258442445,0.5215129516896934,0.42184571888177264,0.16843839340240188,5.494130029893095,5.106776669957937,3.053380759983958e-08,6.101962657517421e-08
P4,Cn_minus,20.0,4.32293030480317,0.01320059081496737,77.53758694578339,16.741535655825732,42.33126316887738,18.464788121080275,0.5211106275078936,0.4217135035157243,0.16818559130761523,5.4924080533967,5.102837017570172,3.074041177324275e-08,6.202257570310322e-08
P4,Cn_minus,21.0,4.31619835211626,0.013260978226497003,79.21134426351037,16.85387297436533,43.72614786967071,18.631323419474334,0.5207082225341252,0.42158132527766773,0.167931516438377,5.490686560456272,5.098896574048573,3.09466829003605e-08,6.303616641568681e-08
P4,Cn_minus,22.0,4.309430519876046,0.013321912400854358,80.92284669103469,16.96602694129584,45.158928511523456,18.797891238215392,0.520305738980323,0.42144918494809397,0.16767611396978876,5.488965561236946,5.094955361052923,3.115261736159057e-08,6.406059944728814e-08
P4,Cn_minus,23.0,4.302622930391185,0.013383400096083022,82.67311122423331,17.07799485467693,46.630628368876046,18.96448800068033,0.5199031854888044,0.42131708541688234,0.16741923857358032,5.4872450933765915,5.091013463210816,3.1358210195694035e-08,6.509607715595783e-08
P4,Cn_minus,24.0,4.295777238901823,0.013445454347411073,84.46320106040258,17.18977821141275,48.142306775842,19.131116073147837,0.519500556341849,0.4211850248606632,0.16716095243270304,5.485525133127591,5.087070824532993,3.15634641512509e-08,6.614280853333084e-08
P4,Cn_minus,25.0,4.288895504723864,0.013508074752472794,86.29377775833137,17.301366589180013,49.69463364792559,19.29777752122576,0.5190978465482573,0.4210530016917058,0.1669013328438335,5.483805659811295,5.083127396144466,3.176836009103765e-08,6.720072066589578e-08
P4,Cn_minus,26.0,4.281978065265719,0.013571260456734109,88.16554456870212,17.41274989378922,51.28832211068368,19.464472564229208,0.5186950555780907,0.42092101579024527,0.16664039251508656,5.482086671867885,5.079183172855951,3.1972879480342295e-08,6.826976840075235e-08
P4,Cn_minus,27.0,4.27502199616998,0.013635046120569427,90.08044557056648,17.523948214124463,52.92529620647787,19.631201149964152,0.5182921835574674,0.420789067255937,0.16637802186664122,5.480368170595275,5.075238155902428,3.217705920589865e-08,6.935069735783554e-08
P4,Cn_minus,28.0,4.268026397113258,0.013699444465285496,92.03972873034452,17.634960604488853,54.606804765770526,19.797963360085152,0.5178892302890827,0.42065715607545756,0.1661141872314706,5.47865015581994,5.071292343351843,3.238089753124044e-08,7.044376610800034e-08
P4,Cn_minus,29.0,4.260990274405083,0.013764469448518356,94.04471719422169,17.74578813251789,56.33417038784696,19.964758673856835,0.5174861970312075,0.42052528271097506,0.16584885145693934,5.476932633561169,5.067345747525476,3.258439641673471e-08,7.154925817510658e-08
P4,Cn_minus,30.0,4.253912788923546,0.01383013352499475,96.09671209351212,17.85643174968401,58.10869371163433,20.13158663219379,0.5170830848931455,0.42039344757136277,0.16558198319118575,5.475215609144141,5.063398379285892,3.278755760945265e-08,7.266741982292052e-08
P4,Cn_minus,31.0,4.2467925293445035,0.013896455376177529,98.19728125392521,17.966895392617626,59.93193912471109,20.298446736596485,0.5166798950794383,0.4202616510951673,0.16531352964776516,5.473499088280496,5.059450250428242,3.299038833774192e-08,7.379863833537164e-08
P4,Cn_minus,32.0,4.239626230212758,0.013963474049208032,100.34880264793219,18.077198312845205,61.8062655080309,20.465338827056094,0.5162766279767209,0.42012989344994145,0.1650433685847572,5.471783073152449,5.055501364738545,3.3192923950800026e-08,7.494375260839739e-08
P4,Cn_minus,33.0,4.232414852445096,0.01403116968691876,102.5515430985503,18.187314524455036,63.73196601579525,20.632262558300013,0.5158732844192873,0.41999817495707775,0.16477153613474294,5.470067567945822,5.051551730386404,3.339511673391057e-08,7.610231040092151e-08
P4,Cn_minus,34.0,4.225147759841163,0.014099547779395039,104.80701156389335,18.297243784472226,65.71055025203547,20.799217527385647,0.5154698653807814,0.4198664959630744,0.16449763400265605,5.46835257717342,5.047601356905969,3.359696624092878e-08,7.72745946834852e-08
P4,Cn_minus,35.0,4.217835348146039,0.014168632023172591,107.1167170611565,18.406991108994113,67.74352249047789,20.966203461684515,0.515066371519965,0.4197348567074388,0.16422205177632263,5.466638103954591,5.043650250747987,3.379848168229396e-08,7.84608613221485e-08
P4,Cn_minus,36.0,4.210476929479764,0.014238438178466168,109.48230542682056,18.516552459890438,69.83253283877058,21.13322012815955,0.5146628033999335,0.4196032574085593,0.16394476378450992,5.464924151133633,5.039698417426421,3.399965564328682e-08,7.966142684856424e-08
P4,Cn_minus,37.0,4.203065700540037,0.01430897769442069,111.90550785473137,18.625926531820394,71.97931629316969,21.300265029741283,0.5142591670544419,0.4194717000665645,0.16366551538377178,5.463210744760272,5.035745916025208,3.420048572707147e-08,8.087662921691439e-08
P4,Cn_minus,38.0,4.195603615679427,0.014380269289281244,114.38806861933509,18.735113971404736,74.18561473871875,21.467339909211596,0.5138554582723461,0.4193401833364626,0.16338437988345822,5.461497867317302,5.031792705307844,3.440097312095763e-08,8.210678247765326e-08
P4,Cn_minus,39.0,4.188091211125757,0.01445233140273686,116.93181529820588,18.844116225358718,76.45325221218965,21.634446860657505,0.5134516719936318,0.41920870559402146,0.16310137745350434,5.459785497650678,5.027838735725486,3.4601120481369636e-08,8.335221899029785e-08
P4,Cn_minus,40.0,4.18052734539319,0.014525180579091738,119.53862775267856,18.952931007087358,78.78411436736498,21.80158237822622,0.5130478166896117,0.419077269615554,0.16281646549744622,5.458073671919175,5.023884090231205,3.480092360971587e-08,8.461327647130726e-08
P4,Cn_minus,41.0,4.17291077543226,0.014598834703624703,122.21047981746977,19.06155879536415,81.18017406022187,21.968746961883756,0.5126438911522008,0.41894587501008185,0.16252959757995397,5.456362385030679,5.019928756995152,3.5000383385108885e-08,8.589031053285029e-08
P4,Cn_minus,42.0,4.165240234115837,0.014673311983660682,124.94941166059705,19.1699997769551,83.64346995079856,22.135941932843398,0.5122398921889058,0.4188145207651978,0.16224072636127188,5.454651623799572,5.015972704755686,3.519950015048401e-08,8.718368159187134e-08
P4,Cn_minus,43.0,4.1575144933338475,0.014748630515035046,127.7575174593885,19.278253815564852,86.17609718170989,22.303166462113754,0.5118358218028471,0.41868320754341215,0.16194980598912956,5.452941396854405,5.0120159531278325,3.539827365557895e-08,8.849374907918649e-08
P4,Cn_minus,44.0,4.149732414193212,0.014824807478331224,130.63690755075982,19.38631939423499,88.78016802591937,22.47042013060545,0.511431681006685,0.4185519356842235,0.16165679394923296,5.451231708616819,5.0080585120277945,3.5596701114990524e-08,8.982085094280678e-08
P4,Cn_minus,45.0,4.141892440676172,0.0149018646053716,133.58996043418165,19.494194705667603,91.4580629053796,22.63770282313446,0.5110274700787425,0.4184207052807456,0.16136163211857454,5.4495225602995285,5.004100384180977,3.579477921020106e-08,9.116542967452564e-08
P4,Cn_minus,46.0,4.133993177539381,0.014979822190553023,136.6190523935254,19.601878681961775,94.21215997436235,22.805013737201268,0.5106231909581268,0.41828951694852956,0.1610642684033687,5.447813959919489,5.000141588575572,3.599250598035617e-08,9.252789119394584e-08
P4,Cn_minus,47.0,4.12602855377301,0.015058698474776122,139.72671197402653,19.709369391883712,97.04499006055421,22.972352521588597,0.5102188444934963,0.41815837095945635,0.1607644757904765,5.446105911017684,4.996182133521838,3.618987787937003e-08,9.390868167013201e-08
P4,Cn_minus,48.0,4.117992454733978,0.015138511221053932,142.91552091519975,19.816663931861086,99.95913918414098,23.139717799197697,0.5098144340123821,0.4180272683792951,0.16046202570974297,5.44439842747472,4.992222051603741,3.638688957577181e-08,9.530823732353197e-08
P4,Cn_minus,49.0,4.10988776695804,0.015219286199284454,146.188156048031,19.923759414086252,102.95729125964533,23.307105374299415,0.5094099696530691,0.417896212471356,0.160157026356458,5.442691551792037,4.9882614420977305,3.658353576703742e-08,9.672700435875853e-08
P4,Cn_minus,50.0,4.101717644134964,0.015301051406787423,149.54743852722606,20.030655067635966,106.04226431484682,23.47451914474327,0.5090054419970491,0.4177652001630889,0.1598495957736539,5.440985243952659,4.984300212775578,3.6779815037615846e-08,9.816545415382825e-08
P4,Cn_minus,51.0,4.093481184074171,0.015383832150871371,152.99630507000364,20.137353295984454,109.21699243154423,23.64195934247495,0.5086008504838639,0.4176342312442889,0.15953970031017542,5.439279501218873,4.980338358149144,3.69757318007096e-08,9.962407231040186e-08
P4,Cn_minus,52.0,4.0851757321242985,0.01546765336350859,156.5378373372576,20.243853177556478,112.48455777102909,23.809426388672012,0.5081961940958077,0.417503305345354,0.15922724077560738,5.43757431877697,4.976375868252815,3.7171284364144024e-08,1.011033710771471e-07
P4,Cn_minus,53.0,4.076799474240373,0.015552541179190912,160.17523575377524,20.350152858888308,115.84816347049214,23.976919424394794,0.507791474908366,0.4173724230966218,0.15891214944005674,5.4358697048364855,4.972412763410231,3.736646932463287e-08,1.0260387443281964e-07
P4,Cn_minus,54.0,4.068350520756927,0.015638522826295402,163.91184661072828,20.456251388765548,119.31115756609381,24.14443765586894,0.5073866948395629,0.41724158506974923,0.1585943557496453,5.434165666842695,4.968449062403132,3.756128493557875e-08,1.0412612663802999e-07
P4,Cn_minus,55.0,4.059826905873512,0.01572562626420506,167.7511675140985,20.562142876659745,122.87704390531994,24.31198073211883,0.506981854737473,0.4171107914826702,0.1582737863032202,5.432462207633975,4.964484773536063,3.775572038093268e-08,1.0567069438071796e-07
P4,Cn_minus,56.0,4.0512266008557765,0.015813880712850052,171.6968491353688,20.66782640448774,126.54947476491549,24.479547965965565,0.5065769562625504,0.4169800428077213,0.15795036535483725,5.430759333362049,4.960519913068577,3.794977397493204e-08,1.0723816089172196e-07
P4,Cn_minus,57.0,4.042547489819961,0.01590331673450635,175.75270907240105,20.773304096456375,130.3322655874377,24.64713938850699,0.5061719993396522,0.4168493389482786,0.15762401389658767,5.429057042768487,4.956554480264858,3.814344961799522e-08,1.0882912971145932e-07
P4,Cn_minus,58.0,4.033787346489593,0.015993966219841838,179.92276684943295,20.87857445118112,134.22943842395892,24.81475397429291,0.505766986446609,0.41671868062277095,0.15729464881032862,5.427355345210124,4.952588499388403,3.833674455331544e-08,1.1044423985270481e-07
P4,Cn_minus,59.0,4.024940106148024,0.016085858908982686,184.21122034769706,20.983634896708637,138.24519678733725,24.9823886636512,0.5053619249766119,0.41658807012352606,0.15696204354430776,5.425654270542298,4.948622042835066,3.852965405833282e-08,1.1208415172988304e-07
P4,Cn_minus,60.0,4.015995776469909,0.0161790221029257,188.6224102955288,21.088484448098324,142.38388249695856,25.150043350471915,0.5049568151860581,0.4164575074290832,0.1566258247703191,5.423953818485503,4.944655113115546,3.872217632452273e-08,1.1374952698005031e-07
P4,Cn_minus,61.0,4.006959625664128,0.016273497747538244,193.1609233890985,21.19312484529644,146.6500781208061,25.317720422995972,0.5045516513041587,0.4163269905662425,0.15628618949337764,5.422253963340733,4.940687653720934,3.891431454673333e-08,1.1544106725612565e-07
P4,Cn_minus,62.0,3.997832840552982,0.01636932520088223,197.83153340331185,21.297558695670574,151.04855540707985,25.485419300561425,0.5041464347339872,0.4161965198648741,0.15594318216716369,5.420554709404224,4.9367196783904514,3.910607351255132e-08,1.1715948983638751e-07
P4,Cn_minus,63.0,3.988613537927737,0.016466542697654917,202.63925101841846,21.40178513462707,155.5843277127295,25.65313817106191,0.5037411698541987,0.4160660965760447,0.1555967325144108,5.418856072969903,4.93275123000091,3.929745163443027e-08,1.1890554494687242e-07
P4,Cn_minus,64.0,3.9792984945091137,0.01656518973208165,207.58937539308138,21.505800878525616,160.26269783262273,25.820876681933054,0.5033358575167065,0.4159357208406919,0.15524672016902244,5.417158055873345,4.9287823168944485,3.948844288302752e-08,1.2068002972806796e-07
P4,Cn_minus,65.0,3.969884585267134,0.016665307436297922,212.68745041597626,21.60960542184108,165.08921098027614,25.98863401385903,0.5029304997012517,0.41580539314287823,0.15489302844870356,5.415460664418992,4.92481295845715,3.9679046330109765e-08,1.2248376562278703e-07
P4,Cn_minus,66.0,3.9603717354063717,0.01676690547933532,217.9372803001273,21.713184478923843,170.06768648725648,26.15640933394697,0.502525098420382,0.4156751139640862,0.15453565462983426,5.413763904877688,4.920843174396354,3.98692357447051e-08,1.2431687533854854e-07
P4,Cn_minus,67.0,3.9507554433815453,0.016870044337264575,223.34585342064972,21.81654516191032,175.20510628194407,26.324201976795347,0.5021196552819299,0.4155448836274642,0.15417443059728864,5.412067781458124,4.916872980456332,4.0059024185950165e-08,1.2618059283213235e-07
P4,Cn_minus,68.0,3.941026588988587,0.016974782182517033,228.9205110062253,21.91968838113572,180.50881493785414,26.492007687235425,0.5017141805678063,0.4154147052191783,0.15380901576557304,5.410372334354611,4.912902477319956,4.024841332538096e-08,1.2807618752341586e-07
P4,Cn_minus,69.0,3.9311847292110764,0.0170811696591349,234.66797050331553,22.022614193743113,185.9855271547037,26.659829154868714,0.5013086677790343,0.41528457642375705,0.1534393936329225,5.408677533410388,4.908931601347727,4.0437403267922205e-08,1.3000461181420584e-07
P4,Cn_minus,70.0,3.9212280539557387,0.017189257977187254,240.595255226479,22.12532719814289,191.6422612370385,26.827666791297627,0.5009031159210449,0.41515449667717397,0.15306549664218197,5.406983371279556,4.904960342800594,4.062600245706632e-08,1.3196684293521465e-07
P4,Cn_minus,71.0,3.91114546705971,0.01729909348747498,246.70977917753723,22.227823994556598,197.4864356296734,26.995519553307236,0.5004975275145942,0.41502446652261726,0.15268691041845983,5.405289855036615,4.900988726362389,4.081420465022052e-08,1.3396391146977095e-07
P4,Cn_minus,72.0,3.900935377614011,0.01741073148621652,253.0193142188914,22.330102602139153,203.52582624270784,27.163385374044395,0.5000919075538907,0.414894487272532,0.1523035756492628,5.403597001774883,4.897016800937568,4.1002006210203906e-08,1.3599688064407132e-07
P4,Cn_minus,73.0,3.8905993302187443,0.017524231670425224,259.53202012182163,22.432161977557378,209.76859522601765,27.33126291824659,0.499686259265375,0.41476455964397957,0.1519155500952032,5.401904820833389,4.893044598120191,4.11894052212728e-08,1.3806685071089903e-07
P4,Cn_minus,74.0,3.880132478932554,0.017639664556153463,266.25733135964254,22.534002924912777,216.2241780973066,27.499150337423163,0.4992805871156189,0.4146346847349907,0.15152265284044045,5.4002133265129135,4.889072161647973,4.137640315989933e-08,1.401752409590176e-07
P4,Cn_minus,75.0,3.869530535403036,0.017757083907351614,273.2039045312948,22.63562060351929,222.90123768236953,27.667046245406016,0.49887489445406796,0.4145048632480697,0.15112472379221056,5.398522527962892,4.885099524319468,4.156299113773028e-08,1.4232310953008634e-07
P4,Cn_minus,76.0,3.8587842763527735,0.01787654629215268,280.3810887567772,22.737011385101468,229.80912780123333,27.83494957044241,0.49846918387043526,0.41437509561419866,0.1507214185830769,5.396832430796447,4.88112671149375,4.1749162492612085e-08,1.445116371333121e-07
P4,Cn_minus,77.0,3.847894580705584,0.01799812266984276,287.7990135347684,22.838173802801517,236.9579777711041,28.00286196086277,0.49806345138180325,0.41424538013093104,0.15031277005002922,5.395143012840869,4.877153684169162,4.1934914531135157e-08,1.4674214101169058e-07
P4,Cn_minus,78.0,3.8368566661859873,0.01812188189944152,295.468336313479,22.939100103579694,244.35845447702852,28.170781732870825,0.4976577010567868,0.41411571763700555,0.14989859966246113,5.393454285019913,4.873180482186529,4.2120233017351305e-08,1.4901598870996547e-07
P4,Cn_minus,79.0,3.8256667343886126,0.01824788256202993,303.39928058573526,23.03978864032764,252.02078442889842,28.33870751650922,0.49725193620566105,0.4139861086959565,0.14947876562144757,5.3917662546730645,4.869207137960841,4.230511492687913e-08,1.5133429689141238e-07
P4,Cn_minus,80.0,3.8143234160254487,0.01837615023689338,311.6000107208309,23.140224901369347,259.9531494405398,28.506636378921794,0.49684616391518727,0.413856555049098,0.14905321683288864,5.390078944479248,4.865233720887319,4.248953361372238e-08,1.5369747243818552e-07
P4,Cn_minus,81.0,3.8028048680765965,0.018506812867877757,320.08713190963005,23.240420850412743,268.1721444483903,28.67456661082695,0.4964403883155614,0.41372705741238547,0.1486211378111658,5.388392363763083,4.861260271409806,4.2673511045358596e-08,1.5610830788216757e-07
P4,Cn_minus,82.0,3.7911146170832764,0.018639958423874108,328.8738419323057,23.34037288901649,276.69097489416197,28.84249414912728,0.49603461922458564,0.41359761828274166,0.14818266028868612,5.386706545044561,4.8572868856665155,4.285704061441488e-08,1.5856841334654202e-07
P4,Cn_minus,83.0,3.779246081493588,0.018775670774942056,337.9739806185954,23.440081206277405,285.523482528999,29.01041688331903,0.49562886174194276,0.41346823859244736,0.1477375385807798,5.385021500465731,4.853313613594733,4.304012266810636e-08,1.6107943583741483e-07
P4,Cn_minus,84.0,3.767203682704074,0.018913955907870986,347.395528005901,23.53952859710452,294.67766200814896,29.178337400647532,0.49522310961598287,0.4133389155661092,0.1472859376877893,5.383337193879796,4.849340393976842,4.322272561485195e-08,1.6364125124606647e-07
P4,Cn_minus,85.0,3.754974712815949,0.019054983677507666,357.1598789371159,23.638727461425642,304.17489815921385,29.346253316476417,0.4948173686087849,0.41320965026942286,0.14682738320708014,5.381653639166404,4.845367283236466,4.340487222310578e-08,1.662573559557104e-07
P4,Cn_minus,86.0,3.7425505880449688,0.01919887430493077,367.2853363992372,23.73768010899437,314.0334948478433,29.514161442399566,0.4944116464246043,0.4130804442809136,0.14636155471825574,5.379970856884313,4.8413943568154725,4.358656673398279e-08,1.6893015092135586e-07
P4,Cn_minus,87.0,3.7299225078465277,0.019345750897477955,377.7911656355284,23.836386504895014,324.27272002798077,29.682059102652627,0.4940059495289825,0.412951298698372,0.14588812371128768,5.378288861331173,4.837421678025957,4.3767809083371614e-08,1.7166208813555978e-07
P4,Cn_minus,88.0,3.7170817124311486,0.0194957359436377,388.69734941858616,23.93484419827981,334.91256189767836,29.849943322627997,0.4936002851095664,0.4128222147532638,0.14540676320719512,5.376607668545631,4.833449317251034,4.394859477108354e-08,1.744555950659019e-07
P4,Cn_minus,89.0,3.7040072145076812,0.019648938453472767,400.0242018589022,24.033044373635864,345.97334803766796,30.017809447598392,0.4931946644137336,0.4126931948630363,0.14491668986007628,5.374927310012583,4.829477384627655,4.412890761028234e-08,1.7731297068647565e-07
P4,Cn_minus,90.0,3.6906958974563007,0.019805512684488775,411.795570884131,24.130985921305893,357.47892823922746,30.18565672359769,0.4927890892633185,0.4125642383424661,0.14441778732772237,5.373247776807664,4.825505897995647,4.430874556344153e-08,1.802371898200117e-07
P4,Cn_minus,91.0,3.677141763635842,0.019965619659894712,424.03703802687846,24.2286653418278,369.4548903822086,30.353482302842067,0.4923835665395191,0.4124353459870114,0.14390983174261507,5.37156907929094,4.82153492473731,4.4488102204931595e-08,1.8323139735757487e-07
P4,Cn_minus,92.0,3.6633332757749915,0.020129420859825588,436.77565246242375,24.32607186748083,381.9283023197177,30.521278275225203,0.4919781153557976,0.4123065223086668,0.14339239253426322,5.3698912762267526,4.817564652016129,4.466695776331839e-08,1.8629882039534334e-07
P4,Cn_minus,93.0,3.6492567839869556,0.02029710456448271,450.0419949376467,24.423196576646333,394.929760114085,30.689038246915366,0.4915727511617897,0.41217777051973326,0.14286496027168383,5.368214409452195,4.8135952311185495,4.484529585693677e-08,1.8944324079224234e-07
P4,Cn_minus,94.0,3.634900947394406,0.020468825423339183,463.8649501401241,24.5200200511696,408.4881740547985,30.85675603415604,0.49116748889951917,0.41204909357312436,0.14232711170507828,5.366538517426093,4.809626808360356,4.502308083063036e-08,1.9266770660140208e-07
P4,Cn_minus,95.0,3.620244524956488,0.020644849906278323,478.2850371397907,24.616533647391115,422.64407940412775,31.024424088271818,0.49076234680911013,0.4119204951852023,0.14177805412046632,5.36486364855045,4.805659562353108,4.520029681311602e-08,1.9597766486724147e-07
P4,Cn_minus,96.0,3.6052628774436863,0.02082546171423843,493.3463601746476,24.712734749893823,437.4415916654916,31.192033759262177,0.49035734579185664,0.41179197997180134,0.14121686802372999,5.363189862942015,4.801693697767161,4.537693900202682e-08,1.9937891137644068e-07
P4,Cn_minus,97.0,3.589928903129553,0.021010949301798407,509.09564541943337,24.80861483887284,452.92744803745836,31.359582543102213,0.48995249189832024,0.41166354793155685,0.14064254197610526,5.3615171605830145,4.797729273851025,4.555299175349854e-08,2.0287732223008615e-07
P4,Cn_minus,98.0,3.574229243902786,0.02120164925762623,525.5857602369039,24.904162556352833,469.15453725795277,31.52706042259828,0.48954780933339076,0.4115352040722793,0.14005457754038012,5.359845606695308,4.793766527624637,4.5728434212285545e-08,2.0647959716310993e-07
P4,Cn_minus,99.0,3.5581368027828195,0.021397926959713515,542.8756117911129,24.999369436393998,486.18178546254705,31.69445689217185,0.4891433234820592,0.41140695344989403,0.13945196356474254,5.358175267127404,4.789805707663761,4.5903250833429424e-08,2.1019313415932819e-07
P4,Cn_minus,100.0,3.541622447293123,0.02160017707040865,561.0300509214043,25.094222665553314,504.0740680007774,31.861760255073573,0.4887390626075836,0.41127880168929104,0.1388336129660813,5.35650621513802,4.785847090728821,4.607741808918917e-08,2.1402591466845928e-07
P4,Cn_minus,101.0,3.5246512785130584,0.021808855453728456,580.1236000548327,25.188708246966467,522.9059334190605,32.02895838880565,0.4883350560019727,0.4111507543443873,0.13819822349097227,5.354838523061522,4.781890963654013,4.625091027885361e-08,2.1798718782344323e-07
P4,Cn_minus,102.0,3.5071830259307677,0.022024461316492393,600.2392804480597,25.282816025712442,542.760422635635,32.19604178671226,0.48793132663648614,0.4110228145152968,0.13754429241911822,5.353172231273878,4.777937551379278,4.642370875619699e-08,2.2208706761637764e-07
P4,Cn_minus,103.0,3.489171300564764,0.02224755044827532,621.4707984980648,25.37652872536914,563.7312751743798,32.36299459831595,0.4875279128111782,0.41089498951900527,0.1368700888051365,5.351507435071707,4.773987228947695,4.6595781798661684e-08,2.263368402446193e-07
P4,Cn_minus,104.0,3.4705769103139286,0.022478725701875108,643.9216119741657,25.469830265587067,585.9219821293894,32.52979957918907,0.487124856194353,0.4107672871260194,0.13617415029736624,5.349844235658299,4.770040404385033,4.6767099879890314e-08,2.3074860265152632e-07
P4,Cn_minus,105.0,3.4513539308261407,0.022718671809383296,667.7100833043388,25.562703543278655,609.4509372773969,32.69644248366332,0.4867221912083091,0.4106397158168456,0.13545476334795678,5.348182743483998,4.766097414762483,4.693763159559805e-08,2.3533610349457734e-07
P4,Cn_minus,106.0,3.4314450802221526,0.022968117652218893,692.96696108068,25.655125191501,634.4489351754487,32.86290071373027,0.4863199724573922,0.41051228563305714,0.13470979063865277,5.346523089330525,4.762158794778555,4.710733403995703e-08,2.401140208081942e-07
P4,Cn_minus,107.0,3.410791004304844,0.023227899908123534,719.8427696194012,25.74707590646409,661.0665414482314,33.0291522647058,0.485918253112278,0.4103850017132531,0.13393701746471431,5.344865340123133,4.75822506509293,4.7276171767804646e-08,2.4509913143048053e-07
P4,Cn_minus,108.0,3.3893203884133865,0.023498935162181028,748.5070012059524,25.838530653339323,689.4733010981612,33.195169454451815,0.4855171000622695,0.41025787375207434,0.1331337829103855,5.343209622125087,4.754296880701289,4.744409881078079e-08,2.503098330332748e-07
P4,Cn_minus,109.0,3.3669527006565168,0.023782252683469382,779.1532857833133,25.929463500108152,719.8628991657852,33.36092311742003,0.48511658378108496,0.41013091052870404,0.13229708213058883,5.341556049676705,4.750374931698748,4.761106755312637e-08,2.557667467181829e-07
P4,Cn_minus,110.0,3.343612285756871,0.024078991607968163,812.0007107812179,26.019845725771297,752.4544885653645,33.526376490082,0.4847167931017036,0.41000412638567413,0.13142409235939206,5.33990480957551,4.746460087958595,4.777702525802188e-08,2.6149253930526024e-07
P4,Cn_minus,111.0,3.3192090699929877,0.02439043136941024,847.3006852326639,26.10965089509983,787.499546334207,33.69148800335708,0.48431782846892585,0.40987753673336674,0.13051145284712265,5.338256102526736,4.742553333059782,4.794192338572525e-08,2.6751266012426546e-07
P4,Cn_minus,112.0,3.293635833783014,0.024718008715902046,885.3424496853729,26.198839941651766,825.287405134676,33.85620460904518,0.4839198180649435,0.4097511621402273,0.12955516316412385,5.3366101964143695,4.738655922192282,4.8105690203359774e-08,2.7385570490531366e-07
P4,Cn_minus,113.0,3.2667608189112274,0.025063340343178597,926.4596357442618,26.287375987705282,866.1517886812469,34.020471075309636,0.4835228953483446,0.40962502021069114,0.12855030722509764,5.334967320519054,4.7347691622137695,4.826825799692492e-08,2.805538204680812e-07
P4,Cn_minus,114.0,3.238472477553219,0.025428198954588907,971.0300833345623,26.375216485196166,910.4706470984079,34.18421975095833,0.48312722378703327,0.4094991370766613,0.1274927232291476,5.333327815183397,4.730894653840154,4.8429548640671606e-08,2.8764190632715984e-07
P4,Cn_minus,115.0,3.2086254309460016,0.025814551418416442,1019.4881804951899,26.462298890286338,958.6785245415035,34.34735706340001,0.4827330294836826,0.40937355207327797,0.1263769872477535,5.331692192709329,4.727034611121638,4.858944729308374e-08,2.9515876413803595e-07
P4,Cn_minus,116.0,3.177061184470211,0.026224544020649602,1072.3277428325803,26.548546918505146,1011.2694213305648,34.50977458351022,0.48234057443931816,0.40924830902487686,0.12519718604580274,5.330061023866179,4.723191599633479,4.874781388242071e-08,3.0314654401496233e-07
P4,Cn_minus,117.0,3.14361687987362,0.02666046423950803,1130.103205098118,26.63387183950375,1068.7980071370896,34.67132612152452,0.4819502118972998,0.409123474518843,0.12394724394921908,5.328435175889849,4.719369078417187,4.8904485484114784e-08,3.116499069167065e-07
P4,Cn_minus,118.0,3.108132816193033,0.027124661029980502,1193.4245830904492,26.718170626460306,1131.8745806214624,34.83183184252642,0.48156237639892624,0.40899913346425865,0.12262120339080254,5.326815754638518,4.715571302602687,4.905927292275262e-08,3.2071430925949165e-07
P4,Cn_minus,119.0,3.0704493176753918,0.027619381306257226,1262.9401078477852,26.801300727387456,1201.1477596184445,34.991047501952956,0.48117765812074204,0.4088754135730593,0.12121310841770135,5.3252044234358795,4.711804051336593,4.921191444774693e-08,3.303827787881835e-07
P4,Cn_minus,120.0,3.0304457820263577,0.02814642840737207,1339.2863956907433,26.88308368791059,1277.254664870386,35.14864713244675,0.48079684470889283,0.40875250620764547,0.11971846198093936,5.323603674591006,4.708075037433989,4.936208238539614e-08,3.4068885964953203e-07
P4,delta_SEI_plus,0.0,4.451199569939265,0.011973995307821781,48.59597573895526,14.60190541891623,21.06476675996119,12.929303560077841,0.5344862093878077,0.42436463689811166,0.17302060031817432,5.526936486132813,5.233813840427872,2.6811673342237985e-08,4.375195978831746e-08
P4,delta_SEI_plus,1.0,4.445180988588459,0.01202363018271484,49.66012186472755,14.71685256146183,21.850078735757943,13.093190567507778,0.5340902035706518,0.4242318873046603,0.17279314013933378,5.5252075518443,5.229936058942931,2.702273656646376e-08,4.456005179468356e-08
P4,delta_SEI_plus,2.0,4.439135198867528,0.012073621668133683,50.74563378374761,14.831628167614886,22.656895533573195,13.257110082559526,0.5336941192042105,0.4240991715950351,0.17256467515341828,5.523479058859652,5.2260575082850345,2.7233484819623006e-08,4.537528699656345e-08
P4,delta_SEI_plus,3.0,4.43305896015089,0.012123970881390847,51.85296866853189,14.946230051148268,23.485676831374963,13.421061786008657,0.5332979570598366,0.42396649009738174,0.17233508358563637,5.521751011452651,5.222178196007451,2.7443914087417175e-08,4.619773934077542e-08
P4,delta_SEI_plus,4.0,4.426959617234613,0.012174690492804245,52.982632677474854,15.06065867651491,24.33692850777943,13.585045493180518,0.5329017175837659,0.42383384303011473,0.17210464110091467,5.52002341246793,5.218298126479823,2.7654025222663758e-08,4.702751893898129e-08
P4,delta_SEI_plus,5.0,4.420836570176587,0.012225786049640988,54.135147348442665,15.174914630975573,25.211171510141405,13.74906120732569,0.5325054007681439,0.42370123045878544,0.17187332503178424,5.518296262759233,5.214417299625239,2.7863819303677077e-08,4.7864739240125964e-08
P4,delta_SEI_plus,6.0,4.414693213577842,0.012277223648790993,55.31005266285671,15.288948995146125,26.107995650824225,13.913108016886364,0.5321090088155991,0.42356865318307446,0.1716412626543987,5.516569572741623,5.210535737012353,2.8073206505841103e-08,4.870863393510005e-08
P4,delta_SEI_plus,7.0,4.408527202767048,0.012329029693663215,56.508377825764114,15.40278424728085,27.028410836123502,14.077182742359758,0.5317125494088735,0.4234361138426769,0.17140836584936617,5.514843376794557,5.206653513872367,2.8282228103194674e-08,4.9559787967726894e-08
P4,delta_SEI_plus,8.0,4.402336239406296,0.012381229982909048,57.73117125885416,15.516447775561657,27.973434367641396,14.241289115651103,0.531316013530436,0.4233036094870099,0.17117454822591197,5.513117636489568,5.202770541903512,2.849093438526956e-08,5.04187504730789e-08
P4,delta_SEI_plus,9.0,4.396117783770665,0.012433827761789615,58.97898793242529,15.629939798394934,28.943620207165907,14.405427926864448,0.5309193992711311,0.4231711395417133,0.17093971441347278,5.511392344346171,5.1988868024108905,2.8699325753098425e-08,5.12856198946713e-08
P4,delta_SEI_plus,10.0,4.389869366657681,0.012486828510285193,60.25244907308422,15.743260929167354,29.939588376922853,14.569599766994017,0.530522705202919,0.4230387035966106,0.17070377173968015,5.509667495022217,5.195002281410804,2.8907403332967356e-08,5.216054211070315e-08
P4,delta_SEI_plus,11.0,4.383594855536689,0.012540242524610648,61.55217018469749,15.85640999134166,30.961956908040477,14.733803285315348,0.5301259345896018,0.42290630280580693,0.17046686526538488,5.5079431035488025,5.191117010863162,2.911516496454648e-08,5.304364804542934e-08
P4,delta_SEI_plus,12.0,4.377293660779407,0.012594076552665853,62.87879089752621,15.969387084809352,32.01136478731891,14.89803902539794,0.5297290861177337,0.4227739367938504,0.1702289728178366,5.506219165036033,5.187230977906401,2.9322610831254204e-08,5.393507401636943e-08
P4,delta_SEI_plus,13.0,4.370965317689185,0.01264833745777011,64.23296628278142,16.082191846587207,33.08846739971312,15.062307036481089,0.5293321596683362,0.42264160558340647,0.16999007692697735,5.504495679779102,5.183344181375452,2.9529740266589317e-08,5.4834957318405036e-08
P4,delta_SEI_plus,14.0,4.364609365574098,0.012703032140434374,65.61536818750857,16.194823468691006,34.193938025528325,15.226606693289229,0.5289351567522842,0.42250930973920187,0.16975016028972534,5.502772655133026,5.179456636065156,2.973655178695031e-08,5.57434371593829e-08
P4,delta_SEI_plus,15.0,4.358225291573054,0.012758168026062151,67.02669753001992,16.30728204820303,35.328477018712746,15.390938463104131,0.5285380762404686,0.4223770489453685,0.1695092036460098,5.501050086983932,5.175568330919013,2.994304557059737e-08,5.6660661658871296e-08
P4,delta_SEI_plus,16.0,4.351812606441909,0.01281375237007893,68.46766783486422,16.419566690835943,36.49279908195649,15.555302062071778,0.5281409188187756,0.4222448234889067,0.16926718863774173,5.49932797906972,5.171679272653383,3.0149219975461235e-08,5.758677688193376e-08
P4,delta_SEI_plus,17.0,4.345370850777171,0.012869792226969282,69.93900659934008,16.5316745471327,37.68763670445185,15.719695347755527,0.5277436896640486,0.4221126351498688,0.16902409805215324,5.497606354573838,5.167789511961123,3.035506976943629e-08,5.8521929449179845e-08
P4,delta_SEI_plus,18.0,4.338899061141594,0.012926295083327233,71.44147701238005,16.643605493968018,38.913752364611284,15.884119153800752,0.5273463867619217,0.421980483315129,0.168779895764206,5.49588520551092,5.1638990291170925,3.0560594726442807e-08,5.946627559630812e-08
P4,delta_SEI_plus,19.0,4.332391549680849,0.01298326492488286,72.97588136805356,16.755358371542254,40.17194915811764,16.048573838393665,0.5269490092468971,0.4218483677530657,0.1685343686234302,5.49416452886432,5.160007815646137,3.076579271688411e-08,6.041998818665847e-08
P4,delta_SEI_plus,20.0,4.325849916324707,0.013040710345404848,74.54298481886397,16.866932807167192,41.46299292170359,16.2130590899932,0.5265515578717623,0.4217162887684342,0.16828757664783242,5.492444328603178,5.1561158789197234,3.0970663056438905e-08,6.138319752535711e-08
P4,delta_SEI_plus,21.0,4.319277045950086,0.013098643262406142,76.14363417835924,16.978329618509743,42.78772955938044,16.37757500046905,0.5261540324145294,0.421584246457687,0.16803962796891098,5.490724605983696,5.152223216764097,3.117520724648784e-08,6.235607990913407e-08
P4,delta_SEI_plus,22.0,4.312672268092535,0.013157073149105827,77.77871897196349,17.089549186633334,44.14704838851206,16.54212139681809,0.5257564332932317,0.42145224104495776,0.1677904974799316,5.489005363924996,5.148329833272737,3.137942598673057e-08,6.333882756774344e-08
P4,delta_SEI_plus,23.0,4.306034785060118,0.013216010877005857,79.44919661102955,17.200592754097418,45.541905744199084,16.706698112733044,0.5253587609097233,0.42132027272375394,0.16754015531526167,5.487286604947324,5.1444357323806935,3.158332155872536e-08,6.433166383860628e-08
P4,delta_SEI_plus,24.0,4.299364054854013,0.013275464656081369,81.15596123360018,17.311458880879538,46.973197270660606,16.871305082060026,0.5249610154238541,0.4211883415985048,0.1672885811940263,5.4855683304107705,5.140540915653252,3.1786891318337044e-08,6.533475167113637e-08
P4,delta_SEI_plus,25.0,4.2926564634324516,0.013335440761708952,82.89995455902987,17.422146233039612,48.44186946887159,17.03593885711867,0.5245632051663728,0.42105645048439316,0.16703563981959207,5.483850576980351,5.136645464667053,3.19901328162164e-08,6.634827428644875e-08
P4,delta_SEI_plus,26.0,4.285911032701502,0.013395948371598507,84.68215488968778,17.53265438413173,49.94890153227999,17.200598973276062,0.5241653312599879,0.4209245998031916,0.16678129462489516,5.482133350149244,5.132749390415919,3.219304526933353e-08,6.737242113646725e-08
P4,delta_SEI_plus,27.0,4.279130555143957,0.013457000801920032,86.50358682709046,17.642983714376484,51.49531420775489,17.365288904959094,0.5237673853093221,0.4207927868215058,0.16652565020156096,5.480416614317647,5.128852610690353,3.239562937584048e-08,6.840739303617881e-08
P4,delta_SEI_plus,28.0,4.272314128109331,0.01351860823949906,88.36531194114092,17.75313116701994,53.08217144431054,17.53000932981044,0.5233693656769641,0.420661011047853,0.16626867277343482,5.478700363084478,5.124955109456442,3.2597879522998e-08,6.945340209419891e-08
P4,delta_SEI_plus,29.0,4.265461150421186,0.0135807799231155,90.26837158622472,17.863096681474868,54.710514680679736,17.694760224070112,0.522971272420326,0.4205292725475043,0.1660103398661082,5.476984597299826,5.121056887276379,3.2799795599557244e-08,7.051062821001726e-08
P4,delta_SEI_plus,30.0,4.258570786188531,0.013643527754301915,92.21392487618087,17.972883325193624,56.38150016915518,17.859541381832052,0.5225731060369457,0.4203975715365406,0.1657506202236727,5.475269319777938,5.117157949022171,3.300138323790166e-08,7.157930831816219e-08
P4,delta_SEI_plus,31.0,4.251642221811081,0.013706863310293044,94.20315377591156,18.082491072467402,58.096310097990326,18.024352605453828,0.5221748670043934,0.42026590822491183,0.16548948343039344,5.473554533253205,5.113258299370297,3.3202642390825364e-08,7.265967628969745e-08
P4,delta_SEI_plus,32.0,4.244674728867304,0.013770797356863086,96.23723906765588,18.19191932312282,59.85612608236722,18.18919366216584,0.5217765558851183,0.4201342828397107,0.1652269022640454,5.47184024068329,5.10935794382839,3.3403571956304186e-08,7.375194645570288e-08
P4,delta_SEI_plus,33.0,4.237667543524012,0.013835341130860143,98.31740842820716,18.301167480507203,61.662176974524186,18.354063973175762,0.5213781740776762,0.4200026958817789,0.1649628481844383,5.4701264485911665,5.105456896091436,3.360417083877858e-08,7.4856343700051e-08
P4,delta_SEI_plus,34.0,4.230617004575503,0.013900503871758474,100.44493263583863,18.41023615856908,63.51573331484535,18.518963162424203,0.5209797224907523,0.41987114768402894,0.16469718422354251,5.468413161312699,5.101555165057493,3.380444016556633e-08,7.597309902641105e-08
P4,delta_SEI_plus,35.0,4.223517142727037,0.013966293564841834,102.62113381169956,18.519127805330754,65.41811530607785,18.68389070029096,0.5205812024040862,0.4197396387109249,0.16442968708370415,5.466700384897078,5.097652763258071,3.400438443166808e-08,7.710245345231619e-08
P4,delta_SEI_plus,36.0,4.216374294573151,0.014032728509646972,104.84737643267027,18.62783951173182,67.37069066535462,18.848846255583844,0.520182614617949,0.4196081692682853,0.16416059398268168,5.464988123327293,5.09374969852961,3.420399829553593e-08,7.824465566267501e-08
P4,delta_SEI_plus,37.0,4.209190114508294,0.014099822745371427,107.12504437433168,18.736369870447152,69.37484480989836,19.01382969398617,0.5197839594568947,0.4194767394813206,0.16388996687159624,5.463276378234088,5.0898459740502195,3.440327917307275e-08,7.939994400453513e-08
P4,delta_SEI_plus,38.0,4.201961901348656,0.014167589879302086,109.4556754235112,18.8447196302317,71.43211500366043,19.178840789619077,0.5193852374667222,0.41934534956029246,0.1636177047278927,5.461565152355917,5.085941595164488,3.46022284391247e-08,8.056862248877217e-08
P4,delta_SEI_plus,39.0,4.194688156822083,0.014236043919890022,111.8408249591992,18.95288903759322,73.54405681595587,19.343879105650103,0.5189864497029647,0.4192139998909361,0.16334375155505548,5.459854450716607,5.082036572208446,3.480084654632346e-08,8.175098143512244e-08
P4,delta_SEI_plus,40.0,4.187363307212405,0.014305195025245894,114.28207664275884,19.06087632995098,75.71225820783374,19.508942104974114,0.5185876022961168,0.41908269251741204,0.16306789894311635,5.458144299939358,5.078130965213329,3.499913025826e-08,8.294730567941114e-08
P4,delta_SEI_plus,41.0,4.179990838821547,0.014375061078845165,116.7810482079454,19.168682318821748,77.93833356039913,19.67403232872452,0.5181886891059503,0.41895142543962405,0.16279027735356685,5.456434673974862,5.074224714052584,3.519708106502221e-08,8.415787126691849e-08
P4,delta_SEI_plus,42.0,4.1725730635561185,0.014445628315082787,119.33818815090956,19.27628721631608,80.22275022810399,19.839150706489484,0.5177897078862693,0.418820197936787,0.16251097329642558,5.454725563435597,5.070317796730941,3.5394662632555554e-08,8.538232115588079e-08
P4,delta_SEI_plus,43.0,4.165106776316714,0.014516935091254481,121.95620474134498,19.383706848391277,82.56820257573177,20.004295317221924,0.5173906632789661,0.41868901155676624,0.16222986695642833,5.453016988481001,5.06641025870289,3.559190402010848e-08,8.662147987548588e-08
P4,delta_SEI_plus,44.0,4.157590245143193,0.014589004173079304,124.63721949241106,19.49094536113882,84.9768089590614,20.169465172210845,0.516991557673097,0.41855786709902415,0.16194689362260267,5.451308959523294,5.06250212336263,3.5788812840636085e-08,8.787582050049885e-08
P4,delta_SEI_plus,45.0,4.1500222608387745,0.014661852479977285,127.38315535616456,19.598001536007914,87.45049166419027,20.334662155966388,0.5165923865150553,0.418426763077768,0.1616620081085031,5.449601457211471,5.058593346120181,3.5985386856664246e-08,8.914568194662682e-08
P4,delta_SEI_plus,46.0,4.142400980847298,0.014735504204148953,130.19631740367157,19.704878828019627,89.99155307041062,20.499885505241338,0.5161931516491016,0.4182957001076629,0.16137514157978758,5.447894489550948,5.054683945034971,3.6181632412220907e-08,9.043156719254342e-08
P4,delta_SEI_plus,47.0,4.134723018671355,0.014810000545641912,133.0798576034505,19.81159030234379,92.60313261115346,20.665134689953263,0.5157938543560923,0.4181646786145042,0.161086167483836,5.446188062087294,5.050773932649448,3.637757349726188e-08,9.17343573923183e-08
P4,delta_SEI_plus,48.0,4.126988503895905,0.014885328145657156,136.03457578391624,19.918111724661316,95.28605446492271,20.830409594332217,0.5153944949157662,0.4180336986857023,0.1607950907380163,5.444482175958945,5.046863311702879,3.657316561330368e-08,9.305374495286326e-08
P4,delta_SEI_plus,49.0,4.119186932630508,0.014961497918739042,139.0626729284065,20.024442746965978,98.04252101797476,20.995709163465772,0.5149950758771445,0.41790276114993097,0.16050151874397858,5.442776841958571,5.042952107155876,3.676840812134551e-08,9.439009404949458e-08
P4,delta_SEI_plus,50.0,4.111327345590152,0.01503853743507463,142.16645237854948,20.130584772664847,100.8748346399741,21.161032965910536,0.5145955982827389,0.41777186634121016,0.1602057895827142,5.441072064436455,5.039040329216954,3.696330359829024e-08,9.574378708755428e-08
P4,delta_SEI_plus,51.0,4.10340850170675,0.015116466686054793,145.3483163459535,20.236536433225375,103.78539937286287,21.326380539865248,0.5141960632484156,0.41764101461119374,0.15990785692052545,5.439367847972549,5.035127988812938,3.715784953127077e-08,9.711522356253427e-08
P4,delta_SEI_plus,52.0,4.095425322252656,0.015195301290552408,148.6106913226634,20.34229242203682,106.7766526630001,21.491746237626476,0.5137964844209147,0.4175102104253186,0.1596075310471424,5.437664250724823,5.031215219575896,3.735203617641398e-08,9.850478668432186e-08
P4,delta_SEI_plus,53.0,4.087379206377413,0.015275070407387261,151.95641561863908,20.447857218378683,109.85142362008033,21.657134780180083,0.5133968503927557,0.41737945000821947,0.15930486427252477,5.435961223522816,5.027301909801112,3.7545871758466943e-08,9.991300673082306e-08
P4,delta_SEI_plus,54.0,4.079269417016503,0.015355793927920018,155.3880761245137,20.5532283037465,113.01230133516276,21.822546485604455,0.5129971603953548,0.4172487330800515,0.1589998290998175,5.434258762721822,5.023388051962434,3.773935165301133e-08,1.0134026677870577e-07
P4,delta_SEI_plus,55.0,4.071094416976327,0.015437494015474158,158.90846135752136,20.658405576212356,116.26207404728808,21.987981734020927,0.5125974135102117,0.4171180593081988,0.15869236812606935,5.432556863989844,5.019473637065694,3.7932475672889506e-08,1.0278700622048738e-07
P4,delta_SEI_plus,56.0,4.062852558148762,0.015520193820497923,162.52051651216152,20.763381227002142,119.60369553999203,22.15343974516735,0.5121976116227007,0.4169874292704405,0.15838241981944065,5.430855534851893,5.015558683572917,3.8125229479815176e-08,1.0425370145132945e-07
P4,delta_SEI_plus,57.0,4.054542150812887,0.015603917734584628,166.22730034446613,20.868157337799246,123.04022325577577,22.31891975089111,0.5117977565889354,0.4168568435281312,0.1580699210956787,5.429154782619063,5.0116432096596,3.831761689612612e-08,1.057408358563016e-07
P4,delta_SEI_plus,58.0,4.046161447328603,0.015688690868320948,170.03199872741408,20.972734620610186,126.5748428206176,22.484421286186304,0.5113978495325257,0.4167263023962702,0.15775480670528025,5.427454611393918,5.007727226328393,3.8509639229191875e-08,1.0724890881194787e-07
P4,delta_SEI_plus,59.0,4.037708631193813,0.015774539187334256,173.93793915588424,21.077112068561153,130.21088330859197,22.649943778731124,0.5109978918363922,0.4165958062672489,0.1574370088295445,5.425755026286971,5.0038107471211815,3.870129463021456e-08,1.0877844001907413e-07
P4,delta_SEI_plus,60.0,4.029181814990071,0.01586148964221394,177.94859504304486,21.181288976603195,133.95181915387843,22.81548691256326,0.5105978842640058,0.4164653553256519,0.15711645699965116,5.424056029702258,4.999893779514047,3.8892581804599976e-08,1.103299679021156e-07
P4,delta_SEI_plus,61.0,4.020575831413777,0.01594956742068959,182.06757587375347,21.285264164860678,137.80126151493366,22.981050193959135,0.5101978280083675,0.4163349498913273,0.1567929582186643,5.422357625805489,4.995976335189137,3.9083498585888395e-08,1.119040437772368e-07
P4,delta_SEI_plus,62.0,4.0118817117993535,0.01603879215111917,186.29845644063462,21.38903357606387,141.76279112259886,23.14663174197191,0.5097977276144742,0.4162045913492339,0.1564661775233696,5.4206598326344055,4.99205845865212,3.927403752421709e-08,1.1350116297469594e-07
P4,delta_SEI_plus,63.0,4.003103134369724,0.01612920057244551,190.6453055177859,21.492601367498686,145.8404762746932,23.312227875594044,0.5093975919768708,0.41607428250538114,0.1561362524507604,5.418962686734549,4.98814023700046,3.946420625309613e-08,1.1512197213140055e-07
P4,delta_SEI_plus,64.0,3.99424231825367,0.0162208286041475,195.11231335950885,21.595969442437006,150.0385012154844,23.47784270158746,0.5089974111722474,0.4159440200288334,0.15580326590246996,5.417266144723725,4.984221573062786,3.965400826726833e-08,1.1676711293868908e-07
P4,delta_SEI_plus,65.0,3.9852974317220533,0.016313707897852085,199.70375153812986,21.69913549908145,154.36113966371647,23.643476375331954,0.5085971848251543,0.41581380367359416,0.15546714949167828,5.415570203398068,4.98030246316261,3.9843439340227776e-08,1.1843721102434139e-07
P4,delta_SEI_plus,66.0,3.9762665939973516,0.01640787158456334,204.42410116545207,21.802098841363243,158.81287490138598,23.80912742270287,0.5081969164975696,0.41568363446504814,0.15512783301870045,5.413874876112216,4.976382942179651,4.0032498193869454e-08,1.2013292118964074e-07
P4,delta_SEI_plus,67.0,3.9671466154672657,0.01650335430259986,209.27813251470522,21.904853906327634,163.39848363916627,23.974794969211302,0.507796608302551,0.4155535129813974,0.1547851973931401,5.412180170396689,4.972463030805464,4.022117461362743e-08,1.218549553221451e-07
P4,delta_SEI_plus,68.0,3.9579350080201188,0.01660019186048416,214.27076400972635,22.007403141324108,168.1228825365695,24.14047833183273,0.5073962618905142,0.41542343961528566,0.1544391497279831,5.4104860913652875,4.968542745201307,4.0409473093266933e-08,1.2360402056342513e-07
P4,delta_SEI_plus,69.0,3.9486291767434896,0.016698421559956246,219.40715333589588,22.109748913014005,172.99122773535774,24.30617668752413,0.5069958792502064,0.41529341485591215,0.15408959315118467,5.408792645389358,4.964622104841455,4.059739797839556e-08,1.2538085420051163e-07
P4,delta_SEI_plus,70.0,3.9392264196697724,0.016798081991073133,224.69270699145684,22.211890289016086,178.0089273431313,24.471889359309465,0.506595462017428,0.41516343906319936,0.1537364267928531,5.407099837156538,4.960701125744049,4.078494755699691e-08,1.2718622446360223e-07
P4,delta_SEI_plus,71.0,3.9297235167972193,0.01689921285713197,230.13308710867068,22.31382595378308,183.18164588344342,24.63761527144418,0.5061950127915377,0.41503351289390084,0.15337953044483113,5.405407675220407,4.956779833362615,4.097211941349421e-08,1.290209282853399e-07
P4,delta_SEI_plus,72.0,3.9201126798271395,0.01700185150327698,235.7341984284303,22.415552322193655,188.5152958970605,24.80335020917613,0.5057945417567861,0.4149036394495322,0.15301861335373726,5.403716199975185,4.9528583274237175,4.1158906964972466e-08,1.3088578464300294e-07
P4,delta_SEI_plus,73.0,3.910385117276154,0.017106037515581818,241.50225917954407,22.517068102321527,194.01609311821647,24.969097959006067,0.5053940397637211,0.4147738155443697,0.15265334723649934,5.4020253699299206,4.948936518333782,4.13453078392272e-08,1.327816500812093e-07
P4,delta_SEI_plus,74.0,3.9005474183954276,0.01721182269806178,247.443792057622,22.618374044154514,199.69056012959535,25.134857883872154,0.5049935083516972,0.4146440414437063,0.1522839781957583,5.400335188539798,4.945014421166527,4.153132341336831e-08,1.347094153987355e-07
P4,delta_SEI_plus,75.0,3.890597695436605,0.01731925440254301,253.56563089582176,22.71946827950842,205.5455340114851,25.30062860482822,0.5045929508527095,0.41451431797312915,0.15191043578137436,5.398645666557284,4.941092068549628,4.1716950257080144e-08,1.3667000376440563e-07
P4,delta_SEI_plus,76.0,3.8805325719729784,0.017428380941783388,259.8749557831264,22.820348326986963,211.58819894324853,25.466408512890915,0.5041923711545998,0.4143846461121119,0.15153259395837262,5.396956816739072,4.937169498553739,4.190218381408157e-08,1.386643769941111e-07
P4,delta_SEI_plus,77.0,3.87034797052646,0.017539262946351927,266.37999965019503,22.921014968765228,217.82678817284324,25.63219650858657,0.5037917719140642,0.4142550264319133,0.15115030051304995,5.395268646525251,4.9332467371938495,4.208702552058395e-08,1.4069375728030983e-07
P4,delta_SEI_plus,78.0,3.8600451909318076,0.01765189354501544,273.08462752450254,23.02144555011224,224.26519132377567,25.79799065061461,0.5033911578219341,0.414125460158065,0.15076360400442676,5.393581171877178,4.9293238304036775,4.227143377850616e-08,1.4275788967698784e-07
P4,delta_SEI_plus,79.0,3.849616486118364,0.01776636796399586,279.99991927198363,23.121648964722162,230.9144804490318,25.963789858229653,0.5029905314896518,0.4139959477724148,0.15037221520971242,5.39189439907045,4.925400803755074,4.245542491823904e-08,1.4485876151644427e-07
P4,delta_SEI_plus,80.0,3.8390525706426564,0.017882745742327302,287.1350073012923,23.2216288093793,237.7837853294075,26.129593162505486,0.502589895258467,0.4138664896562151,0.14997578749290857,5.390208333070512,4.921477680174106,4.2639005544112856e-08,1.469976195863869e-07
P4,delta_SEI_plus,81.0,3.828353892721173,0.018001088868820715,294.4990685068728,23.321384189670216,244.88228256895596,26.29540174824662,0.5021892462654958,0.41373708448532903,0.1495743375827805,5.388522956631768,4.917554431626742,4.28221740138268e-08,1.491756250372345e-07
P4,delta_SEI_plus,82.0,3.8175165518320378,0.018121459365846845,302.1018033459423,23.420912857376972,252.21967629434712,26.461214194218197,0.5017885879449169,0.4136077329405889,0.14916771988315855,5.386838278621395,4.913631091741266,4.30049261992563e-08,1.5139400074589553e-07
P4,delta_SEI_plus,83.0,3.8065257420200345,0.018243912705751344,309.953253838107,23.520212150171908,259.8060125507946,26.627029137140482,0.50138792359087,0.413478435620816,0.14875538170530836,5.3851543068384595,4.909707692774662,4.318725721189825e-08,1.5365396888947612e-07
P4,delta_SEI_plus,84.0,3.795385793971391,0.018368520949435523,318.06412707292685,23.61927950701526,267.65200428118584,26.792843284725723,0.5009872611586235,0.41334919459148495,0.14833748476105968,5.383471068183759,4.905784312626775,4.336916234923204e-08,1.5595684246379933e-07
P4,delta_SEI_plus,85.0,3.7840934890175455,0.01849535500988125,326.4457245274789,23.718117394171106,275.7689519948534,26.958655138454386,0.5005866042691015,0.41322001047788864,0.14791390890915126,5.381788570801123,4.901860986754541,4.355064613975341e-08,1.5830399252288015e-07
P4,delta_SEI_plus,86.0,3.7726434715101926,0.01862448151030378,335.1095390224651,23.81672322733033,284.1683534284321,27.12446236670267,0.500185958556287,0.41309088450574855,0.14748445424729215,5.380106830654383,4.89793777032724,4.373170383821511e-08,1.606967299292421e-07
P4,delta_SEI_plus,87.0,3.761031207167376,0.018755916287302343,344.06366464490355,23.915076692064535,292.85832888357703,27.290259069262,0.499785338277057,0.4129618206089965,0.14704895157690615,5.378425898979172,4.894014802951539,4.391229814374421e-08,1.631353104548612e-07
P4,delta_SEI_plus,88.0,3.749252082998492,0.018889787076971486,353.3247533009576,24.013190891357734,301.8555126967263,27.456049712873572,0.49938473263827104,0.41283281464705696,0.1466072286315833,5.376745721848523,4.890091978938488,4.409245311573003e-08,1.6562227264074364e-07
P4,delta_SEI_plus,89.0,3.737300656424166,0.019026174435396684,362.9065939040345,24.11106276080276,311.17369876924363,27.62183237398807,0.4989841462878675,0.41270386740060927,0.14615908225828889,5.375066309430025,4.886169343801783,4.427216312738062e-08,1.6815919702978106e-07
P4,delta_SEI_plus,90.0,3.725172084443207,0.019165150717488047,372.8228073847297,24.208685246311017,320.8265186060196,27.78760353239906,0.4985835877318424,0.4125749808110972,0.1457043317015668,5.373387687009094,4.882246980834127,4.4451415226145345e-08,1.7074748406926611e-07
P4,delta_SEI_plus,91.0,3.712854324138353,0.019306866025554256,383.09397050356296,24.306066137795636,330.8345441897179,27.953360176049376,0.49818306424833314,0.4124461563205651,0.14524252747503105,5.371709873366954,4.878324961304739,4.463022371567844e-08,1.733902245179657e-07
P4,delta_SEI_plus,92.0,3.7003285538540887,0.019451429715209374,393.7385610457594,24.403199405720922,341.21626269822565,28.11909894181286,0.49778258396377717,0.4123173955824241,0.14477296711511153,5.370032890037677,4.874403364789596,4.480857752468908e-08,1.7608973698595385e-07
P4,delta_SEI_plus,93.0,3.687595623380026,0.019598957322208007,404.7753329133444,24.500080677072283,351.990436580679,28.284815655593174,0.4973821569641872,0.4121887007885086,0.14429568236723098,5.368356765567773,4.870482290053289,4.498646862355132e-08,1.7884821740780278e-07
P4,delta_SEI_plus,94.0,3.6746438574716778,0.019749583955104698,416.22599146056683,24.596704965626166,363.17878040974335,28.450506085197333,0.4969817934759568,0.412060074083185,0.14381023750988178,5.366681527885528,4.866561837235054,4.5163887856679396e-08,1.8166841067495179e-07
P4,delta_SEI_plus,95.0,3.661466460227447,0.019903459645015432,428.1141150798081,24.6930678864744,374.8048779574474,28.616169235886293,0.4965814959027081,0.41193151499095687,0.14331637888858026,5.365007170798063,4.86264202987172,4.534082717260865e-08,1.8455329397987474e-07
P4,delta_SEI_plus,96.0,3.6480521086464366,0.02006073779686858,440.46478407070504,24.78916142490701,386.8938215801232,28.7818010656748,0.4961812740112293,0.41180302528375745,0.14281368393193372,5.363333717383085,4.858722963601959,4.5517271854918215e-08,1.8750596190790812e-07
P4,delta_SEI_plus,97.0,3.6343878133851484,0.020221593662569433,453.30615639911633,24.884972566631436,399.4737903495653,28.947393482919562,0.49578114735363654,0.4116746097451393,0.14230166793684168,5.361661229941712,4.854804829884661,4.569319800707191e-08,1.905299831290767e-07
P4,delta_SEI_plus,98.0,3.620459625662196,0.020386211191995615,466.6683672189782,24.980489692673206,412.57493762548273,29.112939900822248,0.4953811318458374,0.4115462718727456,0.14177981038272064,5.3599897540273425,4.8508877845721114,4.586858429458366e-08,1.936290903445123e-07
P4,delta_SEI_plus,99.0,3.6062488955169774,0.02055479995343802,480.58533628433156,25.075706049338233,426.2311972617538,29.278432973239546,0.49498124523857073,0.4114180155448045,0.14124741532291346,5.358319340150125,4.846972001483692,4.604341831648011e-08,1.9680757078021703e-07
P4,delta_SEI_plus,100.0,3.5917312564050063,0.020727601985316396,495.09570411423687,25.170613890317984,440.48122383796925,29.44386638594958,0.4945815027891083,0.41128984363603444,0.14070357347792037,5.3566500257504694,4.843057630022174,4.621768584917278e-08,2.0007042016100893e-07
P4,delta_SEI_plus,101.0,3.5768922221819373,0.02090487881494127,510.24128950681825,25.26520089779698,455.3668614104303,29.60922719859095,0.4941819357656907,0.411161763983079,0.14014774438208677,5.354981912893034,4.839144976373473,4.6391364274980225e-08,2.0342292514417094e-07
P4,delta_SEI_plus,102.0,3.56171469502401,0.02108691338757197,526.0678473441097,25.359463213690187,470.9338717066794,29.774512423740212,0.49378255138693206,0.41103377648468936,0.13957928998306787,5.353315000259151,4.835234111223945,4.656444650977798e-08,2.0687077804231971e-07
P4,delta_SEI_plus,103.0,3.546176423105256,0.021274012710460113,542.6259186509125,25.453390938295144,487.23281386434877,29.93971384826847,0.4933833694984984,0.4109058848353668,0.1389973799634773,5.351649335966105,4.831325228906991,4.673691437596655e-08,2.1042020939500068e-07
P4,delta_SEI_plus,104.0,3.530251906675422,0.021466517709384902,559.9719826825317,25.54696998853387,504.32019243135295,30.10482026264487,0.49298441718636504,0.41077809475854205,0.13840106284773904,5.349984994556013,4.827418594654807,4.690874201453126e-08,2.1407815954786672e-07
P4,delta_SEI_plus,105.0,3.5139115570831607,0.021664822178808833,578.1706995541772,25.64019097410348,522.2606883785377,30.269820201536056,0.49258572215461155,0.4106504118435072,0.13778923458787906,5.348322048823964,4.823514479752214,4.707991218322006e-08,2.1785265256542596e-07
P4,delta_SEI_plus,106.0,3.497118780101971,0.021869364533545904,597.2948484989845,25.73304215965019,541.1271051519495,30.43470118738476,0.49218731455318904,0.41052284208036044,0.13716052973747875,5.346660576785161,4.819613179434578,4.725040333385393e-08,2.217526548790507e-07
P4,delta_SEI_plus,107.0,3.4798295153575274,0.022080607736991595,617.4237996584178,25.8255106031361,560.9988367757674,30.59945227951437,0.491789220818431,0.41039538981253637,0.13651330423869992,5.345000635008612,4.815714952572653,4.742019170256899e-08,2.257876399962669e-07
P4,delta_SEI_plus,108.0,3.4620156680492657,0.02229907342217942,638.6464980827532,25.917584370442434,581.9648501845975,30.764063527713205,0.49139146499337644,0.41026806063247173,0.13584650983555846,5.3433422963303645,4.811820034601493,4.758925537621864e-08,2.2996808099117136e-07
P4,delta_SEI_plus,109.0,3.4436401526811253,0.022525291654091575,661.0581343461613,26.00924203415465,604.120372718208,30.928519593798523,0.49099408414020423,0.41014086314516046,0.13515876283394923,5.341685672822091,4.807928788442615,4.775755501029112e-08,2.3430465916999571e-07
P4,delta_SEI_plus,110.0,3.424658680791454,0.022759859187739123,684.7667425980133,26.10045972857494,627.5734825421882,31.092800327250096,0.49059712694931,0.41001380583255004,0.13444841076820802,5.340030874952906,4.804041690883747,4.792504678315664e-08,2.3880943227485617e-07
P4,delta_SEI_plus,111.0,3.4050173262432364,0.023003463357944298,709.8968584406069,26.19122244892766,652.4487553190967,31.256880672582575,0.49020065396312545,0.4098868982398457,0.13371344157523216,5.33837802703982,4.800159334770528,4.8091703143401076e-08,2.4349631174669606e-07
P4,delta_SEI_plus,112.0,3.384652530239497,0.023256843459690656,736.5865313219581,26.28150628201043,678.8842859256849,31.420739114262723,0.4898047171703741,0.40976014757199747,0.13295148373258617,5.3367272229202944,4.796282229188683,4.825748018216784e-08,2.4838025118376323e-07
P4,delta_SEI_plus,113.0,3.3635095319102817,0.023520829461251367,764.992092329992,26.371288072070477,707.0364544965527,31.58434976136895,0.48940937913218097,0.4096335631337878,0.1321604940565985,5.335078583780069,4.792410986751365,4.8422335381411425e-08,2.53477892175227e-07
P4,delta_SEI_plus,114.0,3.3415250420782714,0.023796328874797722,795.2888987674178,26.460548078728806,737.0806657999265,31.74768488876249,0.4890147068417532,0.4095071551263065,0.13133811115922142,5.333432242478413,4.788546263471713,4.858623249431484e-08,2.5880740223327835e-07
P4,delta_SEI_plus,115.0,3.318620989517053,0.024084347701825097,827.6759050514246,26.549259454302952,769.2159387751275,31.910706821994193,0.488620791333159,0.4093809399286194,0.13048142218634642,5.331788412336721,4.784688950776591,4.874912222379859e-08,2.6438896281698725e-07
P4,delta_SEI_plus,116.0,3.29471791001751,0.024386007977867052,862.3792142161036,26.637391719742137,803.6684465162972,32.07337598006431,0.4882277282473305,0.4092549327149899,0.1295874623002496,5.33014729098501,4.780839985204351,4.891094860495058e-08,2.702449844881952e-07
P4,delta_SEI_plus,117.0,3.269713994852057,0.02470255516215218,899.656436975166,26.724909618922407,840.6958850325636,32.235642323679905,0.48783563849593364,0.40912915336498606,0.12865243299581583,5.32850913733531,4.7770005507502775,4.907164690130994e-08,2.764003856613699e-07
P4,delta_SEI_plus,118.0,3.2435142013882508,0.02503536270429507,939.7991317988883,26.81177143994738,880.5899164740973,32.39744388484359,0.48744467181437345,0.40900362914955785,0.12767278837013443,5.32687430656521,4.77317211365844,4.923114052247916e-08,2.828824716130751e-07
P4,delta_SEI_plus,119.0,3.21601457356113,0.025385931380447035,983.1365103011948,26.8979299133999,923.6798628280965,32.55871755969842,0.48705498068267156,0.4088783857570244,0.12664464991215524,5.325243133240071,4.769356167048836,4.938934267347257e-08,2.897209640598831e-07
P4,delta_SEI_plus,120.0,3.1870930595685594,0.025755902243470102,1030.0417281861714,26.983314921437486,970.3390394607721,32.719373803961936,0.48666678146975983,0.4087534635443759,0.12556346414552833,5.323616142970424,4.7655548296566,4.954612460556634e-08,2.969483634643874e-07
P4,delta_SEI_minus,0.0,4.451199569939266,0.011950549146899903,48.30682909699652,14.31275877695749,21.06476675996119,12.929303560077841,0.5344862093878077,0.42436463689811166,0.17302060031817432,5.526936486132813,5.233813840427872,2.628074911763921e-08,4.375195978831746e-08
P4,delta_SEI_minus,1.0,4.445180877062312,0.012000171573328515,49.37108719219507,14.427722435152926,21.850209820928878,13.093154936113267,0.5340902896680169,0.4242319161574947,0.17279313626200737,5.525207927624394,5.229936902028445,2.649184266751056e-08,4.45601854590359e-08
P4,delta_SEI_minus,2.0,4.4391342605537725,0.012050152344842502,50.45676864292879,14.542516974494646,22.657212949326308,13.257038719107841,0.5336942916421752,0.4240992293562636,0.172564640549622,5.523479811143452,5.226059196837873,2.6702625685342987e-08,4.537560484197235e-08
P4,delta_SEI_minus,3.0,4.433057680352541,0.01210049157933696,51.56428698038875,14.657137860250671,23.486194495697703,13.420954624440379,0.5332982159980226,0.4239665767940291,0.1723350364902876,5.521752140592127,5.222180731590666,2.6913089844568905e-08,4.61982484764039e-08
P4,delta_SEI_minus,4.0,4.4269580113048335,0.012151200874252767,52.69413446140677,14.771584890395427,24.337647072615162,13.58490249839618,0.5329020631069853,0.4238339586628834,0.17210458209970636,5.520024918472231,5.218301509923916,2.712323477423372e-08,4.702821319405088e-08
P4,delta_SEI_minus,5.0,4.420834722226287,0.012202285199456214,53.84681783704735,14.885858006421408,25.21207758197152,13.748882248654418,0.5325058331921412,0.4237013751044187,0.17187325729156694,5.518298146627866,5.214421534022053,2.7333060366907343e-08,4.7865599344984814e-08
P4,delta_SEI_minus,6.0,4.414690795921589,0.012253714877397784,55.021981347758334,14.999913810253865,26.109173331717894,13.91289420578658,0.532109525454719,0.42356882592006184,0.1716411738749482,5.516571822472809,5.210540796063323,2.7542486936071438e-08,4.870973249857152e-08
P4,delta_SEI_minus,7.0,4.408524376796647,0.012305511308382934,56.22053303600575,15.113767240542654,27.029832830406317,14.07693296505678,0.5317131529543682,0.42343631554322503,0.17140826210744467,5.514846003747941,5.206659423930865,2.7751541911721514e-08,4.9561091647929815e-08
P4,delta_SEI_minus,8.0,4.402333018963181,0.012357701827534413,57.44355793401902,15.22744863006416,27.97510627110654,14.24100303284832,0.5313167048021595,0.4233038403973757,0.1711744300528069,5.513120643872405,5.202777310997739,2.7960280990184093e-08,5.042025715300643e-08
P4,delta_SEI_minus,9.0,4.3961148066012825,0.01241029121689266,58.69163487230254,15.340958953231677,28.945570679134658,14.4051052399362,0.5309201789906629,0.42317139987652364,0.17093960574592315,5.511395734953768,5.198894437606721,2.816870596065382e-08,5.128734790032684e-08
P4,delta_SEI_minus,10.0,4.389866020639611,0.01246328314919296,59.965369188673,15.45429828834695,29.941830421695254,14.569240478630798,0.530523573363758,0.4230389933259523,0.17070364961909487,5.5096712684649845,5.1950107826445775,2.8376816966906497e-08,5.21624951115256e-08
P4,delta_SEI_minus,11.0,4.3835909702420635,0.012516688811486034,61.265389248419794,15.567465804243973,30.96451619001644,14.733407254159381,0.5301268915333156,0.4229066220165193,0.17046672330894574,5.507947260957737,5.19112638147959,2.8584612482774782e-08,5.3045840265507486e-08
P4,delta_SEI_minus,12.0,4.377289260896071,0.012570514203168274,62.592312046186564,15.680460759933492,32.01424528353115,14.897606002721918,0.5297301324453307,0.42277428565780123,0.17022881196307887,5.506223708649546,5.187241223790696,2.8792091147671714e-08,5.3937500596470664e-08
P4,delta_SEI_minus,13.0,4.370960386947073,0.012624766604726716,63.94680416366306,15.793283248855793,33.09168400752057,15.061836907286695,0.5293332956576908,0.4226419841649852,0.16998989657382615,5.5045006104358025,5.183355305248626,2.8999253133170148e-08,5.4837622571274995e-08
P4,delta_SEI_minus,14.0,4.364603894447017,0.012679452845046058,65.32953574021823,15.90593241075575,34.19750395093058,15.226099378531897,0.5289363825943945,0.42250971807361537,0.16974996009062682,5.50277797329145,5.179468639797507,2.9206096859689963e-08,5.574634369439971e-08
P4,delta_SEI_minus,15.0,4.35821922561097,0.012734580824102865,66.74122197824394,16.01840869866482,35.33241947976553,15.390393799813593,0.5285393923291252,0.4223774871359589,0.16950898156997435,5.501055793990011,5.175581218366632,2.941262315907681e-08,5.6663823077632505e-08
P4,delta_SEI_minus,16.0,4.351805960040881,0.012790157060490658,68.18255519727042,16.130710689869975,36.497124368960115,15.554720138440334,0.5281423249408764,0.4222452914355628,0.1692669452325252,5.4993340736196,5.171693041729522,2.961882941897867e-08,5.759018949981779e-08
P4,delta_SEI_minus,17.0,4.345363563087998,0.012846189344441683,69.65428357114129,16.242836692271847,37.69236971943293,15.719077159436512,0.5277451834137623,0.42211313202408807,0.16902383103576643,5.497612825877082,5.1678041391073215,2.982471253240272e-08,5.852560408225917e-08
P4,delta_SEI_minus,18.0,4.33889156133439,0.012902684918608003,71.15715491030215,16.354785259357595,38.91890590619667,15.883463744747887,0.5273479704493758,0.421981009855366,0.16877962123945495,5.49589206318518,5.163914536954658,3.0030269843296296e-08,5.9470213173124734e-08
P4,delta_SEI_minus,19.0,4.3323835680200435,0.01295964739777034,72.69197782564405,16.466555617874157,40.177541158435425,16.04788104933446,0.5269506832569472,0.4218489240587667,0.16853407648931482,5.494171774204786,5.160024207943664,3.0235499931830404e-08,6.042419332037834e-08
P4,delta_SEI_minus,20.0,4.325841166934998,0.013017086055843237,74.25953870894037,16.578147464092655,41.46906249048229,16.21232875436543,0.5265533226068784,0.4217168749477881,0.16828725620162363,5.492451963018906,5.156133159618295,3.0440402240305274e-08,6.138769015697045e-08
P4,delta_SEI_minus,21.0,4.319267643334142,0.013075011442881675,75.86063395310828,16.689560950452396,42.79426585091881,16.376807151737072,0.5261558877938504,0.421584862446962,0.1680392835094883,5.490732628644642,5.1522413850719015,3.0644977048626345e-08,6.236084251230776e-08
P4,delta_SEI_minus,22.0,4.312662060250218,0.013133435365336794,77.4962293794227,16.80079818915577,44.15411525713007,16.541315933136854,0.5257583795628493,0.42145288690243055,0.16779012332226506,5.489013775590156,5.1483488915995625,3.08492282351697e-08,6.334389686770636e-08
P4,delta_SEI_minus,23.0,4.3060238018119925,0.013192366806714944,79.16722222700525,16.911859264490502,45.54950804497389,16.705854917540854,0.5253607983512896,0.42132094851136515,0.16753975258671705,5.4872954064234145,5.144455683484541,3.105315595470245e-08,6.433703305012175e-08
P4,delta_SEI_minus,24.0,4.299352280232343,0.013251814579381857,80.87452302516988,17.022745144032875,46.981353830429256,16.87042405070776,0.5249631442902363,0.4211890473708144,0.16728814930630964,5.485577522408382,5.140561762010258,3.125676198386529e-08,6.534042388109953e-08
P4,delta_SEI_minus,25.0,4.292647943494697,0.013311789160305666,82.61909151228092,17.133453929381858,48.45061310649208,17.03502447640697,0.5245654146159601,0.4210571826187214,0.16703533026930187,5.483860112317605,5.13666710011363,3.146004283685915e-08,6.635426186597483e-08
P4,delta_SEI_minus,26.0,4.285902941592169,0.013372292784998052,84.40189343589599,17.243979837043305,49.95826548810853,17.199648110744146,0.5241676288618531,0.4209253607802534,0.16678100159950968,5.482143261135038,5.132771889070198,3.166298789416886e-08,6.737873601819118e-08
P4,delta_SEI_minus,27.0,4.279121541363911,0.013433340241502237,86.22395368411475,17.354325744808133,51.5053275692781,17.364300370028523,0.5237697739403009,0.4207935775654753,0.16652532310589244,5.4804269129884515,5.12887600072298,3.186560243992606e-08,6.841404368655161e-08
P4,delta_SEI_minus,28.0,4.27230419379204,0.013494942698458062,88.08632641904192,17.46448928046253,53.09285478385813,17.52898235472126,0.5233718471922213,0.4206618321425065,0.16626831170459153,5.47871105704341,5.124979409033625,3.206788211832785e-08,6.946039085264038e-08
P4,delta_SEI_minus,29.0,4.265450251894478,0.013557109852040412,89.9900682064916,17.57447117155467,54.72190234984841,17.69369468508851,0.5229738471188439,0.42053012406173435,0.16600994319928591,5.476995687444145,5.121082099325822,3.226982826528097e-08,7.05179660127555e-08
P4,delta_SEI_minus,30.0,4.258558905141336,0.0136198533078435,91.93632944217755,17.684273785153604,56.39361851271205,17.858437144311893,0.5225757742440743,0.4203984535467113,0.16575018728378377,5.47528080710221,5.117184076729777,3.247144522714163e-08,7.158700034517771e-08
P4,delta_SEI_minus,31.0,4.251629371940619,0.013683184311951067,93.92628007913561,17.793897075803933,58.10917344483364,18.02320955849803,0.5221776289880972,0.42026682078349276,0.1654890147401203,5.473566418440797,5.113285345360037,3.26727329204457e-08,7.266771978579715e-08
P4,delta_SEI_minus,32.0,4.244660809373066,0.013747114838129876,95.96114605487944,17.9033412685336,59.869792965676965,18.188011820668866,0.5217794116094072,0.4201352259092496,0.16522639405893727,5.4718525232464215,5.109385907747842,3.287369175838417e-08,7.376036582546548e-08
P4,delta_SEI_minus,33.0,4.237652479887513,0.013811655853125587,98.0421465629639,18.012605655107198,61.676697523363,18.352843384493692,0.5213811234281222,0.42000366939779904,0.16496229768399825,5.470139127690092,5.105485776820093,3.3074320440511923e-08,7.486515697315378e-08
P4,delta_SEI_minus,34.0,4.2306027317507064,0.01387681761162682,100.17053262090805,18.121689246403378,63.53113968111423,18.517703693390434,0.5209827657891304,0.419872151720766,0.16469666385072598,5.468426237914264,5.101584965746253,3.327461715062775e-08,7.59823124792084e-08
P4,delta_SEI_minus,35.0,4.223501331317141,0.01394260457189887,102.34762458535843,18.23059681482764,65.43443546217179,18.682592308359002,0.520584339753203,0.4197406732666062,0.16442910966970403,5.466713858978197,5.097683484913637,3.347459065170973e-08,7.711207040321354e-08
P4,delta_SEI_minus,36.0,4.216356751696642,0.01400903766756386,104.57482129147883,18.33932440421285,67.38798800344249,18.8475088838235,0.5201858461553668,0.41960923436230296,0.16415995232212707,5.46500199514053,5.0937813424990255,3.367423367953737e-08,7.825469962532307e-08
P4,delta_SEI_minus,37.0,4.209171276024721,0.014076130584430047,106.8534754565588,18.447870376291537,69.39315181519645,19.012453265070814,0.5197872853694605,0.41947783514139797,0.16388927728449565,5.463290648140512,5.0898785421631345,3.387354322596268e-08,7.941041955455539e-08
P4,delta_SEI_minus,38.0,4.201941728993299,0.014143896841500664,109.18513769695079,18.556235529205416,71.4514769982127,19.17742516953269,0.5193886580782635,0.41934647586242396,0.1636169657931824,5.461579821345282,5.085975090591898,3.4072520756514595e-08,8.05795409918488e-08
P4,delta_SEI_minus,39.0,4.194666862625099,0.01421235089643659,111.5713736469625,18.664420263690175,73.56452907106537,19.342424312206955,0.5189899649704364,0.4192151567884494,0.16334297121325408,5.4598695181810495,5.082070994528841,3.427116700701451e-08,8.176235904036568e-08
P4,delta_SEI_minus,40.0,4.187340954624703,0.014281502514473772,114.01375864845738,18.772422674284716,75.73388806045546,19.507447913717215,0.5185912127618819,0.4190838801569929,0.1630670795778239,5.458159767789318,5.0781663197376545,3.446947847869983e-08,8.29591532316994e-08
P4,delta_SEI_minus,41.0,4.179967561495967,0.01435136290947085,116.51364988076801,18.8802389829441,77.96091271116204,19.672498186661873,0.5181923961062225,0.41895264422804857,0.1627894239769695,5.4564505475082035,5.0742610138653585,3.46674482344138e-08,8.41700608761318e-08
P4,delta_SEI_minus,42.0,4.172548435887838,0.014421929350596089,119.07193944273095,18.987857397315,80.24650534149913,19.837576703916827,0.5177935112028639,0.4188214477707775,0.16251006999548495,5.454741841307227,5.070355039695647,3.486505462131617e-08,8.539496168857071e-08
P4,delta_SEI_minus,43.0,4.165080568034912,0.0144932378260647,121.69124092032509,19.095292667962187,82.59326646121136,20.00268179115154,0.5173945620975486,0.41869029213620723,0.1622289051235705,5.453033666782208,5.066448436845375,3.506232472404507e-08,8.663462601437344e-08
P4,delta_SEI_minus,44.0,4.157562402388354,0.014565309135474536,124.37360205444003,19.20254546948441,85.0032450843586,20.16781150059703,0.516995553496738,0.4185591788852805,0.16194587125963567,5.451326044262906,5.062541251401312,3.5259259781282774e-08,8.788948843872921e-08
P4,delta_SEI_minus,45.0,4.149992726700282,0.014638160273259758,127.12094694635776,19.309615802960614,87.47836298742264,20.332968155974516,0.5165964797855443,0.4184281061829411,0.16166092309829092,5.4496189498495005,5.0586334283811665,3.5455859795010395e-08,8.915988661336664e-08
P4,delta_SEI_minus,46.0,4.1423699757875,0.014711812394861284,129.93544517407167,19.41650524440511,90.02078871648345,20.498151213183124,0.5161973422786974,0.418297074469302,0.16137400217393977,5.447912389274034,5.054724980659078,3.5652127659068155e-08,9.044625529665644e-08
P4,delta_SEI_minus,47.0,4.134690341886825,0.01478631130240089,132.82045526479652,19.52322991580407,92.6338653198259,20.663360029166565,0.5157981425300362,0.4181660842604392,0.1610849661830833,5.4462063692578955,5.050815923450602,3.584809297626571e-08,9.174957832130157e-08
P4,delta_SEI_minus,48.0,4.126954378333393,0.014861644059216986,135.7767853973025,19.62976549611021,95.31842536994628,20.828594531245983,0.5153988807151771,0.41803513560921485,0.16079383588589588,5.44450089048956,5.046906258475415,3.604371108887132e-08,9.306954987924366e-08
P4,delta_SEI_minus,49.0,4.119151102660647,0.014937819571996443,138.80657144093027,19.736110381807837,98.07660745362075,20.993853605501688,0.5149995595257227,0.41790422939083083,0.16050020079235489,5.442795964367684,5.0429960120903194,3.623897905254739e-08,9.440650092189767e-08
P4,delta_SEI_minus,50.0,4.111289499325487,0.015014865383032828,141.9121196680247,19.84226605289404,100.91071686037564,21.15913675475502,0.5146001801630229,0.4177733659907778,0.1602043968823336,5.441091595912906,5.039085196059212,3.643389958482958e-08,9.57608141004176e-08
P4,delta_SEI_minus,51.0,4.103368645470479,0.015092801817438613,145.09583768810276,19.948231294776644,103.82316274319878,21.324443650127343,0.5142007434217584,0.41764254565528597,0.1599063897167232,5.439387788332135,5.035173818163793,3.662847045551247e-08,9.713289013524334e-08
P4,delta_SEI_minus,52.0,4.095385519470919,0.015171646505034744,148.36016393124373,20.054002209469942,106.81639088680429,21.489770834969516,0.5138012576543495,0.41751177111662024,0.15960606644693645,5.437684577210464,5.031261960192913,3.6822684507206886e-08,9.852311485359322e-08
P4,delta_SEI_minus,53.0,4.0873371733271755,0.0152514242324024,151.70791603137718,20.159579914393948,109.89321801574758,21.655118101235647,0.5134017233635046,0.4173810424987816,0.15930331695428712,5.435981964162885,5.027349627069213,3.7016543791693045e-08,9.99320115215163e-08
P4,delta_SEI_minus,54.0,4.079225052406592,0.015332157469430854,155.14171176450947,20.264963948086606,113.05625933649856,21.8204884799243,0.5130021332253177,0.4172503573744587,0.15899819528728404,5.434279917576028,5.02343674707529,3.7210047461645224e-08,1.0135997384789305e-07
P4,delta_SEI_minus,55.0,4.071047637684116,0.01541386819063618,158.664334874757,20.37015384500495,116.30829894510588,21.985882084646157,0.5126024869652673,0.41711971562143607,0.15869064472533084,5.432578435858157,5.019523317522967,3.740319466224445e-08,1.0280743784756982e-07
P4,delta_SEI_minus,56.0,4.062803272010491,0.015496579662546708,162.27873647295712,20.47514249474224,119.65229544789081,22.151298530324084,0.5122027855138286,0.41698911750500467,0.15838060339419446,5.430877522464428,5.015609347523676,3.759597233753005e-08,1.042748805865812e-07
P4,delta_SEI_minus,57.0,4.054490263052487,0.015580316268077184,165.98798138367366,20.57993113665603,123.09131333523119,22.316736911786425,0.5118030310581989,0.4168585636945404,0.1580680081137691,5.429177186112811,5.011694858494962,3.778838276318104e-08,1.0576278699909876e-07
P4,delta_SEI_minus,58.0,4.04610686275082,0.01566510315607488,169.79526080218375,20.684520705088598,126.6285435291684,22.482196567926774,0.5114032251958325,0.41672805465946067,0.15775279362136285,5.42747743291701,5.0077798660794715,3.7980427654814636e-08,1.0727165713827529e-07
P4,delta_SEI_minus,59.0,4.037651245798833,0.015750966383911873,173.70390950563421,20.788910382376482,130.26732190591505,22.64767721734268,0.5110033686066917,0.4165975905623182,0.1574348917659824,5.425778264994118,5.003864376935555,3.81721055110565e-08,1.0880201192530459e-07
P4,delta_SEI_minus,60.0,4.029121523944156,0.015837932931757025,177.71740728012713,20.893099422272247,134.0111295534588,22.81317830439609,0.510603462633384,0.41646717177884107,0.15711423205069797,5.424079687237627,4.999948404210336,3.836341496166476e-08,1.103543908264803e-07
P4,delta_SEI_minus,61.0,4.020513042379749,0.015926028475420823,181.83937448326202,20.997086205954382,137.86358878195654,22.97869949535108,0.5102035080823268,0.4163367984991681,0.1567906406231093,5.422381702123909,4.996031955800446,3.855435303419765e-08,1.1192934791691225e-07
P4,delta_SEI_minus,62.0,4.011816082495876,0.01601527239944133,186.07340272161886,21.10086776644871,141.8282957904356,23.144239164734547,0.509803508881207,0.4162064719063746,0.15646375449887032,5.420684325061369,4.99211507016671,3.874491428076736e-08,1.1352738282145147e-07
P4,delta_SEI_minus,63.0,4.0030343212103565,0.016105700666779087,190.4235274949944,21.204447147735003,145.9092867409681,23.3097936062913,0.5094034739855763,0.41607619482732655,0.1561337111676978,5.418987592867187,4.988197835003985,3.893510429065754e-08,1.1514912735816421e-07
P4,delta_SEI_minus,64.0,3.994170250719704,0.016197350040267226,194.8939830733903,21.307826323906788,150.11079128408971,23.475365465393796,0.5090033970033303,0.41594596507718196,0.15580060374999866,5.417291477085921,4.984280187719288,3.9124926688652044e-08,1.1679523933967786e-07
P4,delta_SEI_minus,65.0,3.985222201804014,0.01629025212453442,199.4890322759189,21.41100331062675,154.43707292032678,23.640956044965378,0.5086032747861705,0.4158157815028389,0.15546436991501625,5.41559596269954,4.980362097483748,3.931437783115761e-08,1.1846633823029061e-07
P4,delta_SEI_minus,66.0,3.976187717343318,0.016384440347073197,204.2131985446037,21.513977793925527,158.892656323877,23.80656442680118,0.5082031095527869,0.4156856447093955,0.1551249179290809,5.41390105758886,4.976443586023293,3.9503457141671154e-08,1.2016309245863955e-07
P4,delta_SEI_minus,67.0,3.967063956379222,0.016479949202055054,209.0712397468449,21.61674406062354,163.48230686952363,23.972188816697734,0.5078029056385751,0.41555555598721317,0.15478214173639177,5.4122067785595815,4.97252469579113,3.969215412978744e-08,1.2188620703917667e-07
P4,delta_SEI_minus,68.0,3.957848410309438,0.016576814666330365,214.06809199440855,21.719303915545712,168.21095906752728,24.137829011335548,0.507402663534823,0.4154255153514714,0.15443594767896682,5.410513125809402,4.968605431598068,3.988047210948332e-08,1.2363639327714482e-07
P4,delta_SEI_minus,69.0,3.948538486970937,0.01667507405461123,219.20891970268286,21.821660119170573,173.0837756194456,24.30348396406669,0.507002385770582,0.4152955234664113,0.15408623899032514,5.408820107989418,4.9646858182091655,4.006841614948417e-08,1.2541438821657025e-07
P4,delta_SEI_minus,70.0,3.939131473509128,0.016774766084570843,224.4991444015859,21.923811715035143,178.10617962451838,24.469153062032383,0.5066020738267238,0.4151655806411432,0.15373291439336226,5.407127729125488,4.960765870125466,4.025598449355528e-08,1.2722096278182871e-07
P4,delta_SEI_minus,71.0,3.929624259269225,0.016875930681272706,229.94444411820848,22.02575743316166,183.2838513604447,24.634835324602125,0.5062017300727798,0.41503568745720565,0.1533758577622571,5.405435996791589,4.956845610549974,4.0443174809793544e-08,1.2905691662524343e-07
P4,delta_SEI_minus,72.0,3.9200090550755817,0.0169786053986779,235.55074677312967,22.127493520185805,188.6227270437665,24.80052620917738,0.5058013654851871,0.41490584727228214,0.15301477831470894,5.403744954718277,4.952925146966526,4.0629980206360156e-08,1.3092307394394248e-07
P4,delta_SEI_minus,73.0,3.9102770595855088,0.017082829644837715,241.3242672788788,22.229018852437306,194.12901867442162,24.96622975201986,0.5054009703109875,0.4147760567041089,0.15264934739628414,5.402054558854862,4.949004383871878,4.081639861999836e-08,1.3282028672272064e-07
P4,delta_SEI_minus,74.0,3.900434370432521,0.01718865509142802,247.27155221898363,22.330333931039597,199.80927319331303,25.131945094631,0.5050005466246008,0.4146463161906161,0.1522797927552094,5.400364814904955,4.945083341579231,4.100243097085914e-08,1.3474945082002067e-07
P4,delta_SEI_minus,75.0,3.890479444161428,0.01729612956983772,253.39945787142364,22.43143716076023,205.67034947091446,25.297671239748965,0.504600096835745,0.4145166262579469,0.15190605679328373,5.3986757297210595,4.941162043685109,4.1188074329814415e-08,1.3671149320985368e-07
P4,delta_SEI_minus,76.0,3.8804088969470127,0.01740530147468036,259.7151808481426,22.532326017161218,211.71944827732327,25.46340655365811,0.5041996248920235,0.4143869879042145,0.1515280131997496,5.3969873163026305,4.937240528845365,4.137332406155087e-08,1.387073774680906e-07
P4,delta_SEI_minus,77.0,3.8702186691992946,0.017516231103483906,266.22694451904795,22.63300108131957,217.96479369973835,25.62914973799001,0.5037991339307286,0.41425740185491483,0.15114551043136143,5.395299584098544,4.9333188277810995,4.155818123302835e-08,1.4073831892921702e-07
P4,delta_SEI_minus,78.0,3.859909789463707,0.01762891503904285,272.93885870787267,22.73344097986031,224.41051845123212,25.794899276780214,0.5033986276149374,0.4141278690011948,0.1507585869133911,5.393612544715124,4.929396976362018,4.174260659896129e-08,1.4280413678731835e-07
P4,delta_SEI_minus,79.0,3.849474937436671,0.017743443405483676,279.86167376910294,22.833652402440087,231.06736812680535,25.960653239857482,0.502998110608589,0.41399839049018705,0.15036696936715174,5.391926213092654,4.925475020258504,4.1926612442739004e-08,1.449067088234746e-07
P4,delta_SEI_minus,80.0,3.8389046142385235,0.017859878255931393,287.0047078658169,22.933639721372725,237.94465739197898,26.126410752465183,0.5025975850253881,0.4138689666271132,0.1499703031870676,5.390240593206352,4.921552980168445,4.211020679270069e-08,1.4704733662629773e-07
P4,delta_SEI_minus,81.0,3.8281992575014367,0.017978281833225508,294.3771670485157,23.033402345797732,245.05159123895237,26.29217346376556,0.5021970468804071,0.4137395957236775,0.14956860470102176,5.388555663067806,4.917630817070501,4.2293388563922314e-08,1.4922718524478633e-07
P4,delta_SEI_minus,82.0,3.8173549347425033,0.0180987162471159,301.9887765190588,23.132937939637877,252.39789879974447,26.45793977967644,0.5017965000254817,0.4136102785944591,0.14916172712196418,5.386871433286117,4.913708568682746,4.247615346695411e-08,1.5144748002583783e-07
P4,delta_SEI_minus,83.0,3.806356810640188,0.01822123739746459,309.84962355183984,23.232244100467256,259.9936707473028,26.62370870406977,0.5013959468675904,0.41348101555083694,0.14874911666081728,5.385187907916695,4.909786258574877,4.2658497090518454e-08,1.5370945109617984e-07
P4,delta_SEI_minus,84.0,3.795209224627972,0.018345917739644477,317.97046423751084,23.331318132567368,267.8496694157678,26.789476689175697,0.5009953959793315,0.41335180885608097,0.1483309353590224,5.383505116436426,4.905863970691779,4.284041448480081e-08,1.5601442010242333e-07
P4,delta_SEI_minus,85.0,3.783908980697432,0.018472827573150427,326.3625786660979,23.430161776044688,275.97717475145885,26.95524213859432,0.5005948512181412,0.41322265921030565,0.14790706392244332,5.381823067963621,4.9019417428063665,4.302190884494352e-08,1.5836374593897308e-07
P4,delta_SEI_minus,86.0,3.7724508427298327,0.018602036315426746,335.0376707151279,23.528774344840873,284.38789329890886,27.121003071378123,0.500194317370651,0.4130935675655642,0.14747730690608649,5.380141774897848,4.898019621790457,4.320297891122247e-08,1.6075879265991305e-07
P4,delta_SEI_minus,87.0,3.760829607185915,0.018733561810686722,344.00405106999847,23.62713499623064,293.09016313131394,27.28675294245386,0.4997938102519468,0.4129645383561435,0.1470414701385253,5.378461294991377,4.894097762509064,4.338358641271853e-08,1.6319986875202672e-07
P4,delta_SEI_minus,88.0,3.7490414859862424,0.01886752153547718,353.27759564613433,23.72525435712118,302.09984519297666,27.452496096036516,0.49939331936495235,0.4128355675305555,0.14659941214578862,5.376781575477519,4.890176062172366,4.3563750862307306e-08,1.6568928933595882e-07
P4,delta_SEI_minus,89.0,3.737081437438399,0.019003993769676413,362.87189841433303,23.823129212108245,311.4305379796172,27.618231222607555,0.49899284787390236,0.41270665539674506,0.1461509447293411,5.375102620366956,4.886254551765288,4.374346635593956e-08,1.6822858105407652e-07
P4,delta_SEI_minus,90.0,3.7249430690759935,0.019143068923449535,372.80205714238497,23.920756585644035,321.0973457471764,27.78395480956455,0.498592404266419,0.4125778038812823,0.14569582930042616,5.37342445475139,4.882333314400608,4.392272742998482e-08,1.7081953749274551e-07
P4,delta_SEI_minus,91.0,3.71261572387707,0.01928488797699501,383.0879247364248,24.018142115602046,331.1201189591068,27.949663661716006,0.4981919962631534,0.4124490145684376,0.14523366810227872,5.3717470992644,4.8784124256807475,4.4101544436573043e-08,1.734650431748963e-07
P4,delta_SEI_minus,92.0,3.7000813647719943,0.01942956230889223,393.74813497089207,24.11528022227618,341.5175002847831,28.115354463832748,0.497791631874808,0.4123202890726797,0.14476378795219877,5.370070574932872,4.874491964048376,4.427990713037986e-08,1.761674489107515e-07
P4,delta_SEI_minus,93.0,3.687339450040359,0.019577206622070378,404.8014732209606,24.212166012804733,352.3082834271532,28.28102378100266,0.4973913194012792,0.41219162900883255,0.14428616865024874,5.3683949027883155,4.870572010778018,4.445780652724837e-08,1.7892894902540403e-07
P4,delta_SEI_minus,94.0,3.6743766176008,0.019727954831511598,416.2696729375543,24.308794028948668,363.5142130495512,28.44666585905439,0.4969910727465692,0.4120630376998597,0.14380031153965794,5.366720126109098,4.866652702020912,4.463523260488913e-08,1.8175228596425895e-07
P4,delta_SEI_minus,95.0,3.6611871510846865,0.019881958087431286,428.17639618619586,24.405159840074557,375.1589568180951,28.61227952802625,0.49659089473769674,0.41193451480237314,0.14330600325954898,5.365046240422925,4.862734065459885,4.4812177227877854e-08,1.8464044732014325e-07
P4,delta_SEI_minus,96.0,3.6477601890523403,0.020039370665619175,440.5468028396451,24.501256191017237,387.2676842506198,28.777862398008022,0.49619079114948417,0.4118060608010497,0.14280283844409725,5.363373252042239,4.858816157643348,4.498862707445188e-08,1.875965352756274e-07
P4,delta_SEI_minus,97.0,3.6340827146248094,0.02020036817671084,453.40913891479016,24.597069558309094,399.8686635925093,28.94340576397179,0.49579078301619006,0.41167768095128826,0.14229033137025623,5.361701229413499,4.854899184543675,4.5164557313139844e-08,1.9062412774022573e-07
P4,delta_SEI_minus,98.0,3.6201407730911814,0.020365134500429462,466.79358199891556,24.69258895192232,412.99209013959626,29.10890290739698,0.4953908865720069,0.4115493788497683,0.14176796129781624,5.360030219379954,4.850983305129872,4.533994776431266e-08,1.9372695432936904e-07
P4,delta_SEI_minus,99.0,3.6059154248476473,0.02053388064385274,480.7342521164448,24.78780734847457,426.67209822792637,29.274346540043855,0.4949911194277593,0.41142115832072246,0.14123502147030872,5.3583602717485155,4.847068691851247,4.551478553180178e-08,1.9690933505800654e-07
P4,delta_SEI_minus,100.0,3.5913826344754907,0.02070684959827162,495.26993281225765,24.882716671368037,440.9474861309377,29.439730009951898,0.4945914976568084,0.41129302249535465,0.14069061496978125,5.356691427300064,4.843155502101908,4.568905578554936e-08,2.0017628235735777e-07
P4,delta_SEI_minus,101.0,3.5765287421235814,0.020884304316516448,510.4425953694825,24.97730549573113,455.8602481281987,29.605041745552665,0.49419204921993326,0.4111649781429365,0.14013423214835627,5.35502377419778,4.839244009680337,4.5862737547476414e-08,2.0353309894695664e-07
P4,delta_SEI_minus,102.0,3.5613343624351748,0.021066527443017548,526.29818596951,25.071568597455364,471.45634112966604,29.77027624238859,0.49379278741774424,0.4110370271024117,0.13956514961965513,5.353357336392112,4.835334344829219,4.6035821225198514e-08,2.069855008317189e-07
P4,delta_SEI_minus,103.0,3.5457782529020094,0.021253827850480606,542.8874563781268,25.16549653747427,487.78653327073056,29.935426569922022,0.493393728996738,0.4109091720645998,0.13898257471604608,5.35169214892837,4.83142667153416,4.620828948692508e-08,2.105397422606922e-07
P4,delta_SEI_minus,104.0,3.5298346327843197,0.021446549931602162,560.2673415176157,25.259075680639313,504.9077842709833,30.100481565993075,0.4929949009284257,0.4107814187041203,0.13838554547586784,5.350028285712949,4.827521253906501,4.63801172961189e-08,2.1420283625389232e-07
P4,delta_SEI_minus,105.0,3.513474200993161,0.02164508412355616,578.5022909999715,25.352295830386137,522.8845654947369,30.265429674848484,0.49259633113537166,0.41065377266769276,0.13777296858323307,5.348365820288878,4.823618365370514,4.655128593008967e-08,2.1798273388534325e-07
P4,delta_SEI_minus,106.0,3.4966590245132108,0.021849873214684835,597.6657147392657,25.44514534901608,541.7903111123289,30.430258277920615,0.49219805010825524,0.4105262400389465,0.13714342863538867,5.346704831889509,4.819718304498056,4.6721774019970404e-08,2.2188850341358285e-07
P4,delta_SEI_minus,107.0,3.4793463435766414,0.02206138345437978,617.8374299465336,25.5376112194513,561.7048630077802,30.594955719302146,0.4918000860116465,0.4103988256526072,0.1364953301164993,5.34504538348244,4.815821347083178,4.6891557664110645e-08,2.2592967404530419e-07
P4,delta_SEI_minus,108.0,3.4615077231405023,0.022280138368119397,639.1067721022443,25.62968193713463,582.7175770210237,30.75951314408612,0.4914024602419619,0.41027153424728285,0.13582761206029687,5.34338753678343,4.811927702644587,4.706061573811467e-08,2.301167559569294e-07
P4,delta_SEI_minus,109.0,3.4431054673462596,0.02250667130176268,661.5695313196813,25.721335620830068,604.9242809189969,30.923914779854424,0.4910052109106382,0.4101443747838295,0.1351388680028288,5.341731408498909,4.808037744378378,4.722890806417449e-08,2.34460502958973e-07
P4,delta_SEI_minus,110.0,3.4240950851144842,0.022741581437349796,685.3342335156624,25.812552218424283,628.4335408177205,31.088140479517577,0.49060838669978124,0.4100173557370561,0.13442743791812245,5.340077109005018,4.804151948991106,4.739639782307391e-08,2.389730144793191e-07
P4,delta_SEI_minus,111.0,3.4044225393274212,0.02298555962621137,710.5261647155163,25.903309423350354,653.3706902965965,31.25216499556941,0.4902120486158092,0.40989048674251966,0.13369130560382753,5.338424763795512,4.800270913871869,4.756304405602239e-08,2.436682858047328e-07
P4,delta_SEI_minus,112.0,3.384023109250555,0.023239349889057053,737.2842822346888,25.993585750012944,679.8747302476978,31.4159662369781,0.48981625003804263,0.40976377539158965,0.13292805618729642,5.336774471740592,4.796395161723448,4.7728807311677974e-08,2.485613697877193e-07
P4,delta_SEI_minus,113.0,3.3628431168723028,0.02350378712429489,765.765832822263,26.083358780464604,708.1029553093493,31.57951873244908,0.48942105251364737,0.40963723065922547,0.13213568688628002,5.33512634973037,4.79252529523007,4.789364642673584e-08,2.5366899442275676e-07
P4,delta_SEI_minus,114.0,3.340817860217999,0.02377978346806813,796.147258885405,26.17260878890226,738.2318560966247,31.742793999877964,0.4890265248649126,0.4095108631506416,0.13131178360230075,5.333480535887447,4.78866198831567,4.805752518114294e-08,2.590094291915309e-07
P4,delta_SEI_minus,115.0,3.3178689931490544,0.02406835168713684,828.6288920431352,26.261308495088365,770.4618287757673,31.905754772279554,0.4886327571413374,0.40938468890240637,0.1304534232183883,5.331837239072521,4.784806122765982,4.8220393483572394e-08,2.6460299003302287e-07
P4,delta_SEI_minus,116.0,3.293916176375534,0.02437062076147882,863.4383878950084,26.349427434573723,805.0205993836494,32.06836107678532,0.48823984593073994,0.40925872329192037,0.12955760824824178,5.330196659561274,4.780958644391489,4.838219539592318e-08,2.704722292941572e-07
P4,delta_SEI_minus,117.0,3.268857340904933,0.024687844538785697,900.8352112199357,26.436930136387303,842.1677186034844,32.23056248006391,0.48784791309691466,0.4091329863316453,0.12862053047833102,5.328559057996546,4.777120746510938,4.854286578723729e-08,2.7664223141876516e-07
P4,delta_SEI_minus,118.0,3.2425967846523496,0.025021404924135737,941.1129881685738,26.52377413275665,882.1969179160722,32.392296119744984,0.4874571105363708,0.40900750592703794,0.12763861941023766,5.326924797819759,4.773293916530439,4.870232667919548e-08,2.831404721432712e-07
P4,delta_SEI_minus,119.0,3.2150299134722973,0.025372813067668573,984.6034400949225,26.60991148689171,925.4400300094525,32.5534985985782,0.48706759143806655,0.4088823077665398,0.12660797272462268,5.325294213597869,4.769479654512058,4.8860490051397714e-08,2.8999687925536327e-07
P4,delta_SEI_minus,120.0,3.1860338140777342,0.025743721493714986,1031.6826214096086,26.695272473065604,972.2732686469202,32.71408028962277,0.48667957237066395,0.4087574320048101,0.12552400479764841,5.323667828306243,4.765680081146737,4.901722787511357e-08,2.9724417772321086e-07
P4,delta_pl_plus,0.0,4.451199569939265,0.011981593543705316,48.87480422985111,14.45733209793686,21.488168571836404,12.929303560077841,0.5344862093878077,0.42436463689811166,0.1730206003181743,5.526936486132813,5.233813840427872,2.6546211229938597e-08,4.4189479386200626e-08
P4,delta_pl_plus,1.0,4.445165177337192,0.012031402210684376,49.95079885482717,14.572307482739308,22.285289745581167,13.0932016265067,0.5340901768484121,0.4242318778395937,0.17279254626047563,5.525207428571017,5.229935797272516,2.6757326311928367e-08,4.5001638469596745e-08
P4,delta_pl_plus,2.0,4.439103630527708,0.012081570211385043,51.048428127116566,14.687110602544248,23.104185500247,13.257132024325312,0.5336940661855666,0.4240991528043287,0.1725634895913891,5.5234788141289854,5.226056989114086,2.6968125085004405e-08,4.582099495777932e-08
P4,delta_pl_plus,3.0,4.433011142788922,0.012132098816526025,52.16816937685586,14.80173978848453,23.945335140672412,13.42109444769891,0.5332978781382702,0.42396646211025646,0.17233328802851583,5.521750646947576,5.2221774231890326,2.717860448483232e-08,4.664763645203155e-08
P4,delta_pl_plus,4.0,4.426895286979597,0.012183001119128819,53.31054022400997,14.91619563903097,24.809255873235593,13.585088711743412,0.5329016131532648,0.4238338059757169,0.17210222580055778,5.520022929870453,5.218297103871956,2.7388765610310074e-08,4.7481677396051206e-08
P4,delta_pl_plus,5.0,4.420755486226014,0.012234282436734106,54.47606343040825,15.03047841518443,25.696470200707896,13.749114814515927,0.5325052712352449,0.423701184469327,0.17187028110541705,5.518295663791285,5.214416031208828,2.7598608940681276e-08,4.8323225948226846e-08
P4,delta_pl_plus,6.0,4.414595350667494,0.012285906766345391,55.66422523622952,15.144535782323405,26.606519648896377,13.913169805009739,0.5321088595148298,0.4235686000386483,0.17163758932553932,5.516568880587182,5.210534275024337,2.7808038380351822e-08,4.9171472994020886e-08
P4,delta_pl_plus,7.0,4.408412171726575,0.012337904193247056,56.876153297971,15.25839815805493,27.540500818564215,14.077254321351857,0.5317123764500911,0.42343605223542885,0.17140404864784595,5.514842574420096,5.20665182021956,2.801710978141226e-08,5.0027073786325006e-08
P4,delta_pl_plus,8.0,4.402203807100687,0.012390298752690541,58.112868276863026,15.372086750937374,28.499411044906797,14.241370481018855,0.5313158169244973,0.42330353941437526,0.17116957855234732,5.513116723861683,5.202768616692225,2.8225862086515806e-08,5.0890547877552385e-08
P4,delta_pl_plus,9.0,4.395965675566714,0.012443093395983738,59.37496841705526,15.485604572983352,29.483844363364714,14.405519480707188,0.5309191780464295,0.4231710606751862,0.1709340070771602,5.511391317186392,5.198884636126926,2.8434300826248785e-08,5.1762022696034036e-08
P4,delta_pl_plus,10.0,4.389699196061891,0.012496296169387903,60.66306135868422,15.598950821316183,30.494409706759143,14.569700830608898,0.5305224609994277,0.4230386164778184,0.17069738743464208,5.509666360384715,5.19499989011316,2.8642424526388028e-08,5.264162648078746e-08
P4,delta_pl_plus,11.0,4.383406382986142,0.012549915805913515,61.977772934264,15.71212467047244,31.531734514052243,14.733913749739322,0.5301256676706119,0.42290620751579544,0.17045979515223714,5.507941862489121,5.1911143971300495,2.8850231671237107e-08,5.3529491085494434e-08
P4,delta_pl_plus,12.0,4.377086601024086,0.012603959104488353,63.31975361015711,15.825126167228474,32.59646872605445,14.898158716874184,0.5297287969030998,0.42277383346532127,0.1702212063440404,5.5062178192824796,5.187228145849133,2.9057722346685657e-08,5.442575482361377e-08
P4,delta_pl_plus,13.0,4.370739385002135,0.012658432957948235,64.68966786123663,15.937954917028945,33.689277219356406,15.062435724851282,0.5293318487141978,0.4226414943938395,0.16998160352282893,5.50449423164318,5.183341136439877,2.9264895828260484e-08,5.533055552861034e-08
P4,delta_pl_plus,14.0,4.364364260334558,0.012713344422818835,66.08820079061978,16.050610148133398,34.810846410233914,15.226744232252477,0.5289348244121531,0.42250919079790455,0.1697409688639591,5.5027711060383595,5.1794533817129444,2.947175069891004e-08,5.624403571966352e-08
P4,delta_pl_plus,15.0,4.357960709681172,0.01276870099729635,67.51606476359444,16.163091897355354,35.96188825486552,15.391084611373579,0.5285377230973746,0.4223769224373812,0.16949928294069935,5.501048439340491,5.175564872859328,2.967828702623043e-08,5.716634519563139e-08
P4,delta_pl_plus,16.0,4.351528242463502,0.012824509970584047,68.97398392480102,16.275399118104627,37.14312829547982,15.55545651121658,0.5281405456179907,0.4222446896524422,0.16925652734597554,5.499326235979994,5.171675618184103,2.9884502888497506e-08,5.809763088809328e-08
P4,delta_pl_plus,17.0,4.3450663845363895,0.0128807785722816,70.46270073908515,16.387529023748133,38.35531394013811,15.719857775198898,0.5277432971850263,0.42211249423383834,0.16901268431498676,5.497604519279653,5.167785668714838,3.0090393168961516e-08,5.9038043236072304e-08
P4,delta_pl_plus,18.0,4.338574000774713,0.012937514009183389,71.98298460062709,16.49948140149205,39.599213741086594,15.884289458048443,0.527345975249906,0.421980335388842,0.16876771128665086,5.495883278914965,5.163894999495289,3.029595747689548e-08,5.998773514013647e-08
P4,delta_pl_plus,19.0,4.332045116717947,0.012994720265999576,73.53565562342841,16.61125511892202,40.875648783345184,16.048751721161214,0.5269485794226431,0.4218482130428004,0.16852138437662473,5.494162513913648,5.160003606706615,3.0501193732986944e-08,6.094688494226976e-08
P4,delta_pl_plus,20.0,4.325482355761901,0.013052407596656082,75.12151106801483,16.722850487672698,42.18541619335771,16.213244386984417,0.5265511101322644,0.4217161274015228,0.16827380195606173,5.492442226956168,5.1561114945499495,3.0706102509452085e-08,6.191563807124252e-08
P4,delta_pl_plus,21.0,4.318888049471009,0.013110586505694926,76.74138267744567,16.83426741638251,43.52934782562766,16.377767435435494,0.5261535674272962,0.42158407864652153,0.16802505141949994,5.490722420406547,5.152218663500469,3.091068363853493e-08,6.289415172951692e-08
P4,delta_pl_plus,22.0,4.312261365596884,0.01316926819114144,78.39622746399323,16.945507567856072,44.90839916999853,16.542320726138634,0.5257559516469335,0.4214520669750274,0.16777510159918146,5.489003096833525,5.148325116879652,3.111494017343801e-08,6.388265699792211e-08
P4,delta_pl_plus,23.0,4.305601669033681,0.013228461840579513,80.08696101779668,17.05657082664276,46.323486039274634,16.70690415187929,0.5253582630502422,0.42132009252562047,0.16752392872100372,5.48728425804197,5.144430857224334,3.1318871902173594e-08,6.488133854285954e-08
P4,delta_pl_plus,24.0,4.298908352120758,0.013288176507610956,81.81451359108912,17.167458293390688,47.77553772867012,16.87151756902831,0.5249605019842787,0.42118815546734184,0.16727151004550248,5.48556590623348,5.14053588793297,3.152248084572573e-08,6.589037447379853e-08
P4,delta_pl_plus,25.0,4.292178908230216,0.013348419778541398,83.57985259294513,17.27816669906209,49.26552699484062,17.03615889904242,0.5245626734714984,0.42105625751769454,0.16701775173864752,5.483848063776859,5.136640258186618,3.1725761001564585e-08,6.6909956917452e-08
P4,delta_pl_plus,26.0,4.285410177222925,0.013409198782032946,85.38397166369265,17.3886932446463,50.79445310384448,17.200825315201868,0.5241647843422017,0.4209244009898417,0.1667625355328313,5.482130760798808,5.132744034869174,3.1928707230213004e-08,6.794027934402058e-08
P4,delta_pl_plus,27.0,4.27860587213169,0.013470527926254335,87.2279126927192,17.49904132477646,52.36335004071812,17.36552132722463,0.5237668236994018,0.4207925823199408,0.16650600048906175,5.4804139508837455,5.128847111274798,3.213132576481603e-08,6.898154157687461e-08
P4,delta_pl_plus,28.0,4.271765185475941,0.013532417474754936,89.11275820686305,17.60920422616622,53.97330638806011,17.530247592636723,0.5233687899542958,0.420660801031475,0.16624811639674364,5.478697627825502,5.124949471845562,3.23336042785961e-08,7.003396191273942e-08
P4,delta_pl_plus,29.0,4.264887502089933,0.013594877153535948,91.0395726575688,17.719186800113345,55.625381959059375,17.69500389839608,0.5229706836216648,0.42052905734041873,0.16598886026055415,5.476981794436935,5.121051121622321,3.253555167939139e-08,7.109772215157757e-08
P4,delta_pl_plus,30.0,4.257972031842385,0.013657918264608071,93.00951325593775,17.82898952322435,57.320733519054635,17.859790213658762,0.5225725047760379,0.4203973513191559,0.16572820253666112,5.475266451660775,5.117152061334882,3.2737168842335525e-08,7.217304912327045e-08
P4,delta_pl_plus,31.0,4.2510178895816635,0.013721553178124993,95.0238065589872,17.938612955870695,59.06058715883633,18.02460644428018,0.5221742536449,0.4202656830952891,0.16546611013029933,5.473551601158921,5.113252293210831,3.293845679636932e-08,7.326019392864811e-08
P4,delta_pl_plus,32.0,4.24402429829031,0.013785793220708768,97.08367198982378,18.048056583168027,60.846163314945535,18.189452091710216,0.5217759314329149,0.4201340531101289,0.1652025540041704,5.471837248679015,5.109351829046516,3.31394145960743e-08,7.435938397341909e-08
P4,delta_pl_plus,33.0,4.23699052118486,0.013850649375291084,99.19034546426867,18.157319566239245,62.678699258800854,18.354326639228574,0.5213775393886516,0.42000246181152545,0.16493750663100717,5.470123400053867,5.105450681068218,3.334004070112419e-08,7.547083785510798e-08
P4,delta_pl_plus,34.0,4.2299092474870035,0.013916127863927841,101.34511787400842,18.266402468278887,64.55948581045782,18.51922959527173,0.520979078699892,0.4198709096234732,0.1646706944693449,5.468410060805594,5.1015488609069735,3.354033614564346e-08,7.659478742732288e-08
P4,delta_pl_plus,35.0,4.22278038213901,0.01398224180157044,103.54933551043466,18.375308004144216,66.48986692568579,18.684160580604658,0.5205805502829948,0.41973939688846756,0.16440211406899335,5.466697235394866,5.097646377535981,3.374030591458882e-08,7.773147624121226e-08
P4,delta_pl_plus,36.0,4.215609549706233,0.01404900943032601,105.80440422628168,18.484032913971145,68.47125200438875,18.849119307921782,0.5201819548321862,0.41960792387744816,0.1641319759819603,5.4649849273504065,5.093743237753268,3.393994402227492e-08,7.888116541219669e-08
P4,delta_pl_plus,37.0,4.208396674433315,0.01411644360908852,108.11173837220248,18.5925760399629,70.50505672622258,19.014105606016997,0.5197832927611575,0.41947649074178744,0.16386027741377762,5.463273138643694,5.089839445609793,3.4139248342782725e-08,8.004409836818751e-08
P4,delta_pl_plus,38.0,4.201139191998298,0.01418455794400984,110.47289329337852,18.700938036227853,72.59283597743877,19.179119279711905,0.519384564541525,0.4193450976625489,0.16358692246489226,5.461561871632906,5.085935005723735,3.433822007717055e-08,8.122057607112297e-08
P4,delta_pl_plus,39.0,4.1938322993232875,0.014253363833610564,112.889457302354,18.809117942604566,74.7361813305303,19.344158029219138,0.5189857757303441,0.4192137465094957,0.16331173153385956,5.459851150669888,5.082029972511078,3.453685746241267e-08,8.241089594323511e-08
P4,delta_pl_plus,40.0,4.1864762519855825,0.014322876983913062,115.36305503021349,18.917116103325277,76.93671634887068,19.50922257801754,0.5185869245794479,0.41908243672988427,0.1630347142528446,5.458140968555691,5.078124328853364,3.473516113058019e-08,8.361534907757765e-08
P4,delta_pl_plus,41.0,4.179072633726543,0.01439311483217736,117.89537586906543,19.024933458885908,79.19612774558432,19.6743146645952,0.5181880068880678,0.4189511669614302,0.162755929908187,5.456431307547889,5.074218033615685,3.4933132808589465e-08,8.483423689076314e-08
P4,delta_pl_plus,42.0,4.171621042667694,0.014464083924045213,120.48778875298385,19.13256395071124,81.51579033195178,19.839434470320825,0.5177890222179563,0.41881993707836135,0.1624753635158435,5.45472216600842,5.070311082506619,3.513076137182799e-08,8.606767190309315e-08
P4,delta_pl_plus,43.0,4.164122331293456,0.014535779007973844,123.14117396014183,19.239993571858843,83.89660131595713,20.00457907232585,0.5173899776317414,0.4186887494177351,0.16219304703348517,5.453013574375183,5.06640354468507,3.532802110107939e-08,8.731550451062438e-08
P4,delta_pl_plus,44.0,4.15657269323983,0.014608245152655571,125.85862627256657,19.347241053111226,86.34163533945133,20.169749880004012,0.5169908697238565,0.41855760287484794,0.16190883813586343,5.45130551826049,5.062495386802934,3.552494638936344e-08,8.857870340211103e-08
P4,delta_pl_plus,45.0,4.1489709047821215,0.014681499626924648,128.6421152438103,19.454305372678952,88.85286268608729,20.334947185044047,0.5165916977894841,0.41842649722710124,0.1616226911122706,5.4495979947652105,5.058586601958472,3.5721535360494577e-08,8.98576168124412e-08
P4,delta_pl_plus,46.0,4.141314925837564,0.014755568814576634,131.4940776226211,19.56119113930251,91.43271608345098,20.500170399867585,0.51619246324841,0.4182954329474405,0.16133452974208842,5.447891010048999,5.05467720405456,3.591779647693305e-08,9.115279593856941e-08
P4,delta_pl_plus,47.0,4.133601633665881,0.014830491018995815,134.41757796973394,19.66790833584737,94.08425048596014,20.665419147926418,0.5157931670105005,0.41816441033726626,0.16104423733554246,5.446184568037305,5.050767202000821,3.611374806898031e-08,9.246505846064992e-08
P4,delta_pl_plus,48.0,4.125831357056691,0.014906254721254585,137.41350439650375,19.774435454412554,96.80837584649579,20.830693095595397,0.5153938098819056,0.4180334296541279,0.16075182625899045,5.444478672084458,5.046856603691264,3.630935064433733e-08,9.379412815398016e-08
P4,delta_pl_plus,49.0,4.1179932884609975,0.014982871186658286,140.48411881921058,19.880771686233782,99.60735581785649,20.995991315120303,0.5149943941043899,0.417902491623276,0.1604568925648526,5.442773331636141,5.042945431077771,3.650460271797026e-08,9.514038172143048e-08
P4,delta_pl_plus,50.0,4.110096026580959,0.015060367965300117,143.63177663483214,19.98691805766788,102.48354514507112,21.161313432093124,0.5145949205826481,0.41777159653162826,0.16015975780512257,5.441068550429178,5.039033693019326,3.669950617445122e-08,9.65042086875212e-08
P4,delta_pl_plus,51.0,4.102139214697005,0.015138766281084202,146.85893850359602,20.092873837673693,105.43940493147726,21.326659734445084,0.5141953886209423,0.4176407441308323,0.1598604086958727,5.439364325229021,5.035121382703099,3.689405967145975e-08,9.788601691113842e-08
P4,delta_pl_plus,52.0,4.094116216707782,0.01521808041709562,150.16807250576312,20.198632315256045,108.47741747893008,21.492022711576993,0.5137958163673917,0.4175099403677453,0.15955859733946878,5.437660733487698,5.031208677839713,3.708825088642523e-08,9.928619162352861e-08
P4,delta_pl_plus,53.0,4.0860299235351905,0.015298339207684962,153.56198495678854,20.304197615950034,111.60037901351915,21.657408327319356,0.5133961894113874,0.41737918047486533,0.15925443179009013,5.435957713113136,5.027295437317121,3.7282087394557635e-08,1.0070522835998214e-07
P4,delta_pl_plus,54.0,4.077878758756306,0.015379567530415842,157.04356669802186,20.409570035906604,114.81117972911325,21.82281693300201,0.5129965069039991,0.41724846413975913,0.1589478531788023,5.4342552600361955,5.023381652822397,3.747556973964232e-08,1.021436266500719e-07
P4,delta_pl_plus,55.0,4.069661402754427,0.015461785173857124,160.61553994688194,20.514746571289468,118.11254477634333,21.98824859924916,0.512596768674575,0.4171177912736974,0.15863881223945214,5.432553373101263,5.01946732268448,3.766869240610614e-08,1.0360177522752014e-07
P4,delta_pl_plus,56.0,4.061376166630438,0.015545015923486005,164.28092470693647,20.619721146482537,121.5075010765206,22.153702483933337,0.5121969767579768,0.41698716249966117,0.1583272459174445,5.430852060422061,5.0155524668292095,3.786144423804656e-08,1.0508016074344134e-07
P4,delta_pl_plus,57.0,4.053021332940647,0.01562928456479,168.04285031050642,20.724495788937332,124.99917680031844,22.319177721250647,0.5117971332462762,0.4168565784521092,0.1580130900945984,5.429151330261798,5.011637105742642,3.805382895822209e-08,1.0657927466677889e-07
P4,delta_pl_plus,58.0,4.044595107319422,0.015714616767991886,171.90458492290531,20.829070874337663,128.59083994636995,22.48467410219768,0.5113972386444953,0.41672603923994506,0.1576962777732524,5.427451184038835,5.007721244370071,3.8245847256454456e-08,1.0809962823902654e-07
P4,delta_pl_plus,59.0,4.036095635641299,0.01580103900808723,175.8695389069957,20.93344529096137,132.28590270193646,22.65019091409786,0.510997294674699,0.4165955453623124,0.15737673973145172,5.4257516282540355,5.00380489957436,3.843749709142573e-08,1.0964175195069596e-07
P4,delta_pl_plus,60.0,4.02752096199785,0.015888578811655805,179.9412742251529,21.037618476714076,136.0879276224618,22.81572812597704,0.5105973014117313,0.4164650967789086,0.1570544029389751,5.424052662382494,4.999888072088397,3.8628777431031515e-08,1.1120619572404525e-07
P4,delta_pl_plus,61.0,4.01886306005926,0.01597726114720075,184.12356529668202,21.14158879544336,140.00069191756185,22.981284583676793,0.5101972616444249,0.4163346943187432,0.15672896760100705,5.422354297221255,4.995970789221085,3.881968527100744e-08,1.1279355240590277e-07
P4,delta_pl_plus,62.0,4.010115425069451,0.0160671052720825,188.41993213875728,21.245352476340337,144.02772244364857,23.146857218768368,0.5097971827871298,0.4162043402958563,0.15640019083117773,5.420656562908438,4.992053123575469,3.90102136874834e-08,1.1440426897721274e-07
P4,delta_pl_plus,63.0,4.001285298672433,0.016158152707669446,192.83461177812953,21.348915084210137,148.17325125255275,23.31244544136664,0.5093970662652058,0.41607403507922575,0.15606834323901173,5.418959464249623,4.988135089109008,3.920037289842298e-08,1.1603902980188912e-07
P4,delta_pl_plus,64.0,3.9923716273744425,0.016250437389187484,197.3719004786614,21.452276441194435,152.44157185013694,23.478052187330018,0.508996904984637,0.41594377625282447,0.15573338547873602,5.417262969778404,4.9842166163554396,3.93901625772469e-08,1.1769849048610319e-07
P4,delta_pl_plus,65.0,3.983372616071795,0.016343991820218094,202.0361865346592,21.555435124117142,156.83707413664553,23.643677273896554,0.5085966993870376,0.4158135638294826,0.15539525053570288,5.415567079661884,4.980297709639152,3.957958011075291e-08,1.1938329180778586e-07
P4,delta_pl_plus,66.0,3.9742860032196674,0.01643884977790677,206.83209436791546,21.658387474722534,161.36438840490942,23.80931848828351,0.5081964548192305,0.4156833994186322,0.15505385399741886,5.41387181486135,4.976378421317487,3.9768618781738375e-08,1.2109411344001797e-07
P4,delta_pl_plus,67.0,3.9651087121433584,0.016535046737991478,211.7645067467004,21.76113052795247,166.0284004004427,23.974975818305214,0.5077961713106605,0.41555328290914423,0.1547090809828698,5.412177173929453,4.972458751678773,3.995727314583366e-08,1.2283167543236763e-07
P4,delta_pl_plus,68.0,3.9558382325992576,0.0166326193497639,216.83846559353884,21.863670032528418,170.83414731786615,24.14064824314426,0.5073958513279637,0.415423214951099,0.1543608377831509,5.410483165332856,4.968538724876888,4.014555375870516e-08,1.2459669598603526e-07
P4,delta_pl_plus,69.0,3.946471897776403,0.01673160564957229,222.05927797956028,21.966005079924702,175.78693789715024,24.306335002485326,0.5069954967083163,0.4152931959768443,0.15400902484077733,5.40878979470247,4.96461835890189,4.033345895213952e-08,1.263899332153606e-07
P4,delta_pl_plus,70.0,3.9370069428860863,0.016832045080909522,227.43249961721148,22.06813474274019,180.8923294889979,24.472035385473397,0.5065951091693818,0.41516322636447295,0.15365353894069012,5.407097066962584,4.96069767057354,4.052098702326471e-08,1.2821217262555696e-07
P4,delta_pl_plus,71.0,3.927436504314986,0.016933975188623832,232.96393598771368,22.17005570912967,186.15613503793585,24.637745240648158,0.5061946987424765,0.4150333091732754,0.15329412385128174,5.405405021957482,4.956776758120833,4.070813189094888e-08,1.300642259353083e-07
P4,delta_pl_plus,72.0,3.9177566477806236,0.017037438010659402,238.65968063904148,22.271767545209173,191.58444649786205,24.803466595970256,0.5057942605273693,0.41490344260174533,0.15293063267351995,5.403713636224295,4.952855573559562,4.0894892758504566e-08,1.3194693552004066e-07
P4,delta_pl_plus,73.0,3.9079606355255447,0.017142475118035207,244.52611502463597,22.373268264612722,197.18364650443203,24.969200255591215,0.5053937925809613,0.41477362579327914,0.15256281384755171,5.402022898606595,4.948934097862446,4.108126597861354e-08,1.338611743495068e-07
P4,delta_pl_plus,74.0,3.8980532962906964,0.01724913812356519,250.5699516795038,22.474558005599036,202.96044847775224,25.134945196152515,0.5049932973760288,0.41464385930512354,0.15219084773146635,5.4003328163619795,4.94501235524349,4.1267251805143196e-08,1.3580785528456548e-07
P4,delta_pl_plus,75.0,3.8880318860862344,0.017357474855304814,256.7982209696381,22.575634499772963,208.92188666134257,25.300699808522587,0.5045927788007719,0.41451414413103504,0.15181463190469047,5.398643402433158,4.9410903837768565,4.1452846072920006e-08,1.3778792290106155e-07
P4,delta_pl_plus,76.0,3.8778928096141563,0.01746753715908284,263.21847174535344,22.676496053353066,215.07551294887824,25.46646274312215,0.5041922401162254,0.41438448103749215,0.15143403215738124,5.396954666802769,4.937168215395361,4.163804567186255e-08,1.3980241302703963e-07
P4,delta_pl_plus,77.0,3.867632292669664,0.017579381689982795,269.8388199458998,22.777141586951956,221.42944566403202,25.632232694915785,0.5037916844757914,0.41425487074335243,0.15104890760182124,5.395266618833231,4.933245880977853,4.182284862002526e-08,1.4185245951957167e-07
P4,delta_pl_plus,78.0,3.857250959796952,0.017693008552160022,276.6637278151604,22.877551299457114,227.9881692173584,25.798007298344892,0.5033911175954504,0.4141253147882636,0.1506592815880325,5.39357927857696,4.92932343649655,4.200721855907367e-08,1.439379587295215e-07
P4,delta_pl_plus,79.0,3.8467388076120392,0.017808506938823142,283.70416760931596,22.977729776708873,234.76265189952034,25.96378593308671,0.5029905409741098,0.41399581328333074,0.1502647806558919,5.391892647480989,4.925400896629103,4.219116390941935e-08,1.460608040923599e-07
P4,delta_pl_plus,80.0,3.836091070324954,0.017925943594195387,290.96970041534394,23.07768481048316,241.76244653851074,26.12956906635001,0.5025899534828369,0.413866365470934,0.14986522688796908,5.390206715678059,4.921478250320739,4.2374698978136935e-08,1.482223193704167e-07
P4,delta_pl_plus,81.0,3.8253065254574357,0.018045381076113642,298.46981281938025,23.177413748599953,248.99704264994094,26.295356420839365,0.5021893557916701,0.4137369711526014,0.1494605746539433,5.388521480583264,4.917555504132632,4.255781889535622e-08,1.5042370396066036e-07
P4,delta_pl_plus,82.0,3.8143786146468748,0.0181668808439737,306.2144707677195,23.276914505836857,256.47640943480525,26.461146827077442,0.5017887507264579,0.41360763079385615,0.14905057913581485,5.386836948259591,4.9136326857361485,4.274051983224116e-08,1.5266620022686593e-07
P4,delta_pl_plus,83.0,3.8032958095108027,0.01829050238570531,314.2140590016915,23.376184014306183,264.2109372421049,26.626937745280433,0.5013881444241672,0.4134783458906291,0.14863481001646067,5.385153138190084,4.909709855225904,4.292279615560894e-08,1.5495107003418753e-07
P4,delta_pl_plus,84.0,3.7920614908850063,0.01841631904035836,322.4796303125403,23.475219958546315,272.2116836303459,26.792726723648137,0.5009875428091674,0.4133491178313293,0.14821339353342086,5.38347006845742,4.905787070614705,4.310464361386371e-08,1.572796610943437e-07
P4,delta_pl_plus,85.0,3.780671754345512,0.018544402815139308,331.0228107197064,23.57402741173892,280.4902711258009,26.95851218216653,0.5005869496993005,0.41321994728055245,0.14778618394655513,5.38178774771731,4.9018643692877575,4.3286071522261656e-08,1.5965336808752849e-07
P4,delta_pl_plus,86.0,3.7691204401224856,0.018674811826532505,339.8547711699698,23.672596111120228,289.057884757696,27.12429030115358,0.5001863743241959,0.4130908365917135,0.14735295135668353,5.380106206620697,4.897941841623744,4.3467061036558694e-08,1.6207334442565592e-07
P4,delta_pl_plus,87.0,3.7574051131704427,0.018807571245883992,348.98435787404793,23.77091144020804,297.9233880090641,27.29005842477576,0.4997858231012354,0.4129617871509126,0.14691360488063518,5.378425463220184,4.894019550463169,4.364758531831593e-08,1.6453999619124956e-07
P4,delta_pl_plus,88.0,3.745517890677936,0.01894283427618646,358.43062633789344,23.868990475996544,307.10581643397586,27.455819427921035,0.4993852890837284,0.41283279603268846,0.1464678502221788,5.3767454794144856,4.890097427782415,4.382767572390618e-08,1.6705643325967097e-07
P4,delta_pl_plus,89.0,3.73345686922076,0.019080638002280922,368.2041971746774,23.966818880968876,316.6158078938335,27.62157039987501,0.49898477930493423,0.4127038647590235,0.14601561633851376,5.375066275025941,4.8861755424528,4.40073059271201e-08,1.69623289426809e-07
P4,delta_pl_plus,90.0,3.721212282222929,0.019221112407467444,378.32367042785444,24.06440174227117,326.4719607657092,27.787307919874085,0.4985843020305617,0.412574995129874,0.14555653870306268,5.373387873497229,4.882253975414076,4.418648526885509e-08,1.7224321675511254e-07
P4,delta_pl_plus,91.0,3.708769786925966,0.019364387348392,388.80859783978093,24.16174004988057,336.69382885092733,27.953028938973034,0.4981838646278821,0.41244618858577087,0.14509008200027923,5.3717102935898655,4.878332798808285,4.436521556688377e-08,1.7491890986080384e-07
P4,delta_pl_plus,92.0,3.696117587779365,0.019510574980896252,399.67775585225894,24.258828087270068,347.3001978825894,28.11872988239952,0.4977834757347409,0.41231744689697275,0.14461580600810525,5.370033558359744,4.874412097219228,4.454348632465446e-08,1.7765265371474387e-07
P4,delta_pl_plus,93.0,3.6832513787650702,0.019659797627672334,410.9511311189593,24.355660814421206,358.3110646093814,28.28440569515675,0.49738314756570084,0.41218877289053973,0.14413355005281678,5.368357704626573,4.870491990254756,4.472128828780449e-08,1.8044684517148256e-07
P4,delta_pl_plus,94.0,3.6701626266658685,0.01981220046878846,422.65159545467793,24.452234041558253,369.7493073113447,28.450054101774978,0.4969828856190578,0.4120601671359401,0.14364299565490468,5.366682739807122,4.866572531755469,4.489861376316676e-08,1.833043909538163e-07
P4,delta_pl_plus,95.0,3.6568418047763265,0.019967935937203977,434.80361105627475,24.54854225113175,381.63939513361885,28.615673671524114,0.4965826933519341,0.4119316294343438,0.1431437872474079,5.3650086613118235,4.862653755574315,4.507545261954747e-08,1.862283447981878e-07
P4,delta_pl_plus,96.0,3.6432769003356418,0.020127167197210128,447.43375007135603,24.64457612045059,394.00791661234587,28.781257338559563,0.4961825878377733,0.4118031638356839,0.14263547655633488,5.363335521887115,4.858735828898443,4.525178773884172e-08,1.892220127834988e-07
P4,delta_pl_plus,97.0,3.629454136098011,0.02029007920561199,460.57174167969833,24.740319363041134,406.884624361833,28.94679795482418,0.4957825863486719,0.41167477431579735,0.14211754946468486,5.361663373314404,4.854818920860256,4.542758921621184e-08,1.9228916927577782e-07
P4,delta_pl_plus,98.0,3.615359098604583,0.02045685928486236,474.248749652205,24.83576494867002,420.30069613214124,29.11228857139373,0.4953827056755547,0.41154646459020533,0.14158946811758524,5.35999226398474,4.850903195880416,4.5602844142909637e-08,1.954336028977373e-07
P4,delta_pl_plus,99.0,3.6009692943647895,0.020627742492311113,488.5020013953268,24.930906045671573,434.2933731733997,29.27772217625551,0.4949829627617894,0.41141823812967304,0.14105039313208528,5.358322239101461,4.846988819872334,4.577753997479219e-08,1.9866016192411576e-07
P4,delta_pl_plus,100.0,3.5862631009218404,0.020802977201036014,503.3716036855237,25.025732562523952,448.90278068172773,29.44309044127206,0.49458337773094113,0.4112900992918004,0.14049951766467733,5.356653355418066,4.843075989890665,4.595165818204578e-08,2.0197393725303846e-07
P4,delta_pl_plus,101.0,3.571224413377512,0.020982837806173365,518.9017056710298,25.120233154207416,464.1730900513981,29.608382465424324,0.4941839769235175,0.4111620542124482,0.1399362408164627,5.354985692848173,4.839164963867812,4.612517793321352e-08,2.0538047945801662e-07
P4,delta_pl_plus,102.0,3.555835447019157,0.021167619535669643,535.1404495706959,25.21440604370699,480.15244852359933,29.77359500338947,0.4937847681813038,0.4110341028574972,0.13935989890673725,5.35331925094741,4.835255818592368,4.629809596538255e-08,2.0888572304965332e-07
P4,delta_pl_plus,103.0,3.5400717283896075,0.021357648330187686,552.1417168477176,25.308235720495087,496.8947634807977,29.938717646424863,0.4933857766553031,0.4109062504676746,0.13876957874300308,5.351654097971151,4.831348800348834,4.6470383798488984e-08,2.1249631043685842e-07
P4,delta_pl_plus,104.0,3.523906169194602,0.021553285907404244,569.9656290782633,25.401710585933415,514.4601793691279,30.103739123201976,0.4929870295808145,0.41077850264182786,0.13816426957426484,5.349990306838937,4.827444175831619,4.664202013538756e-08,2.1621960331716895e-07
P4,delta_pl_plus,105.0,3.5073065677599855,0.021754959221467658,588.6820796203579,25.49482144380346,532.918611094174,30.268647082380344,0.49258855680280705,0.4106508654516755,0.13754276985861885,5.348327956628992,4.823542237289636,4.6812988090199334e-08,2.200643166224171e-07
P4,delta_pl_plus,106.0,3.49022930570355,0.021963114332557723,608.3670387428784,25.58755385795547,552.3460558053389,30.43342907958407,0.49219038839105467,0.4105233446375143,0.13690345204188736,5.346667122103098,4.819643279173134,4.698326115560763e-08,2.240396122775973e-07
P4,delta_pl_plus,107.0,3.4726390108375558,0.022178251742304412,629.1056387565337,25.67989764559937,572.8276655962605,30.598075514673802,0.49179254754270446,0.4103959437477773,0.13624499626857867,5.345007849476143,4.815747528633999,4.7152820634214153e-08,2.2815562277588004e-07
P4,delta_pl_plus,108.0,3.454503572364871,0.022400901615659594,650.9906410627219,25.771835693216197,594.4562309310217,30.762574438484087,0.4913950631309362,0.4102686704708719,0.13556620445976086,5.34335023888215,4.811855268405153,4.732163510258019e-08,2.3242301235159205e-07
P4,delta_pl_plus,109.0,3.4357820367151115,0.022631625533940394,674.1237491073833,25.86334609191997,617.3334955774083,30.926907438055043,0.4909979796476187,0.41014153359029665,0.13486554859073605,5.341694404717643,4.807966934161369,4.748966433212752e-08,2.3685311715169903e-07
P4,delta_pl_plus,110.0,3.416425862659253,0.022871066947938203,698.6216705113801,25.95440802504781,641.5762100821105,31.0910524042218,0.490601350515888,0.4100145418024537,0.1341412175138457,5.340040460244799,4.804083049034479,4.765687009979217e-08,2.414589510949931e-07
P4,delta_pl_plus,111.0,3.396376344431926,0.0231199482490247,724.6171167029647,26.04499983021362,667.317134008769,31.254982863981983,0.49020523970337093,0.4098877055094273,0.13339102083749482,5.338388540940642,4.80020423941043,4.7823212629613154e-08,2.4625515000898995e-07
P4,delta_pl_plus,112.0,3.375569490943313,0.023379054945549173,752.2579230664508,26.135100318395693,694.7041433308517,31.418679417203453,0.4898096940872746,0.40976102987153296,0.13261257088343206,5.336738714013261,4.796330964321786,4.798865301481003e-08,2.51257554458248e-07
P4,delta_pl_plus,113.0,3.3539495263315313,0.023649263337305087,781.7112090753301,26.22468540947312,723.9044116276102,31.58211203824679,0.489414786219585,0.40963452675719186,0.1318037866408514,5.335091134037295,4.792463934214545,4.8153147040034375e-08,2.5648371498055907e-07
P4,delta_pl_plus,114.0,3.3314444051240737,0.023931534407740145,813.1651895054262,26.313736161800453,755.106203812884,31.745249530741724,0.48902059148116545,0.4095082085069036,0.13096198002874,5.333445961735745,4.788603887235733,4.831665992508484e-08,2.619528953363317e-07
P4,delta_pl_plus,115.0,3.307975964562985,0.024226940536461967,846.8340530320879,26.402220188948615,788.5237793121173,31.908053531022027,0.48862720257146314,0.4093820906697724,0.13008423477095102,5.3318033996205605,4.784751731119996,4.847913220276641e-08,2.6768656895833475e-07
P4,delta_pl_plus,116.0,3.283453049079868,0.024536667591688543,882.9607161785682,26.490105806807083,824.4001326019949,32.07047776976629,0.488234731292632,0.4092561920034431,0.1291671498454821,5.3301636919918165,4.780908560660145,4.8640505695464795e-08,2.737084531799501e-07
P4,delta_pl_plus,117.0,3.2577718217124567,0.02486204874557103,921.8238434982572,26.577354056961322,863.0140235704523,32.23246587084367,0.4878433138682575,0.4091305352366355,0.1282068511208951,5.328527134868974,4.777075709789358,4.880070886866074e-08,2.800451851953112e-07
P4,delta_pl_plus,118.0,3.2308366026922903,0.02520452117802506,963.7348214927706,26.66392107641094,904.6769442856465,32.39395613071309,0.48745309939472986,0.4090051471382838,0.12719976891747445,5.326894076891352,4.773254638494322,4.8959661182150416e-08,2.86725253290308e-07
P4,delta_pl_plus,119.0,3.202533298986179,0.02556567522330653,1009.0486945576341,26.749748997646673,949.7440715447646,32.55487401522291,0.48706426797148517,0.4088800589793489,0.12614164657457377,5.325264925332792,4.769447110350795,4.911725638098212e-08,2.937801711372953e-07
P4,delta_pl_plus,120.0,3.1727253182606616,0.02594722426414137,1058.1647489898305,26.834763642020963,998.6148691477454,32.71511620006411,0.4866770692646078,0.4087553190193486,0.12502738819492765,5.323640308726555,4.7656555701474055,4.927335826007778e-08,3.0124385596204803e-07
P4,delta_pl_minus,0.0,4.451199569939265,0.011942950911016367,48.032213559452686,14.45733209793686,20.645577901437985,12.929303560077841,0.5344862093878077,0.42436463689811166,0.17302060031817426,5.526936486132813,5.233813840427872,2.6546211229938597e-08,4.33144401904343e-08
P4,delta_pl_minus,1.0,4.445196672299125,0.011992399666455498,49.08470404195853,14.572266772312863,21.419293412051402,13.093143857594262,0.5340903164374237,0.424231925636302,0.17279372953999902,5.525208051076636,5.229937164160731,2.675725156040628e-08,4.41186031687195e-08
P4,delta_pl_minus,2.0,4.439167664980282,0.0120422058986982,50.15835314506408,14.687033495308187,22.214302865779935,13.25701678397596,0.5336943446447894,0.4240992481359171,0.17256589505595543,5.523480055730166,5.226059715851855,2.6967983502521412e-08,4.4929907881091354e-08
P4,delta_pl_minus,3.0,4.433107407908724,0.012092365222636516,51.25353358768972,14.801625875056327,23.030985687660564,13.420922024972823,0.5332982947692382,0.4239666047197873,0.17233690376611466,5.521752504297956,5.222181502936813,2.7178395319689918e-08,4.574835121305851e-08
P4,delta_pl_minus,4.0,4.427024253488269,0.012142891758783777,52.37075609976323,14.916044965597775,23.869851754192332,13.584859379973121,0.5329021672955151,0.4238339956207778,0.1721070691767102,5.520025399812845,5.218302530162342,2.7388488947316017e-08,4.657405425201519e-08
P4,delta_pl_minus,5.0,4.420917579700492,0.012193791705220463,53.51055093358376,15.03029195374108,24.731430193073358,13.748828786769323,0.5325059623739343,0.4237014209591163,0.17187636779339327,5.518298743840685,5.214422799000354,2.759826656458949e-08,4.740714480203697e-08
P4,delta_pl_minus,6.0,4.414790473022399,0.01224503432192975,54.67253910851288,15.14432212336281,25.615386801741906,13.91283018340816,0.5321096801541957,0.423568880850529,0.17164491532275808,5.516572537888696,5.210542310916743,2.7807646064822184e-08,4.824692544519295e-08
P4,delta_pl_minus,7.0,4.408641152347425,0.012296640063379698,55.85759228318419,15.2581509889549,26.522580633083646,14.076860661145641,0.5317133276647974,0.4234363777130455,0.17141264479568052,5.514846813449361,5.2066611347362075,2.801665593535723e-08,4.909384793138683e-08
P4,delta_pl_minus,8.0,4.402467252145469,0.012348635640018842,57.0667706781166,15.371806054822532,27.454043672787865,14.240920950506197,0.5313169031405481,0.4233039110200132,0.1711794673252535,5.5131215636635424,5.20277925317358,2.8225346678949212e-08,4.994848774549068e-08
P4,delta_pl_minus,9.0,4.396267673101683,0.012401027860082507,58.30067403178397,15.485290570824167,28.410370164111427,14.405013296848372,0.5309204011559108,0.4231714790245071,0.1709453415638139,5.511396765779241,5.198896613100735,2.8433724262911383e-08,5.081098686377605e-08
P4,delta_pl_minus,10.0,4.39003751638938,0.012453819126173046,59.559895082878754,15.598604660561966,29.392151522454704,14.569138899862082,0.5305238188120333,0.42303908082410185,0.17071008367386462,5.5096724080432455,5.195013186131435,2.8641788914199084e-08,5.168147175597217e-08
P4,delta_pl_minus,11.0,4.383780658246386,0.012507019596092022,60.84503788862397,15.711747184501682,30.399994126053862,14.733296578068428,0.5301271589637637,0.42290671743664526,0.170473839055984,5.507948503712034,5.191129000221021,2.884953854042651e-08,5.2560069846726845e-08
P4,delta_pl_minus,12.0,4.37749744115266,0.01256063666212029,62.15673009193002,15.824717827355116,31.43452606926509,14.897486195309819,0.5297304219401044,0.42277438903542774,0.17023662051160238,5.506225055042544,5.187244058591158,2.9056972562668913e-08,5.344691498709595e-08
P4,delta_pl_minus,13.0,4.371187295712286,0.01261467758691083,63.49563108062738,15.937516854868298,32.49640613715517,15.061708088603915,0.5293336069267081,0.4226420954121027,0.16999840664099533,5.504502059321264,5.183358353267568,2.9264091468882866e-08,5.434215423735639e-08
P4,delta_pl_minus,14.0,4.364849856020267,0.012669148236147692,64.86237491841074,16.05014288423234,33.58626985782569,15.225962176352713,0.5289367141207426,0.4225098366925615,0.1697591836901739,5.502779518187807,5.179471886180966,2.9470892719987404e-08,5.524590221600133e-08
P4,delta_pl_minus,15.0,4.358484610610473,0.012724056049475366,66.2576550010458,16.162595563092523,34.70481143836503,15.390247999588247,0.5285397446312282,0.422377613307594,0.16951893245958796,5.501057437252792,5.175584668191137,2.9677375668997126e-08,5.6158309806629186e-08
P4,delta_pl_minus,16.0,4.3520910290997925,0.012779408655542284,67.68218534483026,16.274874971639704,35.85274436356065,15.554566009629895,0.5281426973676263,0.422245424953469,0.16927763304112275,5.499335812560415,5.171696688619272,2.988354046315658e-08,5.707952969510725e-08
P4,delta_pl_minus,17.0,4.34566863023568,0.012835213243431412,69.13668664837095,16.38697909969457,37.03079219527331,15.718915353403082,0.5277455743912504,0.42211327237479124,0.16903526738999858,5.497614653808428,5.167807967650233,3.0089383411422066e-08,5.800970879136537e-08
P4,delta_pl_minus,18.0,4.339216952257689,0.012891476943721187,70.62189448395009,16.49890607207808,38.23969416166783,15.883294250204182,0.5273483800048758,0.42198115705946937,0.16879181820897957,5.495893980375396,5.163918547417803,3.0294901070634176e-08,5.8948992767418797e-08
P4,delta_pl_minus,19.0,4.332729854869071,0.012948203807542882,72.13861291102697,16.6106555045985,39.48025345669662,16.047703949731833,0.5269511111888129,0.4218490780624134,0.16854705537622647,5.494173779952438,5.160028398352476,3.0500092735349156e-08,5.989756257269377e-08
P4,delta_pl_minus,20.0,4.326208276609213,0.013005401321754278,73.68758298195415,16.722226231396586,40.75321238188702,16.212144368670547,0.5265537681443796,0.4217170355069557,0.1683010141248525,5.492454054145839,5.1561375224256025,3.0704956264843805e-08,6.085553821419504e-08
P4,delta_pl_minus,21.0,4.319656008676914,0.013063082603217566,75.26965158027103,16.83362001695742,42.05941602752135,16.37661553579226,0.5261563508020534,0.4215850295243675,0.168053836552342,5.490734804665281,5.152245918956403,3.090949489902392e-08,6.182310354851523e-08
P4,delta_pl_minus,22.0,4.313072105544185,0.01312125710140407,76.88570396387112,16.944837466224037,43.39974913204472,16.541117365602375,0.5257588593684177,0.42145306028395985,0.16780548724339164,5.489016033715873,5.14835358996779,3.111370974867159e-08,6.280045545000485e-08
P4,delta_pl_minus,23.0,4.306455937391423,0.013179933902160315,78.53662829143947,17.05587856617766,44.77510002200176,16.705649703260047,0.5253612942176199,0.4213211279647158,0.16755594262061604,5.487297743628698,5.144460539123503,3.131760078988205e-08,6.378777683820938e-08
P4,delta_pl_minus,24.0,4.299806870711452,0.01323912215520508,80.22333702563753,17.16674267399225,46.18638195197727,16.870212399668027,0.5249636557099288,0.4211892327424782,0.16730517897483974,5.485579936693935,5.140566769951376,3.15211668423133e-08,6.478525241845549e-08
P4,delta_pl_minus,25.0,4.29312428895332,0.013298831027675675,81.94676088546645,17.27743122623364,47.63452428749794,17.034805371734866,0.524565944046121,0.42105737473862515,0.16705317323714997,5.483862614492417,5.136672284417464,3.1724410543753586e-08,6.579306217625027e-08
P4,delta_pl_minus,26.0,4.2864059620038235,0.013359068373518426,83.70786379098163,17.38794163401013,49.120495298065975,17.19942685890552,0.5241681634802864,0.4209255554158223,0.16679984193433348,5.482145796073941,5.132777124178805,3.1927327140541176e-08,6.681139695471136e-08
P4,delta_pl_minus,27.0,4.2796482471283435,0.013419840786572622,85.50763497512668,17.498270167906114,50.64529150220734,17.36407330501322,0.5237703226053131,0.4207937776704176,0.16654504874191967,5.480429519160622,5.12888137337897,3.212990978481136e-08,6.784045021826918e-08
P4,delta_pl_minus,28.0,4.272854995125306,0.013481162675380035,87.34711722719054,17.608415579925296,52.20995196012814,17.528749687137104,0.5233724093949135,0.42066203756660236,0.16628893786839025,5.47871373249238,5.124984914253741,3.233215618502285e-08,6.888042698865739e-08
P4,delta_pl_minus,29.0,4.266025550655687,0.013543044036931634,89.22735911398064,17.718380837248443,53.8155216272719,17.6934566494603,0.5229744222925257,0.42053033463760303,0.16603148480366337,5.476998429989942,5.121087731560898,3.25340717894428e-08,6.9931518866736e-08
P4,delta_pl_minus,30.0,4.25915921364574,0.01360549524047613,91.14945269438938,17.828166919915766,55.46309187988106,17.858193894592556,0.522576362016744,0.4203986691687347,0.16577266337686275,5.475283615369263,5.117189832337087,3.273565839759785e-08,7.099393065507173e-08
P4,delta_pl_minus,31.0,4.252255106284777,0.013668528500871843,93.11458626796217,17.93777446849868,57.15385037216562,18.022961427297854,0.522178228556057,0.4202670412092336,0.16551244076494395,5.4735692892715955,5.113291216469584,3.293691718569009e-08,7.206791050985523e-08
P4,delta_pl_minus,32.0,4.245312451165768,0.0137321550671939,95.12394263794214,18.04720337622598,58.88898012413769,18.187759137578468,0.5217800221762561,0.4201354508987907,0.16525078791018516,5.471855453516278,5.10939188656108,3.3137847957668754e-08,7.315368372577826e-08
P4,delta_pl_minus,33.0,4.238330533001871,0.013796385634656474,97.17871343050382,18.156452915436702,60.66967402732395,18.352586487743167,0.521381744176583,0.4200038987022322,0.16498767808854375,5.470142114157219,5.105491855334054,3.333844937741999e-08,7.425146291183108e-08
P4,delta_pl_minus,34.0,4.231308086601436,0.013861230986015868,99.28013886812909,18.26552223967915,62.49717364897557,18.51744297947437,0.5209833957611397,0.4198723850511079,0.16472306399924447,5.468429276814937,5.101591134579355,3.353871989070922e-08,7.53614719654187e-08
P4,delta_pl_minus,35.0,4.224234375987518,0.013926694722782145,101.42950585942592,18.374415955323492,64.37276179190198,18.682328112200445,0.5205849781394747,0.41974091038063577,0.16445654394625175,5.466716947157719,5.097689736141163,3.3738667955644394e-08,7.648394048735709e-08
P4,delta_pl_minus,36.0,4.217117951810004,0.013992797405622497,103.62817689297887,18.48313018313667,66.2978052218356,18.8472414880066,0.5201864922730831,0.4196094750593919,0.16418843801796779,5.465005129985913,5.093787669434664,3.393828644926951e-08,7.761912802066203e-08
P4,delta_pl_minus,37.0,4.209960948392711,0.014059553082122136,105.87750299257547,18.591663445323736,68.27365664603823,19.012182901213514,0.519787938658955,0.4194780792745557,0.16391882612532893,5.463293827737348,5.0898849393265,3.413757265809246e-08,7.876726495820348e-08
P4,delta_pl_minus,38.0,4.20276046068164,0.014126974476392747,108.17897478182242,18.700016332341963,70.30180624345002,19.177152206030446,0.5193893176493696,0.4193467231635596,0.16364759961361391,5.461583042201948,5.085981549266271,3.433652766629692e-08,7.992864038328243e-08
P4,delta_pl_minus,39.0,4.1955154225792,0.01419507615833922,110.5341335444395,18.80818935353114,72.38379502857462,19.34214916233372,0.5189906298245459,0.4192154069585538,0.16337471865015163,5.459872776403242,5.0820775049356195,3.4535152409120547e-08,8.110354891125841e-08
P4,delta_pl_minus,40.0,4.188220375971465,0.014263868034477269,112.94452843662441,18.916180745389443,74.52117657230956,19.507171118925406,0.5185918815906648,0.41908413279850704,0.16309997914355454,5.458163058199218,5.078172869065363,3.4733443648463016e-08,8.229226868439586e-08
P4,delta_pl_minus,41.0,4.180878692656407,0.014333350374331104,115.41107830938121,19.0239795322981,76.71487915089145,19.67221962619166,0.5181930692014749,0.4189528994711684,0.16282350728077433,5.456453871801487,5.074267604971333,3.4931381231152746e-08,8.349471496519099e-08
P4,delta_pl_minus,42.0,4.17349153833313,0.014403535084335886,117.93523709823997,19.131583085568696,78.96635793359958,19.837296079071695,0.5177941892863365,0.418821705889931,0.16254534669499204,5.45474520305805,5.070361679647439,3.5128960330454264e-08,8.471108373965103e-08
P4,delta_pl_minus,43.0,4.16605585379307,0.014474458149288693,120.51958696058372,19.23900864393485,81.27817837423098,20.002399942417895,0.5173952431383452,0.41869055250186715,0.16226538301546,5.453037057791591,5.066455105755974,3.532621259972246e-08,8.594214019484628e-08
P4,delta_pl_minus,44.0,4.158570540519161,0.014546135329902371,123.16594048512954,19.346252291236336,83.65215952389651,20.16752866999669,0.5169962369100528,0.41855944134498685,0.1619835752408141,5.451329462545207,5.062547943544164,3.552313084819657e-08,8.718821015399017e-08
P4,delta_pl_minus,45.0,4.151034416312325,0.014618583241583707,125.87617571071696,19.453314244338422,86.09017665862642,20.332684807752134,0.5165971644496071,0.41842837041003295,0.1616998791859022,5.449622391150277,5.058640132771635,3.5719715474079473e-08,8.844962242675903e-08
P4,delta_pl_minus,46.0,4.1434456734294525,0.01469182563770545,128.65254744776294,19.560197917021032,88.59448178392738,20.497867746814535,0.5161980272282409,0.4182973401911102,0.16141422731512522,5.447915850042038,5.054731687845041,3.591597274567311e-08,8.972687034638425e-08
P4,delta_pl_minus,47.0,4.1358012051395585,0.014765900673566819,131.49802963507818,19.666915600461586,91.16803717016909,20.66307686444752,0.5157988267506936,0.4181663511894513,0.1611265035348952,5.4462098457485535,5.050822623499141,3.611192523174673e-08,9.102076601844303e-08
P4,delta_pl_minus,48.0,4.128100456472197,0.014840800504351534,134.41365930121327,19.773445496986106,93.81190177893599,20.828312025291172,0.5153995633440398,0.41803540351169105,0.16083668716783503,5.444504379658642,5.0469129429367285,3.6307532907926966e-08,9.233113067925783e-08
P4,delta_pl_minus,49.0,4.120335611164035,0.014916534761408827,137.4014627743732,19.879785584944536,96.52810481904889,20.993572370379745,0.5150002390838282,0.41790449783213596,0.1605444860847049,5.442799460554488,5.04300266648206,3.650279206210781e-08,9.365825752017304e-08
P4,delta_pl_minus,50.0,4.1125114166614996,0.014993127088631866,140.46368945698575,19.985936751172634,99.31889557259193,21.158857133221183,0.5146008558221599,0.41777363475171236,0.16025007787031467,5.441095096262572,5.039091812271343,3.66977043226761e-08,9.500251983425374e-08
P4,delta_pl_minus,51.0,4.10462882569291,0.015070598914757767,143.60269079955933,20.09189827720303,102.18662645177984,21.324166070576453,0.5142014141467817,0.4176428144526343,0.1599534982049922,5.439391289156055,5.03518038605993,3.6892268370399054e-08,9.636430970238578e-08
P4,delta_pl_minus,52.0,4.096684361361897,0.015148969754527855,146.8209673794825,20.19766776132396,105.1338036251384,21.48949599302015,0.513801921764412,0.41751203944754256,0.15965461721818638,5.43768807195964,5.031268463313809,3.7086479795310325e-08,9.774405953960866e-08
P4,delta_pl_minus,53.0,4.088675884638786,0.015228260230177995,150.12108259205877,20.3032436393439,108.16299317688953,21.65484577582535,0.5134023813927672,0.4173813106093616,0.15935335503898293,5.4359854560423155,5.027356070645494,3.728033572527846e-08,9.914219554309526e-08
P4,delta_pl_minus,54.0,4.0806047604765086,0.015308493121543735,153.50562472918708,20.408626083998442,111.27677967965298,21.820218965535638,0.5130027844622119,0.41725062509626143,0.15904976270337481,5.434283404392013,5.0234431241391135,3.747383647747644e-08,1.0055911863002383e-07
P4,delta_pl_minus,55.0,4.072469309679165,0.015389690772178426,156.97735674767378,20.5138142684167,114.47792651152552,21.985615967731537,0.5126031299927281,0.4171199825581468,0.15874377749961632,5.432581912449083,5.019529614198101,3.7666980533623507e-08,1.0199527685824903e-07
P4,delta_pl_minus,56.0,4.064267917958951,0.015471876095681552,160.5391547365756,20.61880424817078,117.76931411412846,22.15103637427633,0.5122034189705104,0.41698938328230895,0.1584353391546134,5.4308809839552135,5.015615550479505,3.785976065105448e-08,1.034511342558334e-07
P4,delta_pl_minus,57.0,4.05599891923312,0.015555072898377063,164.1940161983003,20.723593885824833,121.15394304231833,22.316479270157114,0.511803653606536,0.4168588279496264,0.15812438546842475,5.429180627778185,5.011700954633732,3.8052172905060194e-08,1.0492717018746944e-07
P4,delta_pl_minus,58.0,4.047660603925551,0.015639305903972486,167.94505469281734,20.828185439906342,124.6349253057372,22.4819439471738,0.5114038356120533,0.41672831707062036,0.15781085261606626,5.427480850567038,5.007785843417724,3.82442214426954e-08,1.0642387371035966e-07
P4,delta_pl_minus,59.0,4.039251187214438,0.015724600624719188,171.79552289097617,20.932577933693267,128.21551482109538,22.647430136187534,0.5110039656373916,0.4165978508023695,0.15749467395827113,5.425781654367571,5.003870223199659,3.843590447052619e-08,1.0794175480452989e-07
P4,delta_pl_minus,60.0,4.030768829004101,0.015810983423167217,175.7488130149136,21.03677029576085,131.89910579807602,22.81293692107673,0.5106040458962071,0.4164674298025612,0.15717578080074285,5.424083047745523,4.999954115656175,3.8627220021227754e-08,1.0948134129769278e-07
P4,delta_pl_minus,61.0,4.022209273544596,0.01589847863802305,179.80839721019595,21.140761334933437,135.68917120927875,22.97846466598374,0.5102040755086101,0.41633705372600716,0.15685401418916306,5.42238502620515,4.996037512171187,3.881816590759155e-08,1.1104315144881478e-07
P4,delta_pl_minus,62.0,4.013565021767241,0.015987108096356905,183.97784395201444,21.244548826137873,139.5892828027756,23.14401232310095,0.5098040570064543,0.4162067233045271,0.15652909404203025,5.420687599277694,4.992120437537197,3.900873804399088e-08,1.1262770166521483e-07
P4,delta_pl_minus,63.0,4.004835567199532,0.016076904739349515,188.2611344860659,21.34813449270477,143.60342425982716,23.30957573353398,0.5094040004390191,0.41607644172693453,0.15620100156979874,5.418990808494346,4.988202990159098,3.919893959476464e-08,1.1423563017045445e-07
P4,delta_pl_minus,64.0,3.9960238762869356,0.016167903930424075,192.6623451611702,21.451520336692656,147.7356691769309,23.47515564754665,0.5090039039934164,0.4159462083037656,0.1558698476417239,5.417294644875512,4.984285152284666,3.938877423604535e-08,1.1586756112372672e-07
P4,delta_pl_minus,65.0,3.9871292819984014,0.016260137768754818,197.18564942719232,21.5547044724374,151.99019035138687,23.64075460336803,0.5086037615364359,0.4158160209234098,0.1555356073527329,5.4155990809195185,4.980366863856071,3.957823850542113e-08,1.1752410791414025e-07
P4,delta_pl_minus,66.0,3.9781500119805293,0.016353638755522582,201.83541521222708,21.657686480480756,156.3713567309186,23.80637200082772,0.50820357451829,0.4156858799276233,0.155198214542459,5.413904121077408,4.976448139074134,3.9767331632692674e-08,1.1920590960095285e-07
P4,delta_pl_minus,67.0,3.9690829390904416,0.01644844073145748,206.61629445258978,21.76046066054132,160.8838276527735,23.97200613927496,0.5078033470483196,0.4155557865500968,0.15485755246297064,5.412209781416801,4.972529018178481,3.99560431511381e-08,1.2091366324967833e-07
P4,delta_pl_minus,68.0,3.959925623071196,0.01654457897694613,211.53309063247684,21.86303016693304,165.53240345623266,24.13765700931114,0.507403079149235,0.41542574066061855,0.15451353000601165,5.410516060241817,4.968609501391494,4.0144378852634065e-08,1.2264806315536217e-07
P4,delta_pl_minus,69.0,3.9506755346840836,0.016642089926646834,216.5908308192632,21.96539676363804,170.3221107707536,24.303323284871567,0.5070027740252518,0.41529574315023465,0.15416605275799422,5.408822969157463,4.9646896200896045,4.0332341976162835e-08,1.2440983071400693e-07
P4,delta_pl_minus,70.0,3.941330022534055,0.016741011476719907,221.79479123115797,22.067559698710877,175.25822716644743,24.469004365999673,0.5066024331260659,0.415165794326113,0.15381502173639702,5.407130512164303,4.960769388468571,4.051993114101996e-08,1.2619971989085797e-07
P4,delta_pl_minus,71.0,3.9318863381287326,0.0168413829144437,227.15049560833796,22.169517988800855,180.3462780092257,24.634699610311404,0.5062020580038918,0.4150358945129908,0.15346033433509595,5.405438693491723,4.956848821728041,4.070714454160015e-08,1.2801851222817906e-07
P4,delta_pl_minus,72.0,3.9223395582248064,0.016943243343969242,232.66373027739365,22.271269139873212,185.59205486146612,24.800406276054336,0.5058016552837205,0.41490604566623945,0.15310180676568938,5.403747538606533,4.952927984741474,4.0893977598415765e-08,1.298670196660258e-07
P4,delta_pl_minus,73.0,3.9126790770400457,0.017046629072619765,238.34051861702898,22.3728100659006,191.00158505211326,24.966123499015104,0.5054012270537802,0.41477624825298687,0.15273904303934238,5.4020570535926185,4.94900689795729,4.1080424644976405e-08,1.3174607014203235e-07
P4,delta_pl_minus,74.0,3.9029050838260395,0.0171515868109627,244.18722256331682,22.474140817338707,196.5812283132165,25.131853432761602,0.5050007681103309,0.4146465003604682,0.15237205025158682,5.40036721353808,4.945085510419248,4.12664857739276e-08,1.3365653747014127e-07
P4,delta_pl_minus,75.0,3.8930209848220207,0.01725816688564052,250.21051023611125,22.575261219013527,202.33765384866615,25.29759516843156,0.5046002806494877,0.414516802457311,0.15200095563489135,5.398678024546334,4.941163843632223,4.1452160663618965e-08,1.3559932848027654e-07
P4,delta_pl_minus,76.0,3.8830233638215668,0.01736641646886213,256.4173717451607,22.67616875527555,208.2778559420166,25.463347047868556,0.504199768677911,0.41438715557370825,0.1516256316691885,5.396989500034643,4.93724193683037,4.163744469487441e-08,1.3757538377888645e-07
P4,delta_pl_minus,77.0,3.872908460153728,0.017476390742215388,262.8155455538039,22.77686281069229,214.40957497104446,25.629107772067158,0.5037992353344325,0.41425756044365264,0.15124593797119237,5.395301649562547,4.93331982074986,4.182233673765133e-08,1.395858102327981e-07
P4,delta_pl_minus,78.0,3.862675453621479,0.017588110183243088,269.41064507755186,22.877330415604817,220.73843854308635,25.794876118860703,0.5033986835722154,0.4141280177358985,0.15086184394141997,5.393614481839919,4.929397524308758,4.200681297736879e-08,1.4163094956718902e-07
P4,delta_pl_minus,79.0,3.8523205580468796,0.01770162598351121,276.2105828183458,22.97756672998374,227.27236613445248,25.960649953909577,0.502998118548538,0.41399852878787335,0.15047320824966479,5.391928014285454,4.92547509800834,4.219086452687931e-08,1.4371182367902966e-07
P4,delta_pl_minus,80.0,3.8418340081771025,0.017817016366704623,283.2255752520704,23.077578113180213,234.02156927824123,26.126427860648974,0.5025975436862947,0.41386909433614466,0.15007966634470374,5.3902422564922245,4.921552575366384,4.237450306307305e-08,1.4583008450941542e-07
P4,delta_pl_minus,81.0,3.831213333339053,0.017934339880723797,290.4645211494475,23.1773664890838,240.99494356339258,26.292211096971094,0.5021969559459972,0.4137397130131893,0.1496811259857962,5.388557190649573,4.917629926619513,4.255773211855052e-08,1.4798685786004096e-07
P4,delta_pl_minus,82.0,3.8204565229565572,0.018053658424164353,297.93685485068295,23.276929389535546,248.20192626069658,26.457999200450853,0.5017963564450192,0.4136103847679764,0.14927751212308146,5.386872816092873,4.913707162709311,4.274054716133663e-08,1.5018333968510119e-07
P4,delta_pl_minus,83.0,3.809552519606254,0.018175029470170755,305.6524152312721,23.376264654953278,255.65235953278653,26.62379104353226,0.501395747907913,0.4134811100346333,0.14886841199227135,5.385189138476209,4.9097843103152305,4.292294422605769e-08,1.5242074727912795e-07
P4,delta_pl_minus,84.0,3.798497909982247,0.01829851801300137,313.6215640597768,23.475369639838892,263.35661075926004,26.78958366067786,0.5009951375004088,0.41335189064285066,0.14845369822176038,5.383506181629523,4.905861439605776,4.310491845511263e-08,1.5470034992928395e-07
P4,delta_pl_minus,85.0,3.7872937587477478,0.018424195046879675,321.8552354217426,23.574242788412654,271.32561765596495,26.955374977364926,0.5005945302352474,0.4132227276891863,0.14803341057676522,5.381823959834412,4.901938599666876,4.3286466991815526e-08,1.5702347490545118e-07
P4,delta_pl_minus,86.0,3.775935096890433,0.018552131389110257,330.3649611109018,23.672889287204626,279.5709085392949,27.12116328440228,0.5001939302424061,0.4130936219403754,0.14760736357932902,5.380142483076857,4.898015830940234,4.3467599359550184e-08,1.593915055192429e-07
P4,delta_pl_minus,87.0,3.7644156739477777,0.01868236457518705,339.1603594058394,23.771291422785577,288.10212513663186,27.286942846422008,0.49979335138045194,0.4129645772346356,0.1471753239705004,5.378461801345908,4.894093269132175,4.3648283033336843e-08,1.6180517769504278e-07
P4,delta_pl_minus,88.0,3.7527338730750226,0.018814954287776544,348.25267738440954,23.869445598631284,296.93051676334284,27.452715022435406,0.4993927903655591,0.41283559185121566,0.14673723135846753,5.376781892230453,4.890170882086712,4.382851140932279e-08,1.6426559113326777e-07
P4,delta_pl_minus,89.0,3.740882151366906,0.018950026669062228,357.65887221909696,23.967361721825398,306.07302972801995,27.618480769251605,0.4989922448857568,0.41270666436800163,0.1462928041583464,5.375102737208844,4.886248647164483,4.400830267866069e-08,1.66775294064564e-07
P4,delta_pl_minus,90.0,3.728857799771036,0.0190876288309623,367.39027425947137,24.065027945890115,315.5410092349111,27.78423707867016,0.4985917222098632,0.4125777963764415,0.14584194125847127,5.37342435700814,4.882326635543457,4.418763508912821e-08,1.6933513914679097e-07
P4,delta_pl_minus,91.0,3.7166491197857647,0.01922791346177391,377.4672651133701,24.16245413733027,325.3548303492023,27.94998062683756,0.49819123036942004,0.412448989591751,0.14538420602765376,5.37174677396736,4.878404925870366,4.436652675736815e-08,1.7194827102130015e-07
P4,delta_pl_minus,92.0,3.704238516211798,0.01937098978093289,387.9078917311521,24.259635608146425,335.53254796514534,28.115708157860368,0.4977907772317547,0.4123202456269646,0.14491894177060613,5.370070009094706,4.874483595183918,4.454496907538684e-08,1.7461699544434797e-07
P4,delta_pl_minus,93.0,3.6916245080171626,0.01951696920022499,398.7303011318899,24.356568038062573,346.0923168877311,28.281416206096278,0.4973903711710179,0.4121915661693755,0.1444460932323734,5.368394084365531,4.870562725485754,4.4722954110395645e-08,1.7734345411418788e-07
P4,delta_pl_minus,94.0,3.6787991641281783,0.019665977843225733,409.95486430585817,24.453246392620187,357.0545174339214,28.447100479316614,0.49699002255866964,0.4120629534587233,0.14396536442991417,5.366719028950263,4.8666424183356325,4.4900472618240914e-08,1.801301662690362e-07
P4,delta_pl_minus,95.0,3.6657501796861034,0.019818157688733608,421.6042847264256,24.54966532501689,368.441862294381,28.61275710702775,0.4965897407471168,0.4119344093069627,0.14347629614296678,5.365044866447851,4.862722765314507,4.50775147812506e-08,1.829800189470752e-07
P4,delta_pl_minus,96.0,3.6524704454024,0.019973659044596276,433.70261766222353,24.645819335526337,380.278412572963,28.77838575373422,0.4961895265470287,0.4118059326700542,0.14297862301510633,5.363371583260696,4.8588037743606405,4.525407050095727e-08,1.858959893078836e-07
P4,delta_pl_minus,97.0,3.6389477931442005,0.02013264620161408,446.2764323110113,24.741697484660733,392.59075578513256,28.943979041218025,0.4957893977866474,0.4116775278458114,0.14247189097993693,5.361699235363636,4.854885620052346,4.543011969053218e-08,1.8888141101638415e-07
P4,delta_pl_minus,98.0,3.625168713709739,0.020295299599292917,459.3549025176824,24.837285763408662,405.4080868682311,29.1095298860426,0.4953893715819245,0.41154919877559276,0.14195559592545237,5.360027874089032,4.85096846999302,4.560563662695996e-08,1.9193995453567367e-07
P4,delta_pl_minus,99.0,3.611118715197762,0.020461810312339,472.96938074773027,24.93257729786763,418.76177217287034,29.27503127699232,0.4949894648743016,0.41142094920333705,0.14142919707190185,5.358357548198042,4.847052490077217,4.578060868854342e-08,1.950754863558433e-07
P4,delta_pl_minus,100.0,3.596772147824658,0.020632410601103147,487.1568275202113,25.027564977403227,432.688786152858,29.440476389950124,0.49458969415312776,0.41129278247229234,0.14089173724984488,5.356688301233222,4.843137841772494,4.595502281890385e-08,1.982928267074019e-07
P4,delta_pl_minus,101.0,3.5821135020462322,0.020807350547871126,501.9570570289765,25.122238572021214,447.22896227552997,29.60585618142536,0.4941900812705006,0.4111647035061102,0.1403426377513063,5.35502019732034,4.8392247390596985,4.6128860233967815e-08,2.0159703669188947e-07
P4,delta_pl_minus,102.0,3.5671246369940164,0.02098690144741923,517.4138107585313,25.216588578541533,462.4260611186662,29.77116106132355,0.4937906493992956,0.4110367174351891,0.13978122168248125,5.353353303277847,4.8353134088530405,4.630210348422088e-08,2.0499361527139713e-07
P4,delta_pl_minus,103.0,3.5517872976918996,0.02117135684464799,533.574892651465,25.310611721226664,478.32789370166734,29.936387228571004,0.49339140772417794,0.4109088246693911,0.1392068078221587,5.3516876244437945,4.831403941090907,4.647474655483128e-08,2.0848846775462584e-07
P4,delta_pl_minus,104.0,3.536077232437037,0.02136104117013929,550.4937861184926,25.404292380308977,494.9879694263173,30.1015243118663,0.4929923813056802,0.41078103043518016,0.13861849125473694,5.350023228887792,4.827496581171888,4.664676076515116e-08,2.1208819970929887e-07
P4,delta_pl_minus,105.0,3.519967485480099,0.021556314996475975,568.2302164840622,25.497619611660475,512.466035736517,30.266561135884672,0.49259359714712425,0.4106533402729733,0.13801526617621548,5.34836018876838,4.823591593518823,4.681812601983158e-08,2.1580014268546583e-07
P4,delta_pl_minus,106.0,3.503425689989238,0.02175760741444975,586.8539849767999,25.590584782366673,530.8319148118962,30.431485382536966,0.49219508501313297,0.4105257602457571,0.1373959248834166,5.346698583050059,4.81968926959385,4.698882646731913e-08,2.196330520895531e-07
P4,delta_pl_minus,107.0,3.486405719492459,0.021965355343323126,606.4399193407471,25.683172115342288,550.1604623188908,30.596284906513976,0.491796874250835,0.4103982958870087,0.13675874623010542,5.345038483800986,4.815789896770911,4.715883313810302e-08,2.2359591863688831e-07
P4,delta_pl_minus,108.0,3.4688785998724976,0.022180060238675168,627.0725488456844,25.77537311829541,570.5362254806028,30.760950246786265,0.49139898772124146,0.41027095091785154,0.13610264911401385,5.34337993948517,4.811893698910368,4.732813043883771e-08,2.2769882847202035e-07
P4,delta_pl_minus,109.0,3.450810426690844,0.022402240431197384,648.8430379933681,25.867169006349993,592.0503991578768,30.925469829141303,0.49100145339152046,0.4101437330064357,0.13542636852474144,5.341723049972808,4.808000949873265,4.749668387717815e-08,2.3195221438252338e-07
P4,delta_pl_minus,110.0,3.4321602305327703,0.02263245485397505,671.8522741695133,25.958537820037577,614.8039115005649,31.089824848910762,0.49060431670003934,0.41001665084673683,0.1347283758455911,5.340067928494473,4.804112094602713,4.7664453131667756e-08,2.3636735467713977e-07
P4,delta_pl_minus,111.0,3.41288008010845,0.02287134540209678,696.2161439218655,26.049459577645383,638.912690560082,31.253993784138185,0.4902076296510423,0.40988971249474676,0.13400688267919425,5.338414679971618,4.800227642336419,4.783140151235817e-08,2.4095721840740313e-07
P4,delta_pl_minus,112.0,3.3929085148839877,0.023119626088938788,722.0658486268911,26.139913254476774,664.5079859150372,31.41794945737701,0.48981145791432895,0.40976292912850687,0.13325959585484867,5.336763449987357,4.796348236128406,4.7997490414198734e-08,2.4573628371239933e-07
P4,delta_pl_minus,113.0,3.372187164756875,0.023378078225466368,749.5476978494976,26.229877593369412,691.7361474901245,31.58167276600365,0.48941584764822615,0.4096363056887409,0.13248433743630803,5.33511430288981,4.792474327971793,4.816268080529078e-08,2.507202540910072e-07
P4,delta_pl_minus,114.0,3.350659558650828,0.023647567303934948,778.826635433827,26.31933017598697,720.7621706909376,31.745134566902543,0.4890208692722472,0.40950985363598585,0.1316790004644394,5.33346738794132,4.78860660743091,4.832693152161541e-08,2.559264521050212e-07
P4,delta_pl_minus,115.0,3.32825446174775,0.023929046779455947,810.0888746756592,26.40825009693821,751.77232109094,31.908303487781087,0.48862659859234253,0.4093835855286192,0.13084092711090636,5.331822868702533,4.784745816815332,4.849020417718773e-08,2.613739792089884e-07
P4,delta_pl_minus,116.0,3.304893380542076,0.024223578481072396,843.5460529265399,26.496606091003418,784.9783056258501,32.0711412096864,0.488233128199917,0.40925751698867047,0.12996718875976382,5.330180948635184,4.78089286280173,4.8652441363550825e-08,2.6708408558428055e-07
P4,delta_pl_minus,117.0,3.280485230730213,0.024532335601658274,879.43799977797,26.584366597597544,820.6200307879985,32.233602392374046,0.4878405676521638,0.40913166621017594,0.12905438703997785,5.328541864698893,4.777048818199739,4.881358512990496e-08,2.7308021784832446e-07
P4,delta_pl_minus,118.0,3.2549316132459696,0.024856638959174403,918.0398062445427,26.671493977784635,858.9726803669022,32.39563189985583,0.48744905017606915,0.4090060553013784,0.12809885071803673,5.326905904832011,4.773214987599131,4.897356636452624e-08,2.793887145336795e-07
P4,delta_pl_minus,119.0,3.228134577853108,0.025197908761892762,959.6587021518428,26.757943176058223,900.3435921117375,32.557166864047026,0.48705872768195,0.40888071213970334,0.12709692541301024,5.32527343211088,4.7693928585412255,4.9132302337559395e-08,2.860377300059546e-07
P4,delta_pl_minus,120.0,3.1999824140904143,0.025557718443721456,1004.6449147183864,26.843656940192286,945.0831235211278,32.718134257066204,0.48666977662959005,0.4087556671549918,0.12604444335295392,5.323644842854569,4.765584158961451,4.928968792382124e-08,2.930584092093644e-07
