phase,case,label,cycle,capacity_Ah,capacity_retention,resistance_Ohm,expansion_um,expansion_SEI_um,expansion_plating_um,expansion_LAMn_um,nLi_mol,Cp_Ah,Cn_Ah,delta_SEI_m,delta_pl_m,eps_n,eps_p
second_life,low_SEI_high_plating,Low SEI / high plating,0.0,4.451173304721826,1.0,0.0119650648374319,60.88990068936549,3.8319624666333714,44.128373607454826,12.92956461527729,0.1730196110765483,5.526933335243084,5.233807663519556,7.036158841434001e-09,6.332542957290602e-08,0.5344855785911435,0.4243643949691191
second_life,low_SEI_high_plating,Low SEI / high plating,1.0,4.444370406581573,0.99847166181262,0.0120230175055431,62.58913265854186,3.948440356137335,45.547279061037216,13.093413241367315,0.1727626973359737,5.52520447559452,5.229930790187444,7.2500327870170124e-09,6.433545885125758e-08,0.5340896655161405,0.4242316511066102
second_life,low_SEI_high_plating,Low SEI / high plating,2.0,4.437526449413812,0.9969340993096052,0.012081474500588,64.32567287468135,4.06471560165262,47.00367272341235,13.25728454961638,0.1725042678804272,5.523476152769465,5.226053380165708,7.463534642501275e-09,6.535594230120422e-08,0.5336936976334558,0.4240989484620371
second_life,low_SEI_high_plating,Low SEI / high plating,3.0,4.430641268663645,0.995387275522074,0.0121404520803481,66.10070132715052,4.180797596383963,48.49872575282428,13.421177977942278,0.1722443163841061,5.521748373220193,5.222175446753949,7.676681655467146e-09,6.638719939524343e-08,0.533297676301268,0.4239662875308131
second_life,low_SEI_high_plating,Low SEI / high plating,4.0,4.423719392455218,0.9938322077377924,0.0121999649168229,67.91524594086512,4.296689861451021,50.033462758996976,13.585093320417128,0.171983012673037,5.52002113961259,5.218296994824693,7.889480291311253e-09,6.742942624780761e-08,0.5329016020171679,0.4238336685176277
second_life,low_SEI_high_plating,Low SEI / high plating,5.0,4.416760090777205,0.9922687319525134,0.0122600229527492,69.77037735719932,4.412387859681824,51.60895948364352,13.749030013873975,0.1717203291566168,5.518294458347567,5.214418037703208,8.101922218985741e-09,6.848283575055464e-08,0.532505476141955,0.4237010919139508
second_life,low_SEI_high_plating,Low SEI / high plating,6.0,4.409762685059774,0.9906966957188292,0.0123206361104152,71.66719096597839,4.52788892210156,53.226317989920055,13.912984053956778,0.1714562402390014,5.516568372019424,5.210538670137807,8.314002537782192e-09,6.954763976673332e-08,0.5321093083514927,0.423568560990222
second_life,low_SEI_high_plating,Low SEI / high plating,7.0,4.402725149912034,0.9891156440126926,0.0123818145066428,73.60683892124541,4.6431958428398765,54.88668394811449,14.076959130291046,0.1711906697541851,5.514842842183093,5.206658804827113,8.525726378215377e-09,7.062405999021647e-08,0.531713089730412,0.4234360727945844
second_life,low_SEI_high_plating,Low SEI / high plating,8.0,4.395643794286626,0.9875247476038972,0.0124435665023362,75.59049709392492,4.758310247259217,56.59123046392237,14.24095638274333,0.1709234791344772,5.513117857247156,5.202778414800391,8.737096724737367e-09,7.171231661343879e-08,0.531316817524414,0.4233036264370353
second_life,low_SEI_high_plating,Low SEI / high plating,9.0,4.3885209874039495,0.9859245387611812,0.0125059058165149,77.61936709086858,4.8732345304581495,58.34115776518883,14.404974795221602,0.1706547572096888,5.511393428276264,5.198897524099708,8.948117975171499e-09,7.281262788830623e-08,0.5309204941887168,0.4231712227671315
second_life,low_SEI_high_plating,Low SEI / high plating,10.0,4.381356822772119,0.9843150384920656,0.0125688451962085,79.69472666249968,4.987966946709907,60.13774549212173,14.569014223668036,0.1703845074145098,5.50966955713907,5.195016136133662,9.158786924055576e-09,7.39252420556643e-08,0.5305241200714124,0.4230388619283504
second_life,low_SEI_high_plating,Low SEI / high plating,11.0,4.37415041843414,0.9826960486562094,0.0126323966667109,81.81789093117042,5.102505988135586,61.98231024665615,14.733074696378695,0.1701126966081379,5.507946243861841,5.191134250232731,9.369100802658024e-09,7.505040904326455e-08,0.5301276951041279,0.4229065439227087
second_life,low_SEI_high_plating,Low SEI / high plating,12.0,4.366900883778922,0.981067369169044,0.0126965724369873,83.99021760264513,5.216849433395077,63.87621256402589,14.897155605224176,0.1698392913511464,5.506223495125224,5.187251880786056,9.579055532206676e-09,7.61883840925538e-08,0.5297312207563075,0.4227742692631545
second_life,low_SEI_high_plating,Low SEI / high plating,13.0,4.359607314659385,0.9794287969050076,0.0127613850290792,86.21310380037355,5.330997794499228,65.82084874380467,15.061257262069644,0.1695642577055562,5.50450130791941,5.183369020414494,9.788652052843738e-09,7.733942215430903e-08,0.5293346962743806,0.422642037718591
second_life,low_SEI_high_plating,Low SEI / high plating,14.0,4.352268663019895,0.977780096408061,0.012826848676502,88.4880541002262,5.444952195017493,67.81772380029467,15.225378104914023,0.1692875563747082,5.502779698858675,5.179485706077042,9.997892427640869e-09,7.850381971224445e-08,0.528938125432664,0.4225098505646817
second_life,low_SEI_high_plating,Low SEI / high plating,15.0,4.3448839447569885,0.9761210465896518,0.0128929778003649,90.81662198459568,5.558711785631953,69.86839351962416,15.389516679339556,0.1690091504752864,5.501058683376502,5.17560197218713,1.020677509710059e-08,7.968187825018835e-08,0.5285415117455177,0.4223777089864274
second_life,low_SEI_high_plating,Low SEI / high plating,16.0,4.337453288307097,0.9744516763042916,0.0129597880610604,93.20040689290516,5.672276394048407,71.97445645968945,15.5536740391673,0.1687290447995399,5.4993382505994015,5.171717793809971,1.0415299744860373e-08,8.087389889377957e-08,0.5281448526665573,0.4222456121489491
second_life,low_SEI_high_plating,Low SEI / high plating,17.0,4.329967256453893,0.9727698653882207,0.0130272863913218,95.6410440253954,5.7856426709534645,74.1375515280129,15.71784982642902,0.1684468857716334,5.4976184043622345,5.167833179415561,1.0623460220990184e-08,8.20801805886605e-08,0.527748149060754,0.4221135603466918
second_life,low_SEI_high_plating,Low SEI / high plating,18.0,4.322428153364255,0.9710761314952626,0.0130954899782457,98.1402073879006,5.898807990126878,76.35935565909384,15.882043738679874,0.1681627598170755,5.495899148747935,5.163948136160143,1.0831251703286533e-08,8.330101848316687e-08,0.5273514016589155,0.4219815538931477
second_life,low_SEI_high_plating,Low SEI / high plating,19.0,4.314838724778887,0.9693710914831568,0.0131644174592651,100.6996523708339,6.011772988479242,78.64162401032127,16.046255372033396,0.1678767698497795,5.494180489430393,5.1600626736002,1.103867536122958e-08,8.453672530079567e-08,0.5269546114369666,0.4218495932239651
second_life,low_SEI_high_plating,Low SEI / high plating,20.0,4.307197726881912,0.9676544659163948,0.0132340845069353,103.32120185269972,6.124538162293541,80.98617925210965,16.21048443829651,0.1675888693084984,5.492462429563072,5.156176798554759,1.1245732106082409e-08,8.578762388059895e-08,0.5265577790912783,0.4217176785812703
second_life,low_SEI_high_plating,Low SEI / high plating,21.0,4.299503420059118,0.9659258639734796,0.0133045067647472,106.00674971891432,6.237101850972436,83.39491790087432,16.37472996706757,0.1672989930854982,5.490744979355799,5.152290533984792,1.1452418888695462e-08,8.705404920708514e-08,0.5261609069666654,0.4215858107489859
second_life,low_SEI_high_plating,Low SEI / high plating,22.0,4.291749870897006,0.9641839526545276,0.0133756961296548,108.75824905458566,6.349459134764982,85.86980350777637,16.53898641204431,0.1670069191146038,5.489028196779792,5.148404011123087,1.1658726675538426e-08,8.833634346415484e-08,0.5257640084648489,0.4214539941782096
second_life,low_SEI_high_plating,Low SEI / high plating,23.0,4.283940801795706,0.9624295682334544,0.0134476748371243,111.57775690573072,6.461612010516328,88.41288609405241,16.70325880116198,0.1667127868044207,5.4873120292158175,5.144517111002101,1.1864659133171128e-08,8.963486477907874e-08,0.525367071436656,0.4213222248287753
second_life,low_SEI_high_plating,Low SEI / high plating,24.0,4.276075131586708,0.9606624678150876,0.0135204613352242,114.46741806166231,6.57355870464171,91.02631119595088,16.86754816106975,0.1664165557118255,5.485596465877278,5.140629809329969,1.2070213004979176e-08,9.09499899850301e-08,0.5249700934013587,0.4211905018724755
second_life,low_SEI_high_plating,Low SEI / high plating,25.0,4.268151486211302,0.9588823427035802,0.0135940741576212,117.4294560643554,6.685296473648343,93.71230566521108,17.031853925495962,0.1661181744527361,5.483881512581003,5.1367421195054215,1.2275383253426016e-08,9.228210564289829e-08,0.5245730757272589,0.4210588257559329
second_life,low_SEI_high_plating,Low SEI / high plating,26.0,4.260168644645887,0.9570889185839336,0.0136685307929579,120.46608205428912,6.7968290395754485,96.47307709969569,17.19617591501799,0.1658175973752062,5.482167170978132,5.132854045773832,1.2480176712832025e-08,9.36315578608614e-08,0.5241760188479015,0.4209271966059242
second_life,low_SEI_high_plating,Low SEI / high plating,27.0,4.252124938011141,0.9552818205259422,0.0137438532630524,123.57980180796646,6.908156939320546,99.31113140883708,17.360513459808846,0.1655147620782413,5.48045344792525,5.128965603984186,1.2684594369035723e-08,9.49988063941625e-08,0.5237789243818127,0.420795614948906
second_life,low_SEI_high_plating,Low SEI / high plating,28.0,4.244018953036028,0.9534607310243236,0.0138200613001994,126.77306973752636,7.019282561371803,102.22892159171724,17.524865584437304,0.1652096157400115,5.478740353297339,5.125076817216465,1.2888640607722596e-08,9.638425027804742e-08,0.5233817946859605,0.4206640815430908
second_life,low_SEI_high_plating,Low SEI / high plating,29.0,4.235849088237418,0.9516252902900924,0.0138971763903418,130.04851148743543,7.130203212324754,105.22907671341255,17.68923156169811,0.1649020985003951,5.477027894363689,5.121187702677299,1.3092310483327068e-08,9.778833773229895e-08,0.5229846315175158,0.4205325969466232
second_life,low_SEI_high_plating,Low SEI / high plating,30.0,4.227606659046854,0.9497735472492588,0.0139752141740292,133.40882321700343,7.240916458017034,108.3142959264504,17.853610832535985,0.1645918855143799,5.475316076515977,5.11729827359467,1.329559952629778e-08,9.921151335775333e-08,0.5225874362273434,0.4204011615734824
second_life,low_SEI_high_plating,Low SEI / high plating,31.0,4.219292950674812,0.9479057906370362,0.0140542006100794,136.8568717941822,7.351421400766842,111.48744777634104,18.01800261707435,0.1642790249980956,5.473604907393152,5.113408548421479,1.3498506088332644e-08,1.0065426238350722e-07,0.5221902106998857,0.420269776010196
second_life,low_SEI_high_plating,Low SEI / high plating,32.0,4.210911540775536,0.9460228242087496,0.0141341632497696,140.39559186014654,7.461717571502028,114.75146786193385,18.18240642671066,0.1639636508760682,5.471894391350693,5.109518538718703,1.3701029308132477e-08,1.0211706138039946e-07,0.5217929561157699,0.4201384405911826
second_life,low_SEI_high_plating,Low SEI / high plating,33.0,4.20245636331062,0.9441232851690212,0.0142151230706767,144.02807537489193,7.571802973039999,118.1094523705525,18.346820031299423,0.1636455363377572,5.47018455104512,5.105628297254508,1.3903165518517836e-08,1.036004189751961e-07,0.5213956778637734,0.4200071570560363
second_life,low_SEI_high_plating,Low SEI / high plating,34.0,4.193925473964215,0.942206736708112,0.014297104922745,147.7575185841857,7.6816765731245376,121.56459884968582,18.511243161375354,0.1633246087587808,5.468475388577929,5.101737830404798,1.4104912824084277e-08,1.0510484703213079e-07,0.5209983765950144,0.4198759255661126
second_life,low_SEI_high_plating,Low SEI / high plating,35.0,4.185320135191415,0.9402734624490148,0.0143801386964879,151.5873209834036,7.791339825736031,125.12030307219167,18.67567808547588,0.1630009154091222,5.466766879621709,5.097847084493002,1.4306273894596188e-08,1.06630900704054e-07,0.5206010468279477,0.4197447442535242
second_life,low_SEI_high_plating,Low SEI / high plating,36.0,4.176638221237036,0.9383229848198538,0.0144642513043723,155.52099377577548,7.900789683938698,128.78008089121582,18.840123200620955,0.1626743768758521,5.46505903997019,5.0939560974477285,1.4507243135342169e-08,1.0817914150364669e-07,0.5202036924359094,0.4196136143309323
second_life,low_SEI_high_plating,Low SEI / high plating,37.0,4.167877668385052,0.936354840186462,0.0145494707155553,159.56220227953523,8.010023798251936,132.5476021536236,19.004576327659684,0.1623449160800839,5.463351891278059,5.090064920830546,1.47078162322615e-08,1.0975014978056072e-07,0.5198063186844566,0.419482537461009
second_life,low_SEI_high_plating,Low SEI / high plating,38.0,4.159036305323371,0.9343685407421556,0.0146358264922491,163.7147676737413,8.119048431259998,136.42668015370504,19.16903908877627,0.1620124518821598,5.461645415631181,5.08617351625845,1.490800468456326e-08,1.1134451793605554e-07,0.5194089216538499,0.4193515122682861
second_life,low_SEI_high_plating,Low SEI / high plating,39.0,4.150111905742455,0.9323635863245308,0.0147233486245629,167.9826909196414,8.227859920590895,140.4213207039468,19.333510295103693,0.161676901124689,5.459939624172547,5.082281911861591,1.5107801767486632e-08,1.129628681128037e-07,0.5190115042167895,0.4192205396083354
second_life,low_SEI_high_plating,Low SEI / high plating,40.0,4.141102073485548,0.9303394386133306,0.0148120691825953,172.37020669736762,8.336456040157076,144.5357614864089,19.49798917080165,0.1613381743022997,5.458234523841827,5.07839012599737,1.5307203393542308e-08,1.1460586444164554e-07,0.5186140682479652,0.4190896200139929
second_life,low_SEI_high_plating,Low SEI / high plating,41.0,4.132004496951551,0.9282955782845616,0.014902019652346,176.8816378151336,8.444835002610743,148.77432785055166,19.66247496197117,0.1609961850755688,5.456530120811332,5.074498176504023,1.5506206280844536e-08,1.1627415237920267e-07,0.5182166155690489,0.4189587539591761
second_life,low_SEI_high_plating,Low SEI / high plating,42.0,4.122811042962227,0.9262301781394872,0.0149932298514487,181.5215971270791,8.552994380993065,153.1416362112799,19.82696653480616,0.1606506295335989,5.454826425335298,5.070606090208892,1.570480597306892e-08,1.1796843698371477e-07,0.5178191489196953,0.4188279422312168
second_life,low_SEI_high_plating,Low SEI / high plating,43.0,4.11351848451046,0.92414251319912,0.0150857346687733,186.294903906079,8.660932074565972,157.64250853769892,19.991463293814107,0.1603013871775094,5.45312344189956,5.066713881202107,1.5902998612889906e-08,1.1968944478685102e-07,0.5174216697388134,0.4186971851745429
second_life,low_SEI_high_plating,Low SEI / high plating,44.0,4.104124928833708,0.9220321582356796,0.0151795700836201,191.2065600964804,8.768643429795391,162.28195896184582,20.155957704839164,0.1599483874603829,5.451421246736627,5.062821727751676,1.6100775655598304e-08,1.2143791570761062e-07,0.5170241962314435,0.4185664886423753
second_life,low_SEI_high_plating,Low SEI / high plating,45.0,4.094633633885866,0.9198998451806536,0.015274780518519,196.26191700458483,8.876131139641151,167.06533019735295,20.32045566759072,0.159591752138128,5.449719776826616,5.05892949026274,1.6298142045943246e-08,1.2321465079601457e-07,0.5166267141419145,0.418435847795974
second_life,low_SEI_high_plating,Low SEI / high plating,46.0,4.085040904853972,0.917744743957855,0.015371405532614,201.46655653737315,8.983393484055915,171.99820606236787,20.48495699094937,0.1592313431936807,5.448019031913163,5.055037173257433,1.64950946256145e-08,1.2502047437883137e-07,0.516229223932035,0.4183052626156549
second_life,low_SEI_high_plating,Low SEI / high plating,47.0,4.075343676949979,0.9155661660324108,0.015469486386537,206.82631375087408,9.090428081479502,177.08642502934157,20.649460640053007,0.1588670461715203,5.44631902039278,5.05114480122195,1.6691629021647604e-08,1.268562354185503e-07,0.5158317281023778,0.418174733746112
second_life,low_SEI_high_plating,Low SEI / high plating,48.0,4.065538774789217,0.9133633980228256,0.0155690658740037,212.34730871964172,9.197232144545255,182.33611144546367,20.8139651296328,0.1584987424943159,5.444619755118549,5.0472524092997,1.6887740115945832e-08,1.2872281485832093e-07,0.5154342302418491,0.4180442621742201
second_life,low_SEI_high_plating,Low SEI / high plating,49.0,4.055622887500672,0.9111356961092588,0.0156701885435749,218.0359687073593,9.303802584547377,187.7536965017188,20.97846962109309,0.158126308519899,5.442921242060404,5.0433600173329545,1.7083422237100632e-08,1.306211286189477e-07,0.5150367323767765,0.4179138483583576
second_life,low_SEI_high_plating,Low SEI / high plating,50.0,4.045592562209143,0.90888228456923,0.0157729007444737,223.8990552028345,9.410134267979238,193.345947953944,21.142972980911267,0.1577496153092633,5.441223490015052,5.039467652142345,1.727866595908859e-08,1.3255213316169725e-07,0.5146392372461297,0.4177834929739459
second_life,low_SEI_high_plating,Low SEI / high plating,51.0,4.035444170206055,0.9066023481775548,0.0158772514403609,229.943695065554,9.516227853341244,199.11999278508088,21.307474427131854,0.1573685273553006,5.439526503916084,5.035575332229963,1.7473472491032565e-08,1.3451682799069706e-07,0.5142417467393746,0.4176531963997919
second_life,low_SEI_high_plating,Low SEI / high plating,52.0,4.025172311336696,0.9042946737361977,0.0159832909049598,236.1774198188473,9.622083641094918,205.0833644347328,21.47197174301962,0.1569828430059344,5.437830303230757,5.031683110046672,1.7667842384632886e-08,1.3651626589660434e-07,0.5138442662128849,0.4175229601306144
second_life,low_SEI_high_plating,Low SEI / high plating,53.0,4.014761765871569,0.901955841982762,0.016091062505413,242.6080122045338,9.727701923148576,211.2438491532126,21.636461128172616,0.1565919938854101,5.436134923421854,5.027791075514965,1.7861776175884717e-08,1.385514961895659e-07,0.5134468048497026,0.4173927868892871
second_life,low_SEI_high_plating,Low SEI / high plating,54.0,4.004218198404832,0.8995871255242158,0.0162006282796907,249.2437309059232,9.833083516291987,217.60970229160804,21.80094509802316,0.1561961916167027,5.434440334664841,5.023899169116413,1.80552753645581e-08,1.4062363220060894e-07,0.513049356571702,0.4172626743858478
second_life,low_SEI_high_plating,Low SEI / high plating,55.0,3.993540770842371,0.8971883360744466,0.0163120472190605,256.0932494172493,9.938226038512502,224.1896002905837,21.96542308815308,0.155795404937582,5.432746538537235,5.020007404205893,1.8248335576857756e-08,1.4273382859601732e-07,0.5126519227427062,0.4171326227414197
second_life,low_SEI_high_plating,Low SEI / high plating,56.0,3.9827259896204983,0.8947586887699034,0.0164253777879311,263.1656354111099,10.04312647455663,230.99261644755344,22.129892488999857,0.1553895034219156,5.431053557023677,5.016115842529074,1.844095127624654e-08,1.448832678328561e-07,0.5122545096682909,0.4170026336440095
second_life,low_SEI_high_plating,Low SEI / high plating,57.0,3.971768268121433,0.8922969285217813,0.0165406846080088,270.4707706579602,10.147784225588405,238.02863389036756,22.294352542004304,0.1549782784584231,5.429361393324657,5.012224502034462,1.8633121363156023e-08,1.4707328264086886e-07,0.5118571191813888,0.4168727073393544
second_life,low_SEI_high_plating,Low SEI / high plating,58.0,3.9606627078184258,0.889801954827716,0.0166580331168533,278.01891013560504,10.252197335404478,245.30791151653943,22.45880128366115,0.1545615471542621,5.427670062384887,5.008333429181165,1.8824842245651894e-08,1.4930520954236556e-07,0.5114597560264852,0.4167428449749268
second_life,low_SEI_high_plating,Low SEI / high plating,59.0,3.949403840761085,0.8872725392587023,0.0167774912453917,285.82086421638337,10.356363878811322,252.84126332530656,22.623237012265477,0.1541391053548965,5.425979576005939,5.004442664233753,1.9016110388739324e-08,1.5158043869705058e-07,0.5110624243154683,0.4166130474568653
second_life,low_SEI_high_plating,Low SEI / high plating,60.0,3.9379818311974346,0.8847064721160158,0.016899126162569,293.88798994959024,10.460281379007268,260.640054124846,22.787654445736983,0.1537105858706059,5.424289982311096,5.000552332173172,1.9206921244573672e-08,1.539004048942173e-07,0.5106651368116106,0.4164833184801317
second_life,low_SEI_high_plating,Low SEI / high plating,61.0,3.92639594982687,0.8821035895550798,0.017023016162368,302.23234501116514,10.563951126285112,268.71633643251624,22.95205745236377,0.1532759614310976,5.4226012348726575,4.996662341470655,1.9397277182360056e-08,1.562666200657465e-07,0.5102678841678344,0.4163536544799531
second_life,low_SEI_high_plating,Low SEI / high plating,62.0,3.914635937022452,0.8794615866494767,0.017149236039324,310.8666770132987,10.667368967474482,277.0828637889022,23.116444256922023,0.1528348489937091,5.420913344795155,4.992772734130323,1.9587170576145286e-08,1.586806671209014e-07,0.5098706706736741,0.4162240563089481
second_life,low_SEI_high_plating,Low SEI / high plating,63.0,3.902693340088555,0.8767785644177365,0.017277864636986,319.80440155357456,10.770530260083596,285.75305908627024,23.280812207220727,0.1523869330128964,5.419226331611698,4.988883572906494,1.977659290149574e-08,1.611441811807507e-07,0.5094735027377101,0.4160945254668919
second_life,low_SEI_high_plating,Low SEI / high plating,64.0,3.8905693181672656,0.8740547832725656,0.0174089916384069,329.05975270738134,10.873433856265637,294.7411600972659,23.4451587538498,0.1519322567893248,5.417540213151306,4.9849949181215525,1.9965542050762265e-08,1.636588812675921e-07,0.5090763865201697,0.4159650633227174
second_life,low_SEI_high_plating,Low SEI / high plating,65.0,3.8782561634814745,0.8712885115857884,0.0175427214090869,338.6490752868648,10.976080357985255,304.06351332025054,23.60948160862895,0.1514705325698976,5.415855003935028,4.981106823916845,2.01540191292581e-08,1.6622691254214425e-07,0.5086793275500618,0.4158356709913675
second_life,low_SEI_high_plating,Low SEI / high plating,66.0,3.8657475510681314,0.8684783283920506,0.0176791320376769,348.5872240026838,11.078460945666812,313.73498599376865,23.77377706324836,0.1510015242470883,5.41417073220066,4.977219378035844,2.034200794268708e-08,1.6884984239400006e-07,0.5082823347879031,0.4157063506409733
second_life,low_SEI_high_plating,Low SEI / high plating,67.0,3.853031935019074,0.8656216397891673,0.0178183173629182,358.8910630568547,11.180571991925456,323.7724471033065,23.93804396162278,0.150524800787897,5.412487399267281,4.973332607833044,2.052950183053094e-08,1.715296208676329e-07,0.507885411027182,0.4155771023728153
second_life,low_SEI_high_plating,Low SEI / high plating,68.0,3.840106451077516,0.8627178022935914,0.0179603846400674,369.5787242494273,11.28241102650944,334.19403073498665,24.1022824879312,0.1500402552304783,5.410804991878641,4.969446508950525,2.0716496256971854e-08,1.7426835352678233e-07,0.5074885558228606,0.4154479251690631
second_life,low_SEI_high_plating,Low SEI / high plating,69.0,3.826963233313426,0.8597650487465327,0.0181054423385856,380.6694297578152,11.383970751696571,345.01896939119445,24.266489614924254,0.1495475939369056,5.409123528700823,4.96556115301698,2.0902977822104938e-08,1.770682400194511e-07,0.5070917764897857,0.4153188204629202
second_life,low_SEI_high_plating,Low SEI / high plating,70.0,3.8135906141718814,0.8567607579166612,0.0182536026471555,392.1836134073564,11.485247681995718,356.26770395662714,24.43066176873351,0.1490463813780472,5.407443032932584,4.961676624594819,2.1088940125953837e-08,1.7993158733929536e-07,0.5066950816636185,0.4151897900356145
second_life,low_SEI_high_plating,Low SEI / high plating,71.0,3.799976952266008,0.8537023144515569,0.0184049543709556,404.14049040817446,11.586234020461118,367.9594616121994,24.59479477551395,0.1485361830228754,5.405763532949042,4.957793022442691,2.1274368851951155e-08,1.8286019190407026e-07,0.5062984814297646,0.4150608360658205
second_life,low_SEI_high_plating,Low SEI / high plating,72.0,3.7861216327509135,0.8505895802202483,0.0185596110646861,416.5615307643481,11.686927896862196,380.1157187999482,24.758884067537743,0.1480169759112866,5.404085059850385,4.953910454639024,2.1459260566023752e-08,1.858562192941231e-07,0.5059019868253819,0.414931960941447
second_life,low_SEI_high_plating,Low SEI / high plating,73.0,3.772009506452551,0.8474191518113179,0.0187177323811306,429.4738600743501,11.787328703945764,392.7636074586714,24.922923911732955,0.147488194598802,5.402407654438163,4.950029056835817,2.1643614153147694e-08,1.8892298723111898e-07,0.5055056117034894,0.4148031677952847
second_life,low_SEI_high_plating,Low SEI / high plating,74.0,3.757637058348138,0.8441902395402172,0.0188794292075384,442.9007360040964,11.887426673038693,405.92639357241,25.08691575864772,0.146949707784752,5.400731282824229,4.946148794711199,2.182741167631643e-08,1.9206261117688357e-07,0.5051093525590777,0.414674454025362
second_life,low_SEI_high_plating,Low SEI / high plating,75.0,3.742986383968805,0.8408988209913614,0.0190449315666518,456.8778894101666,11.987229065693176,419.6398059978121,25.250854346661296,0.1464008471941771,5.399055978329322,4.942269792762017,2.201066646902036e-08,1.9527989038335693e-07,0.5047132221059822,0.4145458221900842
second_life,low_SEI_high_plating,Low SEI / high plating,76.0,3.728043144942612,0.8375416749080261,0.0192144278875221,471.4386860343547,12.086730368638706,433.93722202304497,25.414733642671028,0.1458410776731731,5.397381779738921,4.93839219373939,2.219336840792256e-08,1.985786875554734e-07,0.5043172349221965,0.4144172752674456
second_life,low_SEI_high_plating,Low SEI / high plating,77.0,3.712789747862415,0.8341148487577128,0.0193881299689201,486.62028764713824,12.185926511159332,448.8558133793207,25.578547756658217,0.145269742594139,5.395708722022819,4.934516137008883,2.2375510018470712e-08,2.019633710240712e-07,0.5039214052399754,0.414288815942468
second_life,low_SEI_high_plating,Low SEI / high plating,78.0,3.697198846146576,0.830612198861044,0.0195662567400005,502.4627321436552,12.284804953090852,464.43563804977737,25.74228914078696,0.1446858213770078,5.394036854394208,4.93064180116219,2.2557068274711906e-08,2.054385554345817e-07,0.5035257512974147,0.4141604479937974
second_life,low_SEI_high_plating,Low SEI / high plating,79.0,3.6812642537478704,0.8270323354614765,0.0197489941619414,519.0035792121485,12.383345306505763,480.7142835865836,25.90595031905901,0.1440890831657296,5.392366223047798,4.926769363091234,2.2738005740815932e-08,2.090078978013715e-07,0.5031302911590263,0.4140321749683178
second_life,low_SEI_high_plating,Low SEI / high plating,80.0,3.664962656683341,0.8233700208427137,0.019936693573094,536.299164476708,12.481547922804198,497.7480904192181,26.069526134685702,0.1434786578611685,5.390696846264773,4.922898944812393,2.2918323062015386e-08,2.126786941690248e-07,0.5027350372853361,0.4139039982696798
second_life,low_SEI_high_plating,Low SEI / high plating,81.0,3.648266849553182,0.8196191430432697,0.0201297018216099,554.408462903158,12.579402203932084,515.5960543708426,26.23300632838337,0.1428535302225488,5.389028790694125,4.919030789073774,2.3098000778414063e-08,2.1645816699767899e-07,0.5023400144662044,0.4137759230152708
second_life,low_SEI_high_plating,Low SEI / high plating,82.0,3.631147579784756,0.8157731301840836,0.0203283926462647,573.3962907431335,12.676891330549536,534.3230215207259,26.396377891857995,0.1422126086649101,5.387362146693478,4.915165203668668,2.3277008006737912e-08,2.203540956467281e-07,0.5019452541340197,0.4136479561428547
second_life,low_SEI_high_plating,Low SEI / high plating,83.0,3.613570675780188,0.8118243052785419,0.0205331971547406,593.3369723424978,12.773997248348005,554.0033470701167,26.55962802403312,0.1415546180515731,5.385696997723935,4.911302491487328,2.3455311596092624e-08,2.243754712819711e-07,0.5015507872204638,0.4135201040606723
second_life,low_SEI_high_plating,Low SEI / high plating,84.0,3.595490396912612,0.8077623922435233,0.0207445825384461,614.313125604263,12.87069804924166,574.7196855007936,26.722742054227638,0.1408778515679001,5.384033440094923,4.907442999657309,2.36328713193692e-08,2.285321052181548e-07,0.5011566491748083,0.4133923741634742
second_life,low_SEI_high_plating,Low SEI / high plating,85.0,3.57686860119923,0.8035788221062682,0.0209630510937361,636.4151014090608,12.966977967493882,596.5624200611242,26.88570338044272,0.1401808860041408,5.382371582481835,4.9035871210036674,2.3809658227894972e-08,2.3283439165800118e-07,0.5007628801130345,0.4132647747954836
second_life,low_SEI_high_plating,Low SEI / high plating,86.0,3.55766591148612,0.7992647484006364,0.021189212665009,659.7499361603216,13.06282987049794,619.6386051138625,27.048501175961192,0.139462251993379,5.380711467298726,4.89973511170073,2.3985659224946183e-08,2.3729490726201457e-07,0.5003695061961118,0.4131373092133014
second_life,low_SEI_high_plating,Low SEI / high plating,87.0,3.5378294351100648,0.794808288267976,0.0214237405884685,684.4386929671332,13.158231914046343,644.0693451669256,27.21111588616119,0.138719975941868,5.379053216765593,4.8958874344364895,2.416083420070572e-08,2.4192764528953855e-07,0.499976574674546,0.4130099868011215
second_life,low_SEI_high_plating,Low SEI / high plating,88.0,3.517301304477179,0.7901964411823751,0.0216673745748052,710.6172563783477,13.25316180752565,669.9905678884661,27.373526682356022,0.1379518986428648,5.377396955207373,4.892044582044984,2.4335142225676452e-08,2.467479358006887e-07,0.4995841358774097,0.412882817104758
second_life,low_SEI_high_plating,Low SEI / high plating,89.0,3.4960095708518284,0.785413043150498,0.0219209540280485,738.4418141162539,13.347600562926868,697.5585021012731,27.535711452053903,0.1371553354757816,5.375742806966194,4.888207077736764,2.4508548434525383e-08,2.517732013310004e-07,0.4991922432358781,0.4127558096713444
second_life,low_SEI_high_plating,Low SEI / high plating,90.0,3.473876047640092,0.7804405287825993,0.0221854188810816,768.0903109373068,13.441526351018656,726.9511355844982,27.69764900179,0.1363273690579318,5.37409087276593,4.884375422976994,2.4681012744934277e-08,2.5702288464045e-07,0.4988009479604495,0.4126289722345774
second_life,low_SEI_high_plating,Low SEI / high plating,91.0,3.4508319624956942,0.7752634476925522,0.0224617901011588,799.7614365011547,13.53490946376137,758.3672173579557,27.859309679437576,0.1354654334170979,5.372441329554994,4.880550319373875,2.485248060770344e-08,2.6251792290913706e-07,0.4984103217005786,0.412502318380763
second_life,low_SEI_high_plating,Low SEI / high plating,92.0,3.426789751035274,0.7698621276776886,0.0227511980262242,833.6812784649024,13.627715080785263,792.032906879151,28.020656504966205,0.1345662614045097,5.370794373410307,4.876732641923414,2.502288808649357e-08,2.682815437585169e-07,0.4980204538123857,0.4123758631649159
second_life,low_SEI_high_plating,Low SEI / high plating,93.0,3.4016455225555347,0.764213228666485,0.0230549345995781,870.112289647424,13.719902439818622,828.2107418565748,28.181645351030514,0.1336259767143237,5.36915021966207,4.872923434736462,2.519216033458552e-08,2.743403025974064e-07,0.4976314509222944,0.4122496231203404
second_life,low_SEI_high_plating,Low SEI / high plating,94.0,3.375279093690179,0.7582897502799243,0.0233744596402981,909.3573904230092,13.811428471188671,867.2037277851857,28.342234166634668,0.1326400950685669,5.367509040233891,4.869123692794719,2.5360218268464906e-08,2.807241347163681e-07,0.4972434146395732,0.4121236114475319
second_life,low_SEI_high_plating,Low SEI / high plating,95.0,3.3475713194608314,0.7520649254230815,0.0237114257676431,951.766644524768,13.902258383737422,909.3620189439677,28.502367197062995,0.1316041710871943,5.365871108255004,4.865334735327862,2.5526998005430348e-08,2.8746673041741605e-07,0.4968564796862608,0.411997849117672
second_life,low_SEI_high_plating,Low SEI / high plating,96.0,3.318380800433184,0.7455069873179347,0.0240676716041048,997.742362606196,13.99234686413803,955.088038215685,28.661977526372848,0.1305129290942971,5.364236762071475,4.861558145654837,2.5692416342222933e-08,2.946055246471476e-07,0.4964708077536527,0.4118723621093665
second_life,low_SEI_high_plating,Low SEI / high plating,97.0,3.2875476779699038,0.7385800221443763,0.0244452850160972,1047.7532981805052,14.081634334920889,1004.8506821496308,28.820981695953456,0.1293604047642485,5.362606425263196,4.857795898515803,2.5856363884102176e-08,3.0218294518254e-07,0.4960866005056629,0.4117471829455743
second_life,low_SEI_high_plating,Low SEI / high plating,98.0,3.2548825129964247,0.7312414705452223,0.0248466040183512,1102.3424956573897,14.170048912909012,1059.1931739994031,28.979272745077186,0.1281395302189329,5.360980658831226,4.854050524741825,2.6018708640878812e-08,3.102464140669117e-07,0.4957041163951791,0.4116223547006116
second_life,low_SEI_high_plating,Low SEI / high plating,99.0,3.2202030172144296,0.7234503796557241,0.0252741848772926,1162.12964200345,14.25750134422625,1118.7354169548407,29.136723704383,0.1268435045934361,5.359360163867044,4.850325028594468,2.6179286726696632e-08,3.188473981640531e-07,0.4953236622226387,0.4114979312051008
second_life,low_SEI_high_plating,Low SEI / high plating,100.0,3.183295997608088,0.7151588535614266,0.0257308121038194,1227.8233349501156,14.343869171501265,1184.186300373524,29.29316540509061,0.1254643742127115,5.357745914147769,4.846623412828887,2.6337873288226922e-08,3.2804181045266306e-07,0.4949456467563886,0.4113739872267863
second_life,low_SEI_high_plating,Low SEI / high plating,101.0,3.143934083219412,0.7063158111332829,0.0262194043452186,1300.2166850768554,14.42898459365937,1256.3393351177897,29.44836536540651,0.1239936569930309,5.356139391010091,4.842951178269147,2.6494160213105473e-08,3.378879178109992e-07,0.4945706317501885,0.4112506365044287
second_life,low_SEI_high_plating,Low SEI / high plating,102.0,3.1019213927264,0.69687724569966,0.0267428032506461,1380.1623237336144,14.512645422733748,1336.0476729527877,29.602005358092896,0.1224240466437719,5.354542811954298,4.839315854588956,2.6647776248570076e-08,3.484417299840477e-07,0.4941993861474668,0.4111280493002894
second_life,low_SEI_high_plating,Low SEI / high plating,103.0,3.057076230684644,0.6868023375862905,0.027303405395601,1468.520115654287,14.594536846011978,1424.171949609094,29.7536291991812,0.1207487675037003,5.352959708869248,4.83572823569916,2.679814334296465e-08,3.597496645742986e-07,0.4938330122412488,0.4110064967969188
second_life,low_SEI_high_plating,Low SEI / high plating,104.0,3.009331457098448,0.6760760031307104,0.0279024174401354,1566.0270913035597,14.674179730344502,1521.4503294526985,29.902582120516517,0.1189653200338038,5.351395805871487,4.832203814272838,2.6944381723333214e-08,3.7183312205224236e-07,0.4934730921703649,0.4108864184986692
second_life,high_SEI_low_plating,High SEI / low plating,0.0,4.451173304721828,1.0,0.0119650648374319,47.96202155087214,34.487662199700345,0.5447947358945038,12.92956461527729,0.1730196110765483,5.526933335243084,5.233807663519556,6.332542957290602e-08,7.036158841434001e-09,0.5344855785911435,0.4243643949691191
second_life,high_SEI_low_plating,High SEI / low plating,1.0,4.446267699278033,0.998897907336344,0.0120025463497978,48.320720892998864,34.599740968657215,0.6275092749989256,13.093470649342722,0.1728339490474187,5.525204656167645,5.229929431839472,6.35312259573956e-08,7.551431001095827e-09,0.5340895267992735,0.4242316649712256
second_life,high_SEI_low_plating,High SEI / low plating,2.0,4.441349597184943,0.997793007177127,0.0120402448950891,48.68593288596412,34.71172859063926,0.7167819251838607,13.257422370141004,0.1726478252256521,5.523476287807991,5.226050119151385,6.373685497996596e-08,8.070727917636138e-09,0.5336933646129782,0.4240989588304529
second_life,high_SEI_low_plating,High SEI / low plating,3.0,4.436411883990139,0.9966837011904188,0.0120781210413913,49.057616865903086,34.82357029510708,0.8126268562548293,13.42141971454117,0.172460972397233,5.521748232126277,5.222169726949054,6.394221607224817e-08,8.593394892218718e-09,0.5332970921848034,0.4239662766974574
second_life,high_SEI_low_plating,High SEI / low plating,4.0,4.431462853654901,0.9955718526964524,0.0121161844030228,49.43589575871599,34.93526599869642,0.9151671779330256,13.585462582086535,0.1722737019722916,5.520020491483584,5.2182882576094185,6.414730908117079e-08,9.119465859550876e-09,0.5329007097574858,0.423833618753526
second_life,high_SEI_low_plating,High SEI / low plating,5.0,4.426504056966149,0.9944578100948104,0.0121544384915053,49.820895761566256,35.04681612490973,1.024528642629085,13.74955099402744,0.1720860721006688,5.518293066959181,5.214405710629666,6.435213478435897e-08,9.648976219329166e-09,0.5325042172796777,0.4237009850815258
second_life,high_SEI_low_plating,High SEI / low plating,6.0,4.421535385871425,0.9933415491104416,0.0121928853340867,50.21274555465176,35.15822085620747,1.1408397093414735,13.91368498910282,0.1718980786456012,5.516565959448627,5.210522085093183,6.455669351684227e-08,1.0181962623939753e-08,0.5321076146577727,0.4235683757502192
second_life,high_SEI_low_plating,High SEI / low plating,7.0,4.416556727023962,0.9922230442788772,0.0122315270113925,50.61157676394262,35.26948046497138,1.2642315234675736,14.077864775503668,0.1717097172768292,5.514839168065949,5.206637376073898,6.476098577876166e-08,1.0718462465190062e-08,0.5317109013887118,0.42343579069158
second_life,high_SEI_low_plating,High SEI / low plating,8.0,4.41157107158893,0.9911029675948838,0.012270331998509,51.01728976797328,35.380539927776255,1.394659795356874,14.242090044840158,0.1715211001999509,5.513112697331374,5.202751590868719,6.49649105374052e-08,1.1257794701559498e-08,0.531314078217668,0.4233032302526766
second_life,high_SEI_low_plating,High SEI / low plating,9.0,4.406576589462174,0.989980907907507,0.0123093214232963,51.43013275824264,35.49143428715599,1.5323405407962754,14.406357930290378,0.1713321586657676,5.511386578742205,5.19886479731041,6.516853213704485e-08,1.1800402739335506e-08,0.5309171520718416,0.4231706968519086
second_life,high_SEI_low_plating,High SEI / low plating,10.0,4.401571902677183,0.9888565556429744,0.012348510436095,51.8503293137461,35.60217862386697,1.6774801497907943,14.570670540088337,0.1711428408741909,5.509660791371935,5.194976945515391,6.537187826860867e-08,1.2346614226257216e-08,0.5305201178570345,0.4230381888825145
second_life,high_SEI_low_plating,High SEI / low plating,11.0,4.396556892454914,0.9877298841164022,0.0123879013249253,52.27802429094872,35.71277717363952,1.8302178166671843,14.735029300642012,0.1709531423024395,5.507935321534032,5.191088001732979,6.557495670964456e-08,1.2896461715331588e-08,0.5301229721265677,0.4229057052936262
second_life,high_SEI_low_plating,High SEI / low plating,12.0,4.391530269574537,0.9866006036916108,0.012427495077061,52.71336074644874,35.82322956843269,1.9906964847081847,14.899434693307866,0.170763014523136,5.506210165473493,5.187197954573648,6.57777667843644e-08,1.3449982169846256e-08,0.5297257137173231,0.4227732457969303
second_life,high_SEI_low_plating,High SEI / low plating,13.0,4.386488009637605,0.9854678102477824,0.012467289762272,53.15648175422874,35.9335353802628,2.1590585415745864,15.063887832391352,0.170572306497554,5.50448531277744,5.18330677767147,6.598030770691468e-08,1.4007202037978872e-08,0.5293283399367662,0.4226408095929139
second_life,high_SEI_low_plating,High SEI / low plating,14.0,4.38143503936939,0.984332610622359,0.0125072930499052,53.60754177177905,36.043694786139554,2.335459475207561,15.228387510431928,0.1703812030746107,5.502760777481465,5.179414499596547,6.618257980231642e-08,1.4568181775203088e-08,0.5289308537025253,0.4225083977592461
second_life,high_SEI_low_plating,High SEI / low plating,15.0,4.376371239533126,0.9831949780276245,0.0125475072805728,54.066694184107945,36.15370760613444,2.5200529700106657,15.392933607962837,0.1701896997457687,5.50103656214614,5.175521123175616,6.638458274018919e-08,1.5132964684832953e-08,0.5285332553032722,0.4223760104925306
second_life,high_SEI_low_plating,High SEI / low plating,16.0,4.371296467082479,0.9820548803268084,0.0125879348985736,54.53409689930744,36.26357406148974,2.712996088847088,15.557526748970607,0.1699977911062115,5.499312661543206,5.17162663364434,6.658631692677282e-08,1.5701594873532482e-08,0.5281355432312467,0.4222436473913355
second_life,high_SEI_low_plating,High SEI / low plating,17.0,4.366210588713203,0.9809122875717968,0.0126285782864643,55.00991006859071,36.37329406834345,2.914448838578843,15.722167161668416,0.1698054721239796,5.497589074593695,5.167731025602894,6.678778220808184e-08,1.6274115795231394e-08,0.5277377169350094,0.4221113083728166
second_life,high_SEI_low_plating,High SEI / low plating,18.0,4.361113473685929,0.9797671703907006,0.0126694398294074,55.4942968347802,36.48286744067951,3.1245745079069707,15.88685488619372,0.1696127378685543,5.495865802190402,5.163834298101574,6.6988978242558e-08,1.685057117246648e-08,0.5273397763175748,0.4219789935055235
second_life,high_SEI_low_plating,High SEI / low plating,19.0,4.356004858524948,0.978619469591102,0.0127105234396373,55.98743807366132,36.59229632999215,3.34355229297909,16.05158945069008,0.1694195784394662,5.494142850579693,5.159936462305123,6.718990898072409e-08,1.7431037764879295e-08,0.5269417225191059,0.4218467032690596
second_life,high_SEI_low_plating,High SEI / low plating,20.0,4.350884433552098,0.9774691156007468,0.0127518327799865,56.48951535294553,36.70157246826833,3.5715712816043133,16.216371603072886,0.1692259821965075,5.492420213248178,5.156037500516881,6.739055924105017e-08,1.801560474140416e-08,0.5265435537323889,0.4217144371633192
second_life,high_SEI_low_plating,High SEI / low plating,21.0,4.345752083935807,0.9763160826215888,0.0127933706427897,57.000710015382296,36.81070403567466,3.8088046471238792,16.381201332583753,0.1690319448177572,5.490697891616995,5.152137412991405,6.759094404376465e-08,1.8604308524098918e-08,0.5261452699834198,0.4215821952974188
second_life,high_SEI_low_plating,High SEI / low plating,22.0,4.340607585395888,0.9751603202668716,0.0128351395411746,57.52120325216537,36.9196928114831,4.05543164717461,16.54607879350766,0.1688374578783709,5.488975885383291,5.148236196078112,6.779106665592462e-08,1.9197192809244268e-08,0.5257468708993944,0.4214499776481052
second_life,high_SEI_low_plating,High SEI / low plating,23.0,4.335446137730404,0.9740007501238696,0.0128771377378922,58.05117688193022,37.02853632399829,4.311638415075535,16.711002142856398,0.1686423414100664,5.487254215089486,5.144333893384518,6.799092253906152e-08,1.9794309210334088e-08,0.5253483609335886,0.4213177857926493
second_life,high_SEI_low_plating,High SEI / low plating,24.0,4.330266539142922,0.972837102197156,0.0129193672629358,58.590822388012086,37.137232446626,4.57761806749717,16.87597187388892,0.168446550378352,5.485532876898235,5.140430493239469,6.819050778837332e-08,2.03957162406624e-08,0.5249497388941238,0.4211856194364153
second_life,high_SEI_low_plating,High SEI / low plating,25.0,4.325075544416775,0.9716708940154524,0.0129618378189879,59.14034136477089,37.24578370202669,4.853568815575103,17.040988847169093,0.1682503380356398,5.483811863173304,5.136525975280898,6.838982703590955e-08,2.100147412699822e-08,0.5245510027015898,0.4210534779930842
second_life,high_SEI_low_plating,High SEI / low plating,26.0,4.319871778163652,0.9705018165842046,0.013004550878154,59.69992977288537,37.35418975637351,5.13968696184834,17.206053054663524,0.1680536528103126,5.482091175376714,5.1326203396988825,6.858887966870513e-08,2.1611629727321698e-08,0.5241521523753981,0.4209213615749116
second_life,high_SEI_low_plating,High SEI / low plating,27.0,4.314655144722758,0.9693298484122712,0.0130475092363789,60.269789164762585,37.46245036542994,5.436174036367492,17.371164762965158,0.1678564911121485,5.480370813156959,5.128713580185487,6.878766523829886e-08,2.2226232848803264e-08,0.523753187271371,0.4207892701549087
second_life,high_SEI_low_plating,High SEI / low plating,28.0,4.309425474313391,0.9681549513567425,0.0130907158563147,60.85012755770951,37.57056541940728,5.743237980874357,17.536324157427877,0.1676588465741094,5.478650776178524,5.124805692354992,6.898618354309924e-08,2.284533811271677e-08,0.5233541069416314,0.420657203707314
second_life,high_SEI_low_plating,High SEI / low plating,29.0,4.304182578636616,0.966977083114404,0.0131341739327511,61.4411599605281,37.678534955775646,6.06109374623391,17.70153125851854,0.1674607121385775,5.476931065583251,5.120896675723128,6.918443465190806e-08,2.346900537653228e-08,0.5229549113367247,0.4205251623197996
second_life,high_SEI_low_plating,High SEI / low plating,30.0,4.2989251181311765,0.965795942739604,0.0131778993841859,62.04326784820269,37.7863759427019,6.390105770303894,17.866786135196893,0.1672620376048046,5.475211682008712,5.116986528658216,6.938244972127192e-08,2.4097567597493543e-08,0.5225556002900209,0.420393146041319
second_life,high_SEI_low_plating,High SEI / low plating,31.0,4.293654061777701,0.9646117479234004,0.0132218828510802,62.6565226562523,37.89407356711845,6.730360231505696,18.032088857628143,0.1670628592947642,5.473492626072959,5.113075249500055,6.958020155178653e-08,2.4730809875444706e-08,0.5221561736319775,0.420261154919327
second_life,high_SEI_low_plating,High SEI / low plating,32.0,4.288369266414461,0.9634244665030984,0.0132661269699707,63.28114577982585,38.001625278776885,7.0820809531929,18.19743954785606,0.1668631718473532,5.471773897843957,5.109162835360928,6.977768546074602e-08,2.536878262680709e-08,0.521756631067696,0.420129188959042
second_life,high_SEI_low_plating,High SEI / low plating,33.0,4.283070565414734,0.9622340610443612,0.0133106347686182,63.917367878864844,38.10903069866182,7.445498898209351,18.362838281993675,0.1666629690241695,5.470055497850945,5.105249284439903,6.997490075221135e-08,2.6011541230459785e-08,0.5213569724132617,0.4199972482010994
second_life,high_SEI_low_plating,High SEI / low plating,34.0,4.277757750804443,0.9610404848237598,0.013355409745743,64.56543063969036,38.21628988553913,7.820855630774261,18.52828512337697,0.166462243039482,5.468337426825565,5.101334595238368,7.017184753408703e-08,2.665915123537986e-08,0.5209571975156339,0.4198653327016759
second_life,high_SEI_low_plating,High SEI / low plating,35.0,4.272429209283054,0.9598433753974124,0.0134004539392516,65.2255780452283,38.32340189721512,8.208397379416454,18.693778768596733,0.1662609334733414,5.4666196996613055,5.097418798596691,7.036852407633926e-08,2.7311677170993287e-08,0.5205573095242849,0.4197334436043107
second_life,high_SEI_low_plating,High SEI / low plating,36.0,4.2670814578118295,0.9586419502663012,0.013445767330817,65.8980538189657,38.43036418917988,8.608374029322356,18.859315600463464,0.1660589098993165,5.464902355213518,5.093501980102321,7.056492570679914e-08,2.796918091558391e-08,0.5201573171795544,0.419601583892363
second_life,high_SEI_low_plating,High SEI / low plating,37.0,4.261718851652615,0.9574371878829704,0.0134913580172528,66.58312209129386,38.53717969988654,9.02104217330311,19.0249002181042,0.1658563354618141,5.46318534707901,5.089584030933882,7.076105782098482e-08,2.8631726733219e-08,0.5197572093684133,0.4194697500029417
second_life,high_SEI_low_plating,High SEI / low plating,38.0,4.2563413306075,0.956229074723366,0.013537229820952,67.28104769516325,38.64384916175166,9.446664717161148,19.190533816250444,0.1656532079064302,5.461468664226458,5.085664922822458,7.095692176374223e-08,2.9299380284152454e-08,0.5193569832039908,0.4193379410890487
second_life,high_SEI_low_plating,High SEI / low plating,39.0,4.250948682934907,0.9550175632176529,0.0135833862885297,67.99209894246519,38.7503725240554,9.885509768376483,19.356216650033303,0.1654495193124146,5.459752305440554,5.081744649731314,7.115251744194084e-08,2.997220667460299e-08,0.5189566380698049,0.4192061570573714
second_life,high_SEI_low_plating,High SEI / low plating,40.0,4.245540705659293,0.953802607765373,0.01362983098678,68.71654986210055,38.85674922895944,10.337851949281385,19.52194868385972,0.1652452620918059,5.458036272495814,5.077823212502628,7.13478438312911e-08,3.06502723546034e-08,0.5185561740518602,0.4190743980441592
second_life,high_SEI_low_plating,High SEI / low plating,41.0,4.240117154759011,0.9525841535446558,0.0136765679651608,69.4546876648579,38.96297953610832,10.803978032660618,19.687730096088966,0.1650404271183712,5.456320564768498,5.073900606916187,7.154290140854615e-08,3.1333653035475096e-08,0.518155590719181,0.4189426640015204
second_life,high_SEI_low_plating,High SEI / low plating,42.0,4.234677799461053,0.9513621487100682,0.0137236012258021,70.20680451368193,39.06906471512481,11.284178745789434,19.853561052767684,0.1648350057639142,5.45460518185423,5.069976829043108,7.173769250495734e-08,3.202242095511129e-08,0.5177548876705433,0.4188109548984068
second_life,high_SEI_low_plating,High SEI / low plating,43.0,4.2292135404020845,0.9501345489998586,0.0137709270967651,70.97320100238537,39.17500513726876,11.778754384142337,20.019441480974272,0.1646286573021892,5.452890125830998,5.066051880608812,7.193221780222316e-08,3.2716652918941845e-08,0.51735406508215,0.4186792708943686
second_life,high_SEI_low_plating,High SEI / low plating,44.0,4.223729588369444,0.948902525068815,0.013818553574917,71.75416827631821,39.28080255355514,12.287994606478774,20.18537111628429,0.1644215769274268,5.451175400918419,5.062125767869929,7.212648051551595e-08,3.341640223148958e-08,0.5169531235929389,0.4185476123133929
second_life,high_SEI_low_plating,High SEI / low plating,45.0,4.218229264782508,0.94766682310657,0.0138664876158638,72.5500128709107,39.38645941676987,12.812203641754849,20.35134981238599,0.1642138890440217,5.449461009983532,5.058198494288386,7.232048514858313e-08,3.412173456730762e-08,0.5165520635564481,0.4184159793756145
second_life,high_SEI_low_plating,High SEI / low plating,46.0,4.212712247131429,0.9464273706581052,0.0139147334761759,73.36105887264672,39.491970548739474,13.35171077625754,20.51737754764971,0.1640055815951926,5.447746954602655,5.05427006037597,7.251422219338512e-08,3.4832740303453505e-08,0.5161508850249422,0.4182843722020647
second_life,high_SEI_low_plating,High SEI / low plating,47.0,4.207179803989645,0.9451844527209592,0.0139632958629273,74.18761981719689,39.59733520717062,13.906830352848216,20.68345425717805,0.1637967020945309,5.446033236779819,5.050340467668237,7.270769028694042e-08,3.5549480799359045e-08,0.515749588155235,0.4181527909466154
second_life,high_SEI_low_plating,High SEI / low plating,48.0,4.201630931939633,0.9439378438674856,0.0140121788383513,75.0300378805475,39.70255390839636,14.477903882948132,20.849580089203005,0.1635872129866559,5.4443198562578425,5.046409712657824,7.290089037732755e-08,3.627204389702788e-08,0.5153481725891483,0.4180212355895201
second_life,high_SEI_low_plating,High SEI / low plating,49.0,4.196064609817738,0.942687314683194,0.0140613863939979,75.88866170749569,39.807627081638365,15.065279437697145,21.01575518816017,0.163377076059394,5.442606812802393,5.042477791927197,7.309382325267322e-08,3.7000515910772655e-08,0.5149466379776776,0.4178897061127861
second_life,high_SEI_low_plating,High SEI / low plating,50.0,4.190480564762964,0.9414328038671692,0.0141109236741949,76.76385643398841,39.91255525462781,15.669321655729432,21.18197952363117,0.1631662811210126,5.440894108202085,5.038544706196093,7.328648988198491e-08,3.7734993689731366e-08,0.5145449843943237,0.4177582026537457
second_life,high_SEI_low_plating,High SEI / low plating,51.0,4.184878519019113,0.9401742490187412,0.0141607953765627,77.65598739912704,40.01733862314983,16.290395486755827,21.34825328922138,0.1629548177952929,5.439181741797401,5.034610450883556,7.34788906247587e-08,3.84755642728289e-08,0.5141432113712714,0.4176267251617601
second_life,high_SEI_low_plating,High SEI / low plating,52.0,4.179258200857539,0.9389115890913886,0.0142110061685333,78.56542723513056,40.12197713403338,16.928873593295005,21.514576507802172,0.162742675934691,5.437469714684185,5.030675025448418,7.36710253833631e-08,3.922231424767081e-08,0.5137413188532557,0.4174952737209696
second_life,high_SEI_low_plating,High SEI / low plating,53.0,4.173619346326582,0.9376447647857666,0.0142615607664511,79.49255611726302,40.2264724604061,17.58513435344569,21.68094930341123,0.1625298456828042,5.435758026914369,5.026738426955787,7.386289722995556e-08,3.9975327389349203e-08,0.5133393065405601,0.4173638483353616
second_life,high_SEI_low_plating,High SEI / low plating,54.0,4.167961125082524,0.9363735895569668,0.0143124635925798,80.43776551059835,40.330826928371984,18.25956713713439,21.847371445091984,0.1623162959910369,5.4340466821864135,5.022800660870396,7.40545104356732e-08,4.0734690675627725e-08,0.512937174991253,0.4172324492889083
second_life,high_SEI_low_plating,High SEI / low plating,55.0,4.162278794755502,0.9350969979848088,0.0143637154064087,81.40145479879467,40.4350358742758,18.952578225248374,22.013840699270503,0.1621018494390297,5.432335704768713,5.018861780041534,7.42458564372226e-08,4.1500500344743754e-08,0.5125349296023959,0.4171010784449651
second_life,high_SEI_low_plating,High SEI / low plating,56.0,4.156576182068036,0.933815849780263,0.0144153250822726,82.38404082126823,40.539099506034994,19.66458177572626,22.180359539506984,0.1618866492533681,5.430625070536632,5.014921725941524,7.443693561637686e-08,4.2272851207820155e-08,0.5121325643970401,0.4169697339512145
second_life,high_SEI_low_plating,High SEI / low plating,57.0,4.150853924982489,0.932530288267869,0.0144672987316143,83.38594971665921,40.64301837697081,20.39600228027519,22.34692905941322,0.1616707193246858,5.428914769573377,5.010980472694075,7.462774898913131e-08,4.30518392256162e-08,0.5117300767326539,0.4168384150462336
second_life,high_SEI_low_plating,High SEI / low plating,58.0,4.1451116241739925,0.9312402237353544,0.0145196416755067,84.40761825303406,40.7467941286336,21.14727425366056,22.5135498707399,0.161454044730437,5.4272047969251656,5.0070380058243655,7.481829956966195e-08,4.3837560940957477e-08,0.511327465131043,0.4167071213496651
second_life,high_SEI_low_plating,High SEI / low plating,59.0,4.139348993116783,0.92994559181188,0.0145723585301807,85.44948891752492,40.85041420850255,21.918855980363453,22.68021872865892,0.1612366148121956,5.425495187188616,5.003094402109283,7.500856430932694e-08,4.46301272784599e-08,0.5109247374327972,0.4165758555178777
second_life,high_SEI_low_plating,High SEI / low plating,60.0,4.13356569313281,0.9286463164100804,0.0146254552442135,86.51202526249648,40.95388547420411,22.711202517810943,22.84693727048143,0.1610184169082089,5.4237859248561575,4.999149622807897,7.519855579993775e-08,4.5429635133835696e-08,0.5105218896816253,0.416444616360182
second_life,high_SEI_low_plating,High SEI / low plating,61.0,4.127758228290705,0.9273416121344809,0.0146789351079708,87.59570558567657,41.05720964245664,23.524788965430712,23.013706977789216,0.160799320241688,5.4220769960340585,4.995203632864041,7.538827719369208e-08,4.623619129876844e-08,0.5101189182975301,0.4163134028098012
second_life,high_SEI_low_plating,High SEI / low plating,62.0,4.1219218521205,0.9260304126437728,0.0147327996469481,88.70100682821658,41.16038479569729,24.36009458090549,23.180527451613795,0.1605791472979696,5.420368406110929,4.991256441717834,7.557772496960631e-08,4.7049896122039793e-08,0.509715824244553,0.416182215280479
second_life,high_SEI_low_plating,High SEI / low plating,63.0,4.116061914431359,0.924713919825368,0.0147870594952027,89.82842488476606,41.263411613532185,25.21761488272643,23.347398388507457,0.1603580982746962,5.4186601594859205,4.987308056549244,7.576690037555716e-08,4.787085539076627e-08,0.5093126082559251,0.4160510541099874
second_life,high_SEI_low_plating,High SEI / low plating,64.0,4.110179916534025,0.9233924709635378,0.01484172243312,90.97847838578988,41.36628861840623,26.09786994236928,23.51431982501437,0.1601362293680193,5.41695225706508,4.983358476493589,7.595580069849293e-08,4.869918745625415e-08,0.5089092702433434,0.4159199193678936
second_life,high_SEI_low_plating,High SEI / low plating,65.0,4.104275497418864,0.9220659849539056,0.0148967944730299,92.15169370449154,41.46901388869257,27.00138792603786,23.681291889761106,0.1599135271018595,5.415244698806836,4.979407698507397,7.61444224099678e-08,4.9535006921331615e-08,0.5085058098960032,0.4157888110510059
second_life,high_SEI_low_plating,High SEI / low plating,66.0,4.098348309941444,0.9207343838070502,0.0149522818146688,93.34860854269084,41.571589939458335,27.92870417309673,23.848314430135773,0.1596899785228391,5.413537487539834,4.975455726201663,7.63327701280886e-08,5.037842394836285e-08,0.5081022275826659,0.415657729376511
second_life,high_SEI_low_plating,High SEI / low plating,67.0,4.092398031737687,0.9193975951007008,0.0150081908870802,94.5697804568783,41.674016052119946,28.880377103653394,24.015387301104965,0.1594655716051519,5.411830626000085,4.971502563008071,7.652084253340915e-08,5.12295585682019e-08,0.5076985236537805,0.4155266745544828
second_life,high_SEI_low_plating,High SEI / low plating,68.0,4.0864249496830585,0.9180556832842608,0.0150645288536118,95.81578431181111,41.77629173883696,29.85698202033628,24.18251055263789,0.1592403171065122,5.410124114919331,4.967548207744279,7.67086387301683e-08,5.2088534297954984e-08,0.5072946979886049,0.4153956466411055
second_life,high_SEI_low_plating,High SEI / low plating,69.0,4.0804287797149374,0.9167085845402598,0.0151213026911774,97.087212387756,41.87841872337567,30.859109228724076,24.34968443565626,0.1590142044271481,5.408417952977766,4.963592654473156,7.689616188350501e-08,5.2955476066612775e-08,0.5068907499808283,0.4152646455350429
second_life,high_SEI_low_plating,High SEI / low plating,70.0,4.074408341843228,0.9153560337722808,0.0151785184933241,98.38466766815242,41.98039798732074,31.88736075183942,24.51690892899225,0.1587871894666482,5.40671214163611,4.959635903695556,7.708341379578182e-08,5.3830507145755245e-08,0.5064866796815991,0.4151336713484505
second_life,high_SEI_low_plating,High SEI / low plating,71.0,4.068363178449443,0.9139979281718154,0.0152361830768515,99.70877484067104,42.08222570885876,32.94236499734201,24.68418413447025,0.1585592551418974,5.405006681083783,4.955677953002183,7.727038744947532e-08,5.471376128033777e-08,0.5060824868448757,0.4150027240958725
second_life,high_SEI_low_plating,High SEI / low plating,72.0,4.062289283326497,0.9126333677049148,0.0152943001749748,101.06017146689295,42.1838992279152,34.02476568676807,24.851506552209685,0.1583302517207197,5.4033016081905005,4.951718885204799,7.745707796021962e-08,5.56053726220606e-08,0.5056781799275398,0.4148718066082086
second_life,high_SEI_low_plating,High SEI / low plating,73.0,4.05618697612884,0.9112624241851056,0.0153528777532648,102.43951905609865,42.28541809211687,35.13522458609387,25.018876377887903,0.158100191201828,5.401596922122655,4.947758695673421,7.764348449737769e-08,5.650547769644055e-08,0.5052737584567697,0.4147409188214534
second_life,high_SEI_low_plating,High SEI / low plating,74.0,4.050058756321869,0.9098856591419492,0.0154119262678557,103.84750541739866,42.38678417115946,36.274423789075634,25.186297457163576,0.1578691670400542,5.399892584880188,4.943797293414725,7.782961049404061e-08,5.741421682511845e-08,0.5048692131401679,0.4146100578179181
second_life,high_SEI_low_plating,High SEI / low plating,75.0,4.043904028701604,0.9085029388569996,0.015471453356686,105.28483347144964,42.48799730963667,37.44306584870306,25.353770313109926,0.157637157006721,5.398188592334349,4.939834666052111,7.801545566485499e-08,5.8331733729310376e-08,0.5044645427138145,0.4144792232805923
second_life,high_SEI_low_plating,High SEI / low plating,76.0,4.037722320374344,0.9071141570900212,0.0155314669078026,106.75222736516965,42.58905671349059,38.64187559625489,25.521295055424144,0.1574041434523165,5.396484944554275,4.935870810989999,7.820101855179044e-08,5.925817645273287e-08,0.5040597469126444,0.4143484152147845
second_life,high_SEI_low_plating,High SEI / low plating,77.0,4.031513153464755,0.9057192064816044,0.0155919749401583,108.2504318115147,42.689961540339176,39.8715987631597,25.688871508015826,0.1571701085452886,5.394781644502452,4.93190573239492,7.838629760808502e-08,6.019369577412937e-08,0.5036548261621511,0.4142176338479579
second_life,high_SEI_low_plating,High SEI / low plating,78.0,4.025276007962509,0.9043179702062992,0.0156529857695773,109.78021537415196,42.79071255444534,41.13300322727879,25.856499592427824,0.1569350328787677,5.393078694134876,4.927939432123272,7.857129423706017e-08,6.113844570424065e-08,0.5032497806519131,0.4140868793302961
second_life,high_SEI_low_plating,High SEI / low plating,79.0,4.019000066850047,0.9029080181143856,0.0157144993190158,111.34236681626052,42.891309356141214,42.42687850716008,26.024178952959232,0.1566985121320469,5.391376098204854,4.9239719185914055,7.875600770485524e-08,6.20925826451645e-08,0.5028446112414228,0.4139561520267635
second_life,high_SEI_low_plating,High SEI / low plating,80.0,4.012692706221809,0.9014910073182556,0.0157765305511628,112.93769603994532,42.9917514776529,43.754035189067416,26.191909373224995,0.1564608221051906,5.389673860022473,4.920003196919275,7.894043715255487e-08,6.305626456742083e-08,0.5024393184535388,0.4138254521915125
second_life,high_SEI_low_plating,High SEI / low plating,81.0,4.006355851486738,0.9000673703800243,0.0158390903781115,114.5670435697606,43.09203889506173,45.11531370915832,26.35969096554052,0.1562220348086214,5.387971979553609,4.916033264449349,7.912458253624013e-08,6.402965689156183e-08,0.5020339020168697,0.413694779821923
second_life,high_SEI_low_plating,High SEI / low plating,82.0,3.9999889338338,0.898636979510681,0.0159021882159663,116.23128591795388,43.19217169468516,46.51159060767976,26.52752361558896,0.1559821290148575,5.386270459029469,4.912062123886517,7.93084440144051e-08,6.501293606194404e-08,0.5016283622076431,0.4135641350893098
second_life,high_SEI_low_plating,High SEI / low plating,83.0,3.9935913830138303,0.897199706598125,0.015965833558197,117.93132195264144,43.29215007762447,47.94376447356785,26.6954074014491,0.1557410834414997,5.384569298707788,4.908089773383329,7.949202195630723e-08,6.600627879646978e-08,0.5012226988371945,0.4134335180134619
second_life,high_SEI_low_plating,High SEI / low plating,84.0,3.9871625837358375,0.8957554134111638,0.0160300364544698,119.66808876395388,43.391974477126304,49.41277142166212,26.863342865165457,0.1554988751183532,5.382868494128071,4.904116200114304,7.967531715746369e-08,6.700987229796454e-08,0.5008169105957632,0.4133029282518974
second_life,high_SEI_low_plating,High SEI / low plating,85.0,3.980701964598264,0.8943039715788003,0.0160948065973738,121.44253579887116,43.49164472868384,50.91956165226118,27.03132941792614,0.1552554827296539,5.3811680522910805,4.9001414180115015,7.985832931581102e-08,6.802389755180959e-08,0.5004109989061155,0.413172366342143
second_life,high_SEI_low_plating,High SEI / low plating,86.0,3.9742088445514714,0.8928452280965131,0.0161601537114316,123.25563652810966,43.59116103553231,52.4651083377639,27.19936715481345,0.1550108808548942,5.379467973269311,4.89616542482515,8.004105880452491e-08,6.904853535459333e-08,0.5000049635385009,0.4130418322897649
second_life,high_SEI_low_plating,High SEI / low plating,87.0,3.967678505505962,0.8913781229989467,0.0162260846043132,125.1084083376518,43.69052117763704,54.050435350757134,27.367451809257638,0.1547648932606228,5.377768300700589,4.892188321507884,8.02235015472302e-08,7.008398403301335e-08,0.4995988148023786,0.4129113294453264
second_life,high_SEI_low_plating,High SEI / low plating,88.0,3.9611150655948495,0.8899035814653359,0.0162925965475446,127.0013430001152,43.78971562501495,55.67604021451828,27.53558716058199,0.1545176738422481,5.37606899776046,4.88821001863596,8.04056400451974e-08,7.113008927248635e-08,0.4991925435656398,0.4127808549814028
second_life,high_SEI_low_plating,High SEI / low plating,89.0,3.9545189409406807,0.8884216969817164,0.0163596987715975,128.93541372229072,43.88874397156137,57.34289484571601,27.703774905013343,0.1542692381594247,5.374370048389813,4.884230476074427,8.058747355274669e-08,7.218699953749825e-08,0.4987861457296332,0.4126504076649569
second_life,high_SEI_low_plating,High SEI / low plating,90.0,3.947887857640693,0.8869319586933971,0.0164274211018774,130.91236425543087,43.98761925918274,59.0527299017086,27.872015094539535,0.1540195012704628,5.37267145292044,4.880249692593183,8.07690260171182e-08,7.32553205997942e-08,0.4983796211687387,0.412519987521464
second_life,high_SEI_low_plating,High SEI / low plating,91.0,3.941221099640402,0.885434205731674,0.016495775260589,132.93336215666093,44.08633981277932,60.806714991939,28.0403073519426,0.153768436456632,5.370973216070139,4.876267677117701,8.095029436253341e-08,7.433527539831559e-08,0.4979729707944411,0.4123895949131623
second_life,high_SEI_low_plating,High SEI / low plating,92.0,3.934517960799313,0.8839282794551171,0.0165647730853186,134.99960224911874,44.18490622443906,62.60604468776263,28.20865133691705,0.1535160173702243,5.369275342159365,4.872284437700055,8.113127967617022e-08,7.542708382589942e-08,0.4975661954290322,0.4122592301717812
second_life,high_SEI_low_plating,High SEI / low plating,93.0,3.927777722037785,0.8824140183153906,0.0166344266869396,137.1123127731215,44.28332067636154,64.45194448525085,28.377047611509088,0.1532622171704149,5.367577826382208,4.868299961041494,8.131198596493185e-08,7.653096614696983e-08,0.4971592937144206,0.4121288929283174
second_life,high_SEI_low_plating,High SEI / low plating,94.0,3.920999619558645,0.8808912507179237,0.0167047483838511,139.27277927276063,44.38157732816119,66.34570644328173,28.545495501317703,0.1530070073609233,5.365880676365581,4.864314263099231,8.14924025048405e-08,7.764716348640671e-08,0.4967522672801844,0.4119985837683742
second_life,high_SEI_low_plating,High SEI / low plating,95.0,3.914174499793914,0.879357920223357,0.016775744407908,141.48232227163737,44.47967555878519,68.28865184204736,28.713994870804814,0.1527500460021087,5.364183894267956,4.860327347080275,8.167252815553367e-08,7.877591445632817e-08,0.4963451164538292,0.4118683028576815
second_life,high_SEI_low_plating,High SEI / low plating,96.0,3.907305248492983,0.8778146751437633,0.0168474307536872,143.74229747022235,44.57761894396938,70.2821329545051,28.88254557174788,0.1524914409650753,5.362487482337207,4.856339216491764,8.18523694826929e-08,7.991745596750363e-08,0.4959378415935101,0.4117380503688339
second_life,high_SEI_low_plating,High SEI / low plating,97.0,3.900395812964751,0.8762624022810324,0.0169198246810391,146.05411747282395,44.675408170592505,72.32756177281627,29.05114752941517,0.1522313397588992,5.3607914419536495,4.85234987310195,8.20319277475487e-08,8.107203907725864e-08,0.4955304428798039,0.4116078264078133
second_life,high_SEI_low_plating,High SEI / low plating,98.0,3.8934453298858127,0.8747009076810435,0.0169929397756544,148.41923507454186,44.77304257492776,74.42639172696103,29.21980077265308,0.1519697101640868,5.3590957738925535,4.84835931622829,8.221120173138163e-08,8.22399175128377e-08,0.4951229202430082,0.4114776310341462
second_life,high_SEI_low_plating,High SEI / low plating,99.0,3.886452918803759,0.8731299935414758,0.0170667904474206,150.83916955580008,44.87052189848679,76.58014233899485,29.388505318318444,0.1517065193212493,5.357400478112295,4.844367545471928,8.23901909595615e-08,8.342136051444187e-08,0.4947152736423912,0.4113474642446364
second_life,high_SEI_low_plating,High SEI / low plating,100.0,3.879413529335072,0.871548525243843,0.0171413872997307,153.31546689626705,44.96784346422921,78.79036559321858,29.557257838819236,0.1514415786503587,5.355705588796184,4.840374639568056,8.256889051657006e-08,8.461663327879195e-08,0.494307511118528,0.4112173286639185
second_life,high_SEI_low_plating,High SEI / low plating,101.0,3.872328372061871,0.8699567747573622,0.0172167474513133,155.8497575210888,45.0650079306483,81.05868923704948,29.726060353391023,0.1511749333903435,5.354011086214992,4.836380550738911,8.274730161151705e-08,8.582601973803392e-08,0.4938996277922702,0.4110872227771592
second_life,high_SEI_low_plating,High SEI / low plating,102.0,3.8651986994192113,0.8683550234539258,0.0172928884777573,158.44372838701506,45.16201636119646,83.38679682408116,29.89491520173743,0.1509066303302604,5.352316947394063,4.832385223624039,8.292542619708865e-08,8.704981040063974e-08,0.4934916180101114,0.4109571448203377
second_life,high_SEI_low_plating,High SEI / low plating,103.0,3.858023367204552,0.8667430142771436,0.0173698296441948,161.0992460979235,45.258873917879946,85.77654961794008,30.063822562103475,0.1506366267606027,5.350623171040969,4.828388654005927,8.310327375163869e-08,8.828836416851756e-08,0.4930834813413521,0.4108270946942197
second_life,high_SEI_low_plating,High SEI / low plating,104.0,3.850801458096724,0.8651205411417645,0.0174475872721801,163.81812532408932,45.35557637862834,88.2297670679867,30.23278187747428,0.1503648884559316,5.3489297631668205,4.82439085506428,8.328083652270128e-08,8.95419916828116e-08,0.4926752191319264,0.4106970728603455
second_life,high_SEI_low_plating,High SEI / low plating,105.0,3.843532087343897,0.8634874052795604,0.0175261734516438,166.60204799747137,45.45211993491626,90.7481353857832,30.40179267677188,0.1500913824066494,5.347236728861937,4.820391837945419,8.34581075171522e-08,9.081091236212745e-08,0.4922668325201164,0.4105670797095557
second_life,high_SEI_low_plating,High SEI / low plating,106.0,3.836214216883817,0.8618433734796039,0.0176056052811495,169.45294139313913,45.548503637753086,93.33358307793648,30.570854677449542,0.1498160698754504,5.34554407128739,4.8163916093347705,8.363508499247735e-08,9.209544552635965e-08,0.4918583221886493,0.4104371154845609
second_life,high_SEI_low_plating,High SEI / low plating,107.0,3.828846776566204,0.8601882053220761,0.017685900477078,172.37280839262417,45.64472660717991,95.98811410493492,30.739967680509316,0.1495389109263762,5.343851792703545,4.812390173940886,8.381176733291695e-08,9.339592191238677e-08,0.4914496886183707,0.4103071803589148
second_life,high_SEI_low_plating,High SEI / low plating,108.0,3.821428674727044,0.8585216555538856,0.0177670771507605,175.3637237883624,45.740787301328325,98.71380549641576,30.909130990618312,0.1492598648266271,5.342159900261124,4.808387548216255,8.398815170732879e-08,9.471268120466292e-08,0.4910409334894375,0.410177274881658
second_life,high_SEI_low_plating,High SEI / low plating,109.0,3.8139574940134886,0.8568431810928643,0.017849152963216,178.42783707880676,45.83668445013232,101.5128085852946,31.07834404337984,0.148978841336013,5.340468399723303,4.804383745515242,8.41642357836476e-08,9.604607144326894e-08,0.4906320581656209,0.4100473994952942
second_life,high_SEI_low_plating,High SEI / low plating,110.0,3.8064215994313257,0.8551501680227669,0.0179321392257645,181.5673583731601,45.93241876311992,104.38733176883504,31.247607841205173,0.1486954059870098,5.338777281093296,4.800378742119483,8.434002086469203e-08,9.739643982864909e-08,0.4902230602247598,0.4099175534322581
second_life,high_SEI_low_plating,High SEI / low plating,111.0,3.798826772059686,0.8534439151200585,0.0180160602361139,184.78457764685012,46.027988381433815,107.3396685079176,31.41692075749873,0.1484097747357283,5.337086560583238,4.79637257651636,8.45155035372722e-08,9.876414506873281e-08,0.4898139435972534,0.4097877379373366
second_life,high_SEI_low_plating,High SEI / low plating,112.0,3.791175213049464,0.8517249168950051,0.0181009389866562,188.08189024447697,46.123393618581446,110.37221233640052,31.58628428949501,0.1481220297956116,5.3353962231467325,4.792365213279344,8.46906843770431e-08,1.0014956279798637e-07,0.4894047046652822,0.4096579518552498
second_life,high_SEI_low_plating,High SEI / low plating,113.0,3.7834670693518926,0.849993206361651,0.0181867975639806,191.4617863712868,46.21863432609518,113.48745308079435,31.75569896439728,0.1478321766748369,5.33370626336399,4.788356639934113,8.486556311139198e-08,1.0155308209766449e-07,0.4889953421549469,0.4095281947698598
second_life,high_SEI_low_plating,High SEI / low plating,114.0,3.7757010335411008,0.8482484897938747,0.0182736576238275,194.9268487097845,46.3137106014593,116.68797251288257,31.92516559544264,0.1475401665680337,5.332016672881271,4.784346837238412,8.504013991931711e-08,1.0297510199615393e-07,0.4885858541011946,0.4093984660397569
second_life,high_SEI_low_plating,High SEI / low plating,115.0,3.767875802569403,0.8464904744491571,0.0183615410200945,198.47974355331968,46.40862193968326,119.976438180977,32.094683432659394,0.1472459508525362,5.330327458835132,4.7803358229375545,8.521441387356689e-08,1.0441602741653323e-07,0.4881762423162079,0.4092687662128942
second_life,high_SEI_low_plating,High SEI / low plating,116.0,3.759990071586692,0.8447188671800477,0.0184504699014951,202.12322062359996,46.50336863103357,123.35560091619575,32.26425107637063,0.1469494808465536,5.328638634711057,4.77632363014973,8.538838550712174e-08,1.0587626699512325e-07,0.4877665101820742,0.4091390963247027
second_life,high_SEI_low_plating,High SEI / low plating,117.0,3.7520424555847,0.842933356830774,0.0185404672906467,205.86015151438903,46.59794831923324,126.82833492198698,32.43386827316879,0.1466507048619308,5.32695020243137,4.772310264870896,8.556205049344163e-08,1.0735624907210381e-07,0.4873566583111109,0.409009456522781
second_life,high_SEI_low_plating,High SEI / low plating,118.0,3.744032978879088,0.8411339488640889,0.018631538281369,209.6925642178743,46.69235414357098,130.39667540344922,32.60353467085409,0.1463496238318457,5.325262166063071,4.768295735434559,8.573539623505074e-08,1.0885601790512717e-07,0.4869466875543505,0.4088798471193979
second_life,high_SEI_low_plating,High SEI / low plating,119.0,3.735959302666736,0.8393201178447962,0.0187237190943039,213.62411559331264,46.786590367480684,134.06427422351192,32.77325100232002,0.1460461504483652,5.323574521445314,4.7642800244995,8.590843056036555e-08,1.103762702270189e-07,0.4865365961408772,0.4087502677950788
second_life,high_SEI_low_plating,High SEI / low plating,120.0,3.727819275732532,0.8374913804811961,0.0188170436904322,217.6584419453993,46.880665071728,137.83475963720971,32.94301723646158,0.1457402044152509,5.321887268593796,4.760263132801702,8.608116830709681e-08,1.119176443332757e-07,0.4861263841458511,0.408620718551029
second_life,high_SEI_low_plating,High SEI / low plating,121.0,3.719608456939636,0.8356467390280796,0.0189115365288199,221.7989423528697,46.97457261725435,141.71154009516908,33.11282964044626,0.1454316199923114,5.3202004439250015,4.756245148664878,8.625359912093857e-08,1.1348064427221881e-07,0.4857160605890438,0.4084912021833487
second_life,high_SEI_low_plating,High SEI / low plating,122.0,3.711323337033365,0.8337854050967581,0.0190072238767486,226.04913870998,47.06831087287223,145.69813924246822,33.282688594639524,0.1451202661885945,5.318514042839387,4.752226063089082,8.642571908865467e-08,1.1506578018678653e-07,0.4853056245513653,0.4083617183388795
second_life,high_SEI_low_plating,High SEI / low plating,123.0,3.702956987929197,0.8319058222246887,0.0191041322863102,230.4127617682307,47.16187995852876,149.79828375212765,33.45259805757431,0.1448058843443107,5.31682802513214,4.748205782410235,8.659752843048926e-08,1.1667360115495629e-07,0.484895066467676,0.4082322639306491
second_life,high_SEI_low_plating,High SEI / low plating,124.0,3.6945152337022273,0.8300092988478041,0.0192022968000981,234.89365655924811,47.25527941517731,154.01582011048347,33.62255703358734,0.1444886919270408,5.315142399659264,4.744184330187034,8.676902630355174e-08,1.183046595803609e-07,0.4844843887438316,0.4081028396386316
second_life,high_SEI_low_plating,High SEI / low plating,125.0,3.685998502281804,0.8280959311046545,0.0193017474307927,239.4957054374229,47.34850852941799,158.35463224344113,33.79256466456381,0.1441687049398533,5.313457173719654,4.740161726723602,8.69402113979141e-08,1.1995947871142348e-07,0.4840735934533242,0.4079734460232448
second_life,high_SEI_low_plating,High SEI / low plating,126.0,3.677404647112535,0.8261652367503922,0.0194025181634057,244.22323707846957,47.44155956608054,162.81905737804476,33.96262013434422,0.1438458432743069,5.311772354052775,4.736137991331343,8.711106951043966e-08,1.2163870892668726e-07,0.4836626825682683,0.4078440836019527
second_life,high_SEI_low_plating,High SEI / low plating,127.0,3.668731656118948,0.8242167637524107,0.0195046424715124,249.0806163809825,47.53443847176056,167.4134550402837,34.132722868938274,0.1435200318399739,5.310087944785567,4.732113137591619,8.728161156012661e-08,1.233429591615567e-07,0.4832516574756162,0.4077147526916265
second_life,high_SEI_low_plating,High SEI / low plating,128.0,3.659977484253728,0.822250052670653,0.0196081540594534,254.0723738479032,47.62714407022873,172.1423575059193,34.30287227175514,0.1431911943162527,5.3084039500588,4.728087179620552,8.745183538721054e-08,1.2507285314434598e-07,0.482840519616931,0.4075854536101994
second_life,high_SEI_low_plating,High SEI / low plating,129.0,3.651139749638319,0.8202645683926012,0.0197130913962593,259.20342925171616,47.71968076089233,177.01068076976114,34.47306772106271,0.1428592418099394,5.306720374060298,4.724060132129138,8.7621749069779e-08,1.268291027365683e-07,0.4824292704945254,0.4074561866792174
second_life,high_SEI_low_plating,High SEI / low plating,130.0,3.642214789323082,0.8182594880004788,0.0198194907488151,264.4788123422134,47.81204267897476,182.02346164325897,34.643308019979685,0.1425240376169549,5.305037226419685,4.720032023437159,8.779134183906787e-08,1.286124076847749e-07,0.4820179130004648,0.4073269526380544
second_life,high_SEI_low_plating,High SEI / low plating,131.0,3.633197042241966,0.8162335621459293,0.0199273876372713,269.90372920671786,47.90422328732346,187.18591423933825,34.81359168005618,0.1421853741904622,5.3033545193825855,4.716002888763289,8.796060169171234e-08,1.304234746819258e-07,0.4816064507313419,0.4071977524269435
second_life,high_SEI_low_plating,High SEI / low plating,132.0,3.624096836517453,0.8141891111435703,0.0200367141764633,275.4768467714913,47.99619827628226,192.49672576428392,34.983922730925094,0.1418436370051527,5.301672212272364,4.7119726327611335,8.812948399089673e-08,1.3226071228975886e-07,0.4811948739502161,0.4070685829226853
second_life,high_SEI_low_plating,High SEI / low plating,133.0,3.6149044720714016,0.8121239557751418,0.0201476085265284,281.20963470572264,48.08798848438044,197.96734841438249,35.1542978069597,0.1414984640326962,5.299990334191441,4.707941335065831,8.829802699983556e-08,1.3412692465035474e-07,0.4807831907895671,0.4069394463597976
second_life,high_SEI_low_plating,High SEI / low plating,134.0,3.605613349735638,0.810036613472404,0.0202601387205109,287.10972180302576,48.17959481114055,203.60541162892912,35.32471536295614,0.1411496089817803,5.298308896855792,4.703909032238931,8.846623237021089e-08,1.3602346770332433e-07,0.4803714049831241,0.4068103436378467
second_life,high_SEI_low_plating,High SEI / low plating,135.0,3.5962117520181884,0.8079244517851749,0.0203743514171611,293.18389369515,48.27101503825706,209.41770587201384,35.495172784879145,0.1407966345460219,5.296627922494418,4.699875786131937,8.863409602882257e-08,1.379513270680626e-07,0.4799595228472705,0.4066812764636012
second_life,high_SEI_low_plating,High SEI / low plating,136.0,3.5867055311937386,0.8057887854847041,0.0204903078745023,299.4393627417453,48.36224873268248,215.4114458675727,35.665668141490144,0.1404397591980822,5.294947426253344,4.6958416424404845,8.880161718051907e-08,1.3991155122599297e-07,0.4795475490485246,0.4065522459999906
second_life,high_SEI_low_plating,High SEI / low plating,137.0,3.577091846429019,0.8036289763497686,0.0206080677940211,305.8838364295433,48.45329179914743,221.5943446903982,35.83619993999766,0.1400788769321215,5.293267418573999,4.691806636485978,8.896878830566357e-08,1.4190526861891725e-07,0.4791354871939697,0.40642325304872
second_life,high_SEI_low_plating,High SEI / low plating,138.0,3.567366685491577,0.8014441229927615,0.0207276934224066,312.5254620921827,48.54414367282286,227.9745511028325,36.006767316527295,0.1397138380144836,5.291587903283303,4.687770788708819,8.913560836713034e-08,1.4393365983786154e-07,0.4787233393710154,0.4062942979036249
second_life,high_SEI_low_plating,High SEI / low plating,139.0,3.5575261744823763,0.7992333551040428,0.0208492454823598,319.37258945086046,48.63479688565108,234.56042437493505,36.17736819027439,0.1393444978908655,5.289908895853431,4.683734148343572,8.930206365224855e-08,1.459978812246249e-07,0.4783111106075816,0.4061653817526768
second_life,high_SEI_low_plating,High SEI / low plating,140.0,3.547562088222989,0.7969948248161257,0.0209727902596867,326.43439030081964,48.7252459516701,241.36114789232232,36.34799645682722,0.1389705496595068,5.288230450862462,4.679696859828624,8.94681440878245e-08,1.4809925203596676e-07,0.4778988156539684,0.4060365087864444
second_life,high_SEI_low_plating,High SEI / low plating,141.0,3.537470726301639,0.7947277007949952,0.0210984113718215,333.72125624213373,48.81549047704062,248.38711330674357,36.518652458349536,0.1385918552188035,5.2865525588695705,4.675658915067932,8.96338489506998e-08,1.5023935621901688e-07,0.4774864536833937,0.4059076782800501
second_life,high_SEI_low_plating,High SEI / low plating,142.0,3.527248730490919,0.7924312285817303,0.021226192201904,341.2439139424605,48.9055303478129,255.64904700323825,36.68933659140937,0.1382082892366245,5.284875209470006,4.671620304678176,8.979917803164264e-08,1.5241975980561982e-07,0.4770740237376167,0.405778889434605
second_life,high_SEI_low_plating,High SEI / low plating,143.0,3.51689049290038,0.790104148308412,0.021356218759989,349.0137456879646,48.99536673902849,263.15833234273504,36.86004660620111,0.1378196424532597,5.2831984177619065,4.667581081892707,8.996413348823653e-08,1.5464210283233474e-07,0.47666153125292,0.4056501434093617
second_life,high_SEI_low_plating,High SEI / low plating,144.0,3.5063892465056696,0.7877449396962535,0.0214885859693666,357.043261006636,49.084990897924456,270.92749095298933,37.03077915572219,0.1374256623654774,5.281522208991385,4.663541325905994,9.012869924886517e-08,1.5690822926720488e-07,0.4762489843167811,0.4055214421427464
second_life,high_SEI_low_plating,High SEI / low plating,145.0,3.4957293703856283,0.7853500933511935,0.0216233887045106,365.34575889028025,49.1743966764805,278.9698318349912,37.20153037880858,0.1370257660558865,5.279846612797142,4.659501128078241,9.029286402467912e-08,1.5922006766702558e-07,0.4758363922590636,0.405392787910453
second_life,high_SEI_low_plating,High SEI / low plating,146.0,3.4849100164505957,0.7829194187415225,0.0217607375128126,373.93551976555,49.26358138516292,287.2996415455291,37.37229683485802,0.1366199219284622,5.278171653989907,4.655460569818609,9.045662287722024e-08,1.6157967337978366e-07,0.4754237633934131,0.4052641826174784
second_life,high_SEI_low_plating,High SEI / low plating,147.0,3.473926911676206,0.7804519558901574,0.0219007446858691,382.8276328786085,49.35254114087717,295.9320164727308,37.543075265000525,0.1362079705613423,5.27649735358759,4.651419728236235,9.061996867644217e-08,1.6398916726962866e-07,0.4750111055943494,0.405135627877602
second_life,high_SEI_low_plating,High SEI / low plating,148.0,3.4627723051109176,0.77794596346936,0.0220435176827057,392.0375350055572,49.44127042952527,304.88240034518697,37.71386423084498,0.1357896227141805,5.274823711575741,4.647378637365337,9.07828912974886e-08,1.664505985989931e-07,0.4745984223375065,0.4050071236897146
second_life,high_SEI_low_plating,High SEI / low plating,149.0,3.451433280259292,0.7753985396609908,0.0221892041670078,401.5844590463441,49.529765953484805,314.1700350976222,37.88465799523711,0.1353643964427874,5.273150777551628,4.64333743295451,9.094538468534329e-08,1.6896687193791055e-07,0.4741857274857676,0.4048786738619522
second_life,high_SEI_low_plating,High SEI / low plating,150.0,3.4399026822526557,0.7728080770532094,0.022337947214448,411.4878140721599,49.61802316890367,323.8143379901408,38.055452913115445,0.1349320247915754,5.271478575358194,4.639296201250687,9.110744049669245e-08,1.715407170797924e-07,0.4737730298468203,0.404750280225004
second_life,high_SEI_low_plating,High SEI / low plating,151.0,3.428172836931465,0.7701728515703582,0.0224898911531958,421.76791370365424,49.70603420027111,333.8356338120551,38.226245691328025,0.1344922214215062,5.269807124384832,4.635255020174162,9.126904427070953e-08,1.7417488388036037e-07,0.4733603373780211,0.40462194426761
second_life,high_SEI_low_plating,High SEI / low plating,152.0,3.416233585516562,0.7674905809424682,0.0226451903314561,432.446788350238,49.793788385061895,344.2559684869205,38.39703147825564,0.1340446072930933,5.268136458285788,4.631214004520605,9.143017642911788e-08,1.7687234063954406e-07,0.4729476618025043,0.4044936685737825
second_life,high_SEI_low_plating,High SEI / low plating,153.0,3.404073644860686,0.7647587302991835,0.0228040158609915,443.5486792241004,49.88128399500023,355.09959088785297,38.56780434124723,0.1335887614237402,5.266466620006137,4.6271732946643205,9.159083379849844e-08,1.796363697239132e-07,0.472535017455539,0.4043654564408947
second_life,high_SEI_low_plating,High SEI / low plating,154.0,3.391672767419801,0.7619727508299657,0.0229665634284285,455.10117296443264,49.96851563765619,366.3940980668683,38.73855925990812,0.1331239283005358,5.264797641872296,4.623133009394429,9.175100647739885e-08,1.8247081781669545e-07,0.4721224164680776,0.4042373103510066
second_life,high_SEI_low_plating,High SEI / low plating,155.0,3.3790186955304664,0.759129888729784,0.023133029630265,467.13277833396927,50.05547684092443,378.1680107437542,38.909290749290605,0.1326496505812585,5.263129560268686,4.619093278491986,9.191068258189241e-08,1.853794453247199e-07,0.4717098720935881,0.4041092330977563
second_life,high_SEI_low_plating,High SEI / low plating,156.0,3.3660992941743904,0.7562274177470498,0.0233036275035973,479.6746312149132,50.14215749201767,390.45248447732735,39.07998924556821,0.1321654755581187,5.2614624560435495,4.6150543282496646,9.206984354311832e-08,1.8836633120633314e-07,0.4712974074414736,0.4039812308887665
second_life,high_SEI_low_plating,High SEI / low plating,157.0,3.3529015559870228,0.7532624156489812,0.0234785969355752,492.761402478431,50.22855402418006,403.28219561185387,39.25065284239705,0.1316709178504145,5.259796311851813,4.611016203774061,9.222848281188384e-08,1.914360427746962e-07,0.4708850271180983,0.4038533023922621
second_life,high_SEI_low_plating,High SEI / low plating,158.0,3.339408472640592,0.750231061346933,0.023658192052825,506.4307577958407,50.31465940165134,416.6948245727606,39.421273821428784,0.1311653428430441,5.258131160551764,4.606979087691418,9.23865874692924e-08,1.945934586082367e-07,0.4704727497735732,0.4037254501311408
second_life,high_SEI_low_plating,High SEI / low plating,159.0,3.3256052056494854,0.7471300212287098,0.023842665747846,520.7218755958685,50.400464942017045,430.7295654375361,39.5918452163153,0.1306481969056772,5.256467044472655,4.602943144834665,9.254414157289997e-08,1.9784338104646906e-07,0.4700605922409248,0.403597677355492
second_life,high_SEI_low_plating,High SEI / low plating,160.0,3.3114730900817184,0.7439551020331854,0.0240323013172896,535.6785284401066,50.48596463371391,445.43020463845056,39.76235916794215,0.1301187836264711,5.254804007213648,4.598908561160756,9.27011340844162e-08,2.0119121596662379e-07,0.469648573510402,0.4034699874129105
second_life,high_SEI_low_plating,High SEI / low plating,161.0,3.296988110065172,0.7407009083577378,0.0242274033974887,551.3487024250456,50.57115005034576,460.8447493016698,39.9328030730301,0.1295762069783967,5.253142133582415,4.594875634879802,9.285754953149183e-08,2.0464281710961775e-07,0.4692367240357423,0.4033423868150281
second_life,high_SEI_low_plating,High SEI / low plating,162.0,3.2821200258307326,0.737360646539878,0.0244283034028225,567.7853153676784,50.656007636559785,477.02613903191497,40.103168699203664,0.1290193386336472,5.251481456893338,4.590844560780603,9.30133630241086e-08,2.0820457699264437e-07,0.4688250637091177,0.403214878119762
second_life,high_SEI_low_plating,High SEI / low plating,163.0,3.266854421504042,0.7339310779111983,0.024635369243506,585.0465734469772,50.74053016125021,494.0325993738865,40.2734439118405,0.1284476407777052,5.249822043671696,4.586815625984233,9.316856128468117e-08,2.118834264710065e-07,0.4684136218518341,0.4030874664350008
second_life,high_SEI_low_plating,High SEI / low plating,164.0,3.251166142643019,0.7304065512781012,0.0248489982946676,603.1968112115012,50.82470807627925,511.9284885118032,40.4436146234187,0.1278601748975937,5.248163967112173,4.582789163819932,9.332312678114477e-08,2.1568693205713643e-07,0.4680024325040554,0.402960157380718
second_life,high_SEI_low_plating,High SEI / low plating,165.0,3.235026261946805,0.7267805678370403,0.0250696089429432,622.3058024309258,50.90852924309896,530.7836078539398,40.61366533388704,0.1272558617259343,5.246507319404223,4.578765541039237,9.347703722498476e-08,2.196230582989507e-07,0.4675915331190891,0.4028329580353272
second_life,high_SEI_low_plating,High SEI / low plating,166.0,3.218404191613813,0.7230462557365971,0.0252976510761858,642.4500792617253,50.99197890647582,550.6745230394729,40.78357731577644,0.1266335600929133,5.244852235447754,4.5747452007586205,9.363026552299044e-08,2.237003563868899e-07,0.4671809689487631,0.402705878756601
second_life,high_SEI_low_plating,High SEI / low plating,167.0,3.201271435869622,0.7191972131198973,0.0255336213911428,663.7146440213123,51.07504250676437,571.6862617821055,40.953339732442544,0.1259922067731666,5.243198752795548,4.570728399387297,9.378278494108513e-08,2.2792820049099735e-07,0.4667707661780343,0.402578922427886
second_life,high_SEI_low_plating,High SEI / low plating,168.0,3.1835891579753044,0.7152247149303614,0.0257780520556761,686.1931675584984,51.15770738337123,593.9125328199617,41.12292735516552,0.125330352841598,5.241547037362801,4.566715733869859,9.393457223218676e-08,2.3231669934324265e-07,0.4663609857679268,0.4024521017883445
second_life,high_SEI_low_plating,High SEI / low plating,169.0,3.1653129386891563,0.7111187819470826,0.0260315164006405,709.9889083228762,51.239955146579184,617.4566390050097,41.292314171287295,0.1246463410668013,5.239897248658582,4.562707819699904,9.408559362953157e-08,2.368767392704657e-07,0.4659516905737217,0.4023254290852691
second_life,high_SEI_low_plating,High SEI / low plating,170.0,3.1464066223471407,0.706871291443408,0.0262946314110342,735.2151753163428,51.32176530651205,642.4319377140715,41.46147229575927,0.1239388225904266,5.2382495643972575,4.558705316674244,9.423581151009356e-08,2.416199251469991e-07,0.4655429479750218,0.4021989179637764
second_life,high_SEI_low_plating,High SEI / low plating,171.0,3.1268341492869705,0.7024741422604257,0.0265680629972683,761.9970570709985,51.40311454144562,668.9635740424669,41.63036848708601,0.1232064521868925,5.236604202063373,4.554709011330248,9.438518305107439e-08,2.465587497080307e-07,0.4651348382943966,0.4020725851225837
second_life,high_SEI_low_plating,High SEI / low plating,172.0,3.1065500240342585,0.6979171133909376,0.026852513764549,790.4712707058626,51.48398937200937,697.1883198292791,41.79896150457424,0.1224475326361484,5.234961449450212,4.550719879476793,9.453368350197273e-08,2.517063866166304e-07,0.4647274611831528,0.4019464526587953
second_life,high_SEI_low_plating,High SEI / low plating,173.0,3.0855017001238867,0.6931883997531101,0.0271487252236055,820.7873516575143,51.5643658414545,727.2557824211368,41.967203394922905,0.1216601036911702,5.233321647274716,4.546739055751859,9.468126887397313e-08,2.570767348946977e-07,0.4643209325125024,0.401820546733056
second_life,high_SEI_low_plating,High SEI / low plating,174.0,3.0636297695643124,0.6882746547554996,0.0274574751533131,853.1082591261899,51.64420717610871,759.3290067792201,42.13504517086104,0.1208419490777594,5.231685131922479,4.54276769925851,9.482787164412829e-08,2.626843376438203e-07,0.4639153706520744,0.4016948931734443
second_life,high_SEI_low_plating,High SEI / low plating,175.0,3.0408973930226333,0.6831676020784977,0.0277795469620704,887.6071990233146,51.723472164093465,793.5813127263556,42.30241413286554,0.11999169493058,5.230052477998372,4.538807530162786,9.49734161401617e-08,2.685436577925922e-07,0.4635109512682288,0.4015695360987933
second_life,high_SEI_low_plating,High SEI / low plating,176.0,3.0172555435742163,0.6778562273397658,0.0281157195895718,924.4680109984776,51.80212147714924,830.1966577060357,42.46923181529264,0.1191075127017688,5.228424322897194,4.534860405064703,9.511783014845349e-08,2.7466901757467257e-07,0.4631078639602015,0.4014445244490197
second_life,moderate_SEI_moderate_plating,26% SEI / 74% plating,0.0,4.451173304721823,1.0,0.0119650648374319,52.685042401611,9.999904666333713,29.755573119999998,12.92956461527729,0.1730196110765483,5.526933335243084,5.233807663519556,1.836158841434001e-08,5.2e-08,0.5344855785911435,0.42436439496911904
second_life,moderate_SEI_moderate_plating,26% SEI / 74% plating,1.0,4.4448416937678825,0.998577541128937,0.0120180349175541,53.99067173024742,10.1155185586751,30.78172523142701,13.093427940145313,0.1727803956673407,5.52520452109027,5.229930442395084,1.857387590876976e-08,5.288903735889769e-08,0.5340896299989772,0.424231654599827
second_life,moderate_SEI_moderate_plating,26% SEI / 74% plating,2.0,4.438477114189797,0.9971476755311779,0.0120714190544441,55.32352643628634,10.230951097795923,31.835255456659446,13.257319881830975,0.1725399625688608,5.523476186184053,5.226052544159183,1.8785830406705572e-08,5.3786508502591406e-08,0.5336936122590095,0.42409895102764816
second_life,moderate_SEI_moderate_plating,26% SEI / 74% plating,3.0,4.432078399023904,0.9957101410368223,0.0121252212489118,56.68421565208065,10.34619875711055,32.91677687271243,13.421240022257672,0.1722982678568875,5.5217483356502175,5.222173978704094,1.899744543271433e-08,5.4692507576835635e-08,0.5332975263814531,0.42396628464614644
second_life,moderate_SEI_moderate_plating,26% SEI / 74% plating,4.0,4.425651648598332,0.9942663081447722,0.0121794559296897,58.07345637530491,10.461264503181674,34.02700370532782,13.585188166795412,0.1720555404352167,5.5200209723202525,5.21829475063502,1.9208726433928268e-08,5.560720134603728e-08,0.5329013728365993,0.42383365567272674
second_life,moderate_SEI_moderate_plating,26% SEI / 74% plating,5.0,4.419199526767014,0.9928167753160968,0.0122340944127532,59.49091938731386,10.576107127995927,35.165648283915374,13.74916397540256,0.1718118801149102,5.518294100487497,5.214414867997791,1.9419597745167973e-08,5.652993653533072e-08,0.5325051524461024,0.42370106443703665
second_life,moderate_SEI_moderate_plating,26% SEI / 74% plating,6.0,4.412720391939772,0.9913611737513659,0.0122891560071198,60.937639162069104,10.69074040591258,36.33373393637993,13.9131648197766,0.1715672251192459,5.516567748562196,5.210534392981489,1.9630084658586107e-08,5.7461134935868986e-08,0.5321088715608202,0.423568513120448
second_life,moderate_SEI_moderate_plating,26% SEI / 74% plating,7.0,4.406211457674262,0.9898988774488144,0.0123446719913825,62.41503960951408,10.805193759838737,37.53265444330465,14.07719140637069,0.1713214707320596,5.514841909793635,5.206653308870508,1.9840241199828752e-08,5.8401476093262014e-08,0.5317125284737256,0.42343600120463304
second_life,moderate_SEI_moderate_plating,26% SEI / 74% plating,8.0,4.399671075882048,0.9884295161491149,0.0124006494411813,63.92389738713779,10.919469255045229,38.7631822503433,14.241245881749265,0.171074554996383,5.513116562279691,5.202771564874318,2.0050071161097352e-08,5.935111679631282e-08,0.5313161179980012,0.42330352700792123
second_life,moderate_SEI_moderate_plating,26% SEI / 74% plating,9.0,4.3930948045494285,0.9869520919100624,0.0124570929694071,65.4650135003969,11.033565952466034,40.02611825063996,14.405329297290908,0.1708263112012818,5.511391695653219,5.198889136115924,2.025957281810109e-08,6.031022113672632e-08,0.5309196375931645,0.42317108973431095
second_life,moderate_SEI_moderate_plating,26% SEI / 74% plating,10.0,4.386486795499498,0.9854675374796786,0.0125140147818632,67.03920510818644,11.14748263972948,41.32228224105703,14.569440227399925,0.170576895074025,5.509667325571436,5.195006056326789,2.046874394471177e-08,6.127895261545058e-08,0.5305230907039317,0.4230386905859817
second_life,moderate_SEI_moderate_plating,26% SEI / 74% plating,11.0,4.379846702566034,0.9839757750883066,0.01257142366902,68.64732552471004,11.261219183506157,42.65252743154915,14.733578909654726,0.1703262935678237,5.507943450187588,5.191122319885495,2.0677584296113098e-08,6.225748452676518e-08,0.5301264767562337,0.42290632942113754
second_life,moderate_SEI_moderate_plating,26% SEI / 74% plating,12.0,4.373173915161768,0.9824766675614915,0.0126293282681309,70.2902512525314,11.374775277463026,44.01773058148349,14.897745393584904,0.1700744837324935,5.506220069613378,5.187237925620108,2.088609330982359e-08,6.324599185575764e-08,0.5297297956303906,0.42277400624835515
second_life,moderate_SEI_moderate_plating,26% SEI / 74% plating,13.0,4.366467821749955,0.9809700775114706,0.0126877373754615,71.9688854401195,11.488150248731383,45.4187958858709,15.061939305517212,0.1698214425999542,5.504497188386724,5.183352882372227,2.109426975033764e-08,6.424465362874091e-08,0.5293330482293218,0.42264172141606116
second_life,moderate_SEI_moderate_plating,26% SEI / 74% plating,14.0,4.359727792993699,0.9794558635515004,0.0127466600336546,73.6841600449702,11.601343812659795,46.85665572312431,15.226160509186087,0.1695671465449819,5.502774808528354,5.179467193366074,2.130211309498503e-08,6.525365285163836e-08,0.5289362348822906,0.42250947507940945
second_life,moderate_SEI_moderate_plating,26% SEI / 74% plating,15.0,4.352953178278658,0.97793387951465,0.0128061055783126,75.43703760461939,11.714356432647676,48.33227202570901,15.39040914626271,0.1693115711536504,5.501052929129092,5.175580855249524,2.150962419464878e-08,6.627317686687479e-08,0.5285393552469719,0.4223772671685924
second_life,moderate_SEI_moderate_plating,26% SEI / 74% plating,16.0,4.346143333977205,0.9764039808036228,0.0128660832680573,77.2285113195913,11.827183906858377,49.84664435804136,15.554683054691573,0.169054692307759,5.499331573390399,5.171693919179642,2.171679533401585e-08,6.730342219132956e-08,0.528142414547615,0.4222450994650453
second_life,moderate_SEI_moderate_plating,26% SEI / 74% plating,17.0,4.339297337066839,0.9748659600523067,0.0129266027873563,79.05961142241915,11.939825972387082,51.40080318019602,15.718982269836053,0.1687964754070971,5.497610741455153,5.167806384319688,2.1923626030346638e-08,6.834458904803247e-08,0.5277454126987701,0.42211297197973846
second_life,moderate_SEI_moderate_plating,26% SEI / 74% plating,18.0,4.332410258617124,0.9733187099278487,0.0129876711798831,80.9314218027267,12.052282264544168,52.995831949944375,15.883307588238146,0.1685367357528576,5.495890425532239,5.163918231822431,2.2130115614006663e-08,6.939689524986193e-08,0.5273483477757253,0.42198088411446094
second_life,moderate_SEI_moderate_plating,26% SEI / 74% plating,19.0,4.325481048231688,0.9717619944483402,0.0130492976442954,82.84501418644786,12.16455019350049,54.63280540432736,16.047658588620003,0.1682754340528398,5.494170630770109,5.160029471655859,2.233625932961292e-08,7.046053475924386e-08,0.5269512207964288,0.42184883626451697
second_life,moderate_SEI_moderate_plating,26% SEI / 74% plating,20.0,4.318513661465187,0.9701967022681616,0.0131114980341972,84.80155635436954,12.276631873263216,56.31288930998504,16.212035171121283,0.168012718560923,5.49245136001913,5.156140106182798,2.254206105885536e-08,7.15357424958004e-08,0.5265540320021765,0.42171682864876114
second_life,moderate_SEI_moderate_plating,26% SEI / 74% plating,21.0,4.31150720788961,0.9686226333438749,0.0131742846412512,86.80227174938605,12.388528730494338,58.03730587988445,16.376437139007272,0.1677485559384159,5.490732616279762,5.15225014005825,2.2747523421336988e-08,7.262276932874023e-08,0.5261567818683455,0.421584861497572
second_life,moderate_SEI_moderate_plating,26% SEI / 74% plating,22.0,4.304460873002022,0.9670396046893597,0.0132376689312282,88.84838726438085,12.500239904043596,59.80728305813026,16.540864302206987,0.167482915699409,5.489014402018171,5.148359577779543,2.295264483583408e-08,7.372184925836359e-08,0.5257594708542106,0.42145293500030495
second_life,moderate_SEI_moderate_plating,26% SEI / 74% plating,23.0,4.297373091930111,0.9654472647406113,0.0133016618523072,90.9411675715206,12.611763777156652,61.62408816342096,16.705315630942987,0.1672157392725057,5.4872967284678005,5.144468443712561,2.3157422333700543e-08,7.483322069574853e-08,0.5253621014480586,0.42132105001947673
second_life,moderate_SEI_moderate_plating,26% SEI / 74% plating,24.0,4.290239905945482,0.9638447241302373,0.0133662721962183,93.08191311881468,12.723096546043944,63.48902909656158,16.869787476209154,0.1669468784894661,5.485579634149789,5.140576824197574,2.3361848930507967e-08,7.59571264838318e-08,0.5249646824671086,0.4211892095127854
second_life,moderate_SEI_moderate_plating,26% SEI / 74% plating,25.0,4.283062762239802,0.9622323079841245,0.0134315145369564,95.2719824498962,12.834237978960418,65.40346265001705,17.034281820918732,0.166676387591796,5.4838630987360455,5.136684672316255,2.3565924200731565e-08,7.709381808430171e-08,0.524567209119979,0.4210574119194163
second_life,moderate_SEI_moderate_plating,26% SEI / 74% plating,26.0,4.275842276850647,0.9606101547011923,0.0134974033508314,97.51278511330833,12.945190646798354,67.36879316828065,17.19880129822932,0.1664042896664436,5.482147095138268,5.132791925764641,2.376965286498293e-08,7.82435537736404e-08,0.5241696750440805,0.4209256551594981
second_life,moderate_SEI_moderate_plating,26% SEI / 74% plating,27.0,4.268577520455279,0.9589780554999184,0.0135639517742563,99.80577526489216,13.055954616700554,69.38647482020164,17.36334582798996,0.1661305499603556,5.480431624569493,5.128898586439211,2.3973035046548084e-08,7.94065990354182e-08,0.5237720804330847,0.42079393932616904
second_life,moderate_SEI_moderate_plating,26% SEI / 74% plating,28.0,4.261267531568211,0.9573357943731018,0.013631173358419,102.15246253400386,13.166529384482786,71.45801805084486,17.52791509867622,0.1658551325250527,5.478716690627829,5.12500466171104,2.4176069819655876e-08,8.058322924980076e-08,0.5233744260397386,0.4206622646956962
second_life,moderate_SEI_moderate_plating,26% SEI / 74% plating,29.0,4.253911258802235,0.955683135116233,0.0136990827015665,104.5544380414099,13.276914995138558,73.58501416299752,17.69250888327382,0.1655779980521881,5.47700229608194,5.121110156951585,2.4378757266922308e-08,8.177374219525235e-08,0.5229767124125848,0.4205306314806607
second_life,moderate_SEI_moderate_plating,26% SEI / 74% plating,30.0,4.246507701816011,0.9540198529927599,0.0137676939699095,107.01331699451435,13.387110748079127,75.76907953978822,17.857126706647012,0.1652991091528993,5.4752884461408,5.117215083403178,2.4581096101942908e-08,8.297842542498079e-08,0.5225789406997101,0.4203990400810138
second_life,moderate_SEI_moderate_plating,26% SEI / 74% plating,31.0,4.239055861465641,0.9523457235351481,0.0138370214555955,109.53076064465476,13.497116116003127,78.01187664223517,18.02176788641645,0.1650184284905946,5.473575148102798,5.113319457211812,2.4783085356499384e-08,8.41975678422172e-08,0.5221811125499712,0.4202674910571343
second_life,moderate_SEI_moderate_plating,26% SEI / 74% plating,32.0,4.231554444133303,0.9506604561193904,0.0139070791961076,112.10846912366058,13.60693155908585,80.31510568153139,18.186431883043337,0.1647359077126884,5.471862407651689,5.109423291143681,2.4984725875554707e-08,8.543145469181826e-08,0.5217832292670743,0.42013598484542747
second_life,moderate_SEI_moderate_plating,26% SEI / 74% plating,33.0,4.223992095945321,0.9489614999857438,0.0139778749650331,114.7482762463134,13.716556148671344,82.6806018634324,18.35111823420965,0.1644511220596066,5.470150229861334,5.105526596137836,2.5186015953932806e-08,8.668041831147781e-08,0.5213852919681343,0.4200045218354703
second_life,moderate_SEI_moderate_plating,26% SEI / 74% plating,34.0,4.2163782422082585,0.9472509726223213,0.014049433471103,117.45204656719524,13.825989275492557,85.11023086463545,18.51582642706721,0.1641644243139649,5.468438620166838,5.101629384328937,2.538695447291191e-08,8.794478026141253e-08,0.520987301892364,0.41987310244457654
second_life,moderate_SEI_moderate_plating,26% SEI / 74% plating,35.0,4.208712364597159,0.9455287575823075,0.0141217719893907,120.22173124413374,13.935230289345013,87.60594471510503,18.680556239683693,0.1638757951366898,5.466727580885032,5.097731660968194,2.558754023860196e-08,8.922487998723003e-08,0.520589259576026,0.4197417268506352
second_life,moderate_SEI_moderate_plating,26% SEI / 74% plating,36.0,4.200992361995716,0.9437943828291939,0.0141949088577787,123.05943448437112,14.04427940917619,90.16984777407714,18.845307301117792,0.1635851559800973,5.465017115947188,5.093833434832565,2.5787773653029126e-08,9.052110610324005e-08,0.5201911659154386,0.4196103953554939
second_life,moderate_SEI_moderate_plating,26% SEI / 74% plating,37.0,4.1932138002571495,0.9420468521881571,0.0142688589200675,125.96725471497844,14.15313509938088,92.80404192967532,19.01007768592225,0.1632923410651784,5.463307245246524,5.089934751480656,2.5987651896551442e-08,9.183381569935497e-08,0.5197930255631262,0.419479109486577
second_life,moderate_SEI_moderate_plating,26% SEI / 74% plating,38.0,4.185375455844462,0.9402858907795387,0.0143436412187867,128.9474062863098,14.261797535602357,95.51074133029202,19.174867420415413,0.1629973047119983,5.461597968506245,5.086035610289741,2.618717529168093e-08,9.31633918656469e-08,0.5193948384554951,0.4193478692226321
second_life,moderate_SEI_moderate_plating,26% SEI / 74% plating,39.0,4.177479088469618,0.9385118939399937,0.0144192778293542,132.0021800755298,14.370268796425709,98.2922321840618,19.339679095042296,0.1627001127807177,5.45988925873762,5.082135949966494,2.6386347655066393e-08,9.451022188339239e-08,0.5189965983331636,0.4192166724914328
second_life,moderate_SEI_moderate_plating,26% SEI / 74% plating,40.0,4.169523220427082,0.9367245296883936,0.0144957881169024,135.1339481136154,14.478546937117155,101.15089074997871,19.50451042651949,0.1624007100912624,5.4581811394366655,5.078235824536395,2.658516541583364e-08,9.587470477157077e-08,0.5185983107133081,0.4190855210970307
second_life,moderate_SEI_moderate_plating,26% SEI / 74% plating,41.0,4.161506403185121,0.9349234725977931,0.0145731923778437,138.3451858129036,14.586630402429895,104.08919541796264,19.66935999251108,0.1620990425498997,5.456473625094975,5.074335267653776,2.6783625718275273e-08,9.72572554014286e-08,0.5181999790327678,0.4189544161521072
second_life,moderate_SEI_moderate_plating,26% SEI / 74% plating,42.0,4.153427097028205,0.9331083767559066,0.014651512040868,141.6384719095768,14.694522036013064,107.10972018260236,19.834229690961383,0.1617950526194889,5.454766695746918,5.070434234410786,2.6981733783832584e-08,9.865829964322846e-08,0.5178015987054746,0.41882335612367805
second_life,moderate_SEI_moderate_plating,26% SEI / 74% plating,43.0,4.145283759803389,0.93127889570286,0.0147307685575383,145.01648365767173,14.80221803366112,110.21514713381816,19.999118490192465,0.1614886827096145,5.453060361712993,5.066532749218278,2.717948262731334e-08,1.0007827849929045e-07,0.5174031722243073,0.418692341804163
second_life,moderate_SEI_moderate_plating,26% SEI / 74% plating,44.0,4.137074770113163,0.9294346651757048,0.0148109844905249,148.48201922254643,14.909717208323132,113.40827594046176,20.164026073761537,0.1611798722629053,5.451354625833158,5.062630819563703,2.7376870069082706e-08,1.0151765049114976e-07,0.5170047003538976,0.4185613734116174
second_life,moderate_SEI_moderate_plating,26% SEI / 74% plating,45.0,4.128798453654319,0.9275753090257063,0.0148921831435953,152.0379943335292,15.01701813399054,116.692024388582,20.32895181095665,0.1608685587518546,5.449649494123174,5.058728460370533,2.7573893490737483e-08,1.0297688983547629e-07,0.5166061846182564,0.4184304514079385
second_life,moderate_SEI_moderate_plating,26% SEI / 74% plating,46.0,4.120443851414777,0.9256983652026743,0.0149743806800067,155.68742085131234,15.124116584306902,120.0694094758094,20.493894791196023,0.1605543325988592,5.447944975434739,5.054825693184326,2.7770545131941943e-08,1.0445647624753437e-07,0.5162076272176538,0.41829957647276983
second_life,moderate_SEI_moderate_plating,26% SEI / 74% plating,47.0,4.112015543452024,0.9238048626617125,0.0150576072892381,159.43347166495548,15.231012598977076,123.54360478628595,20.658854279692445,0.1602373651214302,5.446241076664073,5.050922535391112,2.796682506560121e-08,1.0595691825582763e-07,0.5158090299275815,0.41816874913561136
second_life,moderate_SEI_moderate_plating,26% SEI / 74% plating,48.0,4.103511274770363,0.9218942947957882,0.0151418875493537,163.27942724097844,15.337700428357538,127.11790109188972,20.823825720731143,0.1599175721647216,5.444537844080028,5.047019094785076,2.816272273435585e-08,1.0747873358750257e-07,0.5154104037561699,0.4180379729490395
second_life,moderate_SEI_moderate_plating,26% SEI / 74% plating,49.0,4.094931210342874,0.919966698667732,0.0152272493927556,167.22869958750937,15.444180713036433,130.79570832555814,20.98881054891477,0.1595949599501654,5.442835262119512,5.043115337421637,2.835823931443865e-08,1.0902244835486793e-07,0.5150117452369392,0.417907246718102
second_life,moderate_SEI_moderate_plating,26% SEI / 74% plating,50.0,4.086274776175701,0.9180219453241607,0.0153137229241644,171.2849354326235,15.550455849238086,134.580668739457,21.153810843928436,0.1592695070592369,5.441133308238492,5.039211214092719,2.8553379205740044e-08,1.1058864194152854e-07,0.5146130493446747,0.41777656871184143
second_life,moderate_SEI_moderate_plating,26% SEI / 74% plating,51.0,4.077539687693874,0.9160595215127668,0.015401337225191,175.45192152637603,15.65652453515335,138.47657023761514,21.31882675360754,0.158941128165873,5.439431979861681,5.035306721300343,2.8748140017908873e-08,1.1217790708556252e-07,0.5142143157221566,0.41764593873252437
second_life,moderate_SEI_moderate_plating,26% SEI / 74% plating,52.0,4.068723810340043,0.9140789476841813,0.015490121968691,179.73358729099192,15.762384376015111,142.48734555760612,21.48385735737069,0.1586097435675001,5.437731285335996,5.031401880826672,2.89425173537304e-08,1.13790847447014e-07,0.5138155465938175,0.417515357421037
second_life,moderate_SEI_moderate_plating,26% SEI / 74% plating,53.0,4.059824931798712,0.9120797268199,0.0155801078844311,184.13404001268785,15.868032442399995,146.61710595038218,21.648901619905672,0.1582752706608783,5.436031234069144,5.02749671716855,2.913650583426672e-08,1.1542808889100397e-07,0.5134167444613178,0.4173848254997139
second_life,moderate_SEI_moderate_plating,26% SEI / 74% plating,54.0,4.050840764846198,0.9100613450725564,0.0156713268409501,188.6575659650236,15.973467528934991,150.87013950765362,21.813958928434985,0.157937624042222,5.434331830984335,5.023591244825095,2.9330103246240414e-08,1.1709027602647865e-07,0.513017910805333,0.4172543433465648
second_life,moderate_SEI_moderate_plating,26% SEI / 74% plating,55.0,4.041768935830889,0.908023269177896,0.0157638119582128,193.3086509389571,16.078688930592172,155.25093368924573,21.979028319119216,0.1575967150860595,5.432633084482171,5.019685486602014,2.9523308295095884e-08,1.1877807819508161e-07,0.5126190479548214,0.4171239116065979
second_life,moderate_SEI_moderate_plating,26% SEI / 74% plating,56.0,4.032606983517269,0.905964946195077,0.0158575975229489,198.09198113264105,16.183695914445764,159.7641755424142,22.1441096757811,0.1572524518877636,5.430934994098903,5.015779445248211,2.9716119635052173e-08,1.2049218644289413e-07,0.5122201561905061,0.41699353024420605
second_life,moderate_SEI_moderate_plating,26% SEI / 74% plating,57.0,4.023350283913917,0.903885337298804,0.0159527188383012,203.0125396228611,16.288487126365474,164.41485078191795,22.30920171457767,0.1569046617681999,5.429237571230521,5.011873151141095,2.9908534779687254e-08,1.2223334738394568e-07,0.5118212386145811,0.41686320013438644
second_life,moderate_SEI_moderate_plating,26% SEI / 74% plating,58.0,4.013983918650713,0.9017810909300392,0.0160492033862959,208.07544858126744,16.393059888436216,169.20808733479993,22.474301358031276,0.1565527875526883,5.427540845526955,5.007966677097822,3.0100548811876786e-08,1.2400230042331544e-07,0.5114223026632615,0.41673292355369546
second_life,moderate_SEI_moderate_plating,26% SEI / 74% plating,59.0,4.004517555376382,0.8996543790214534,0.0161470984989685,213.2860775392027,16.497414483643393,174.1492552812486,22.63940777431069,0.1561971904694853,5.425844823350419,5.00406004280061,3.0292162251231874e-08,1.2579981274147698e-07,0.5110233503465298,0.41660270099063135
second_life,moderate_SEI_moderate_plating,26% SEI / 74% plating,60.0,3.994950224956456,0.8975049838474266,0.0162464455233605,218.6500478540874,16.601553768695332,179.24397043612436,22.80452364926772,0.1558378343279345,5.424149474755824,5.000153184698684,3.0483380343172796e-08,1.2762667694997278e-07,0.5106243751744698,0.4164725301459752
second_life,moderate_SEI_moderate_plating,26% SEI / 74% plating,61.0,3.985279816331773,0.8953324311376895,0.0163472854510979,224.1732139273996,16.705476225888145,184.49808962937317,22.969648072138327,0.1554746403202637,5.422454806312332,4.996246124341915,3.067420030092753e-08,1.294837058968411e-07,0.510225379347792,0.41634241152411483
second_life,moderate_SEI_moderate_plating,26% SEI / 74% plating,62.0,3.9755025412286735,0.8931358698191877,0.016449661937292,229.86185597516285,16.809180013907884,189.91789701180295,23.13477894945201,0.1551074670116292,5.420760837056281,4.992338911264558,3.0864618743519006e-08,1.3137179385428464e-07,0.5098263679250212,0.4162123465866826
second_life,moderate_SEI_moderate_plating,26% SEI / 74% plating,63.0,3.965615008756097,0.8909145380947887,0.0165536200860509,235.7225218857734,16.912662337765546,195.509943808136,23.299915739871903,0.1547361877955973,5.419067569675688,4.988431558275356,3.105463053885449e-08,1.3329185416474801e-07,0.5094273422142084,0.4160823355400676
second_life,moderate_SEI_moderate_plating,26% SEI / 74% plating,64.0,3.955613850706897,0.8886676792635249,0.0166592067831881,241.76207574112877,17.015921396705018,201.28109701139405,23.46505733302968,0.1543606769231352,5.417375012403807,4.984524091647079,3.1244232380428225e-08,1.3524483214015906e-07,0.5090283048983747,0.4159523790164287
second_life,moderate_SEI_moderate_plating,26% SEI / 74% plating,65.0,3.945495545146098,0.8863945020879551,0.0167664713409253,247.9877374499312,17.118960833437907,207.23857386059345,23.630202755899848,0.1539808029053231,5.415683171813727,4.980616534402784,3.1433430956901094e-08,1.3723171200481454e-07,0.5086292583286751,0.41582247752045526
second_life,moderate_SEI_moderate_plating,26% SEI / 74% plating,66.0,3.935254126294376,0.8840936662968936,0.0168754627101695,254.4070798168431,17.221778120801936,213.38995277678853,23.79534891925264,0.1535963430261133,5.41399207584681,4.976708959637699,3.16222216279575e-08,1.392535153723016e-07,0.5082302099697219,0.41569263319751776
second_life,moderate_SEI_moderate_plating,26% SEI / 74% plating,67.0,3.9248845712605465,0.8817640434482775,0.016986232228573,261.02802075752663,17.324371348443982,219.74315487868128,23.96049453040137,0.1532071097696818,5.412301733730575,4.972801397938487,3.1810600885852227e-08,1.4131129018432438e-07,0.5078311629450784,0.4155628467561158
second_life,moderate_SEI_moderate_plating,26% SEI / 74% plating,68.0,3.9143827847956594,0.8794047135040252,0.0170988355696685,267.8589580540595,17.426739938427556,226.30657590346476,24.125642212167183,0.1528129502164788,5.410612114340209,4.96889378724576,3.1998567669391965e-08,1.434061480613503e-07,0.5074321109171315,0.41543311580645
second_life,moderate_SEI_moderate_plating,26% SEI / 74% plating,69.0,3.903739862812213,0.8770136760730277,0.017213326355646,274.9086754423807,17.528880136968873,233.0890049619148,24.290790343497036,0.1524135319538367,5.408923229672705,4.964986165915757,3.2186115085967705e-08,1.455392316440982e-07,0.5070330578028875,0.4153034412696634
second_life,moderate_SEI_moderate_plating,26% SEI / 74% plating,70.0,3.892960313560703,0.8745919439782394,0.0173297697984493,282.1864159539116,17.630791154902695,240.09968786914675,24.455936929862155,0.1520090233564905,5.407235095160558,4.961078581141647,3.2373241686532925e-08,1.4771172896074306e-07,0.5066340084217951,0.415173824330681
second_life,moderate_SEI_moderate_plating,26% SEI / 74% plating,71.0,3.8820393482171927,0.8721384413631142,0.0174482302927857,289.7021193697416,17.73247065743562,247.3485684972175,24.621080215088465,0.1515992456522189,5.405547723398003,4.9571710744768085,3.255994318399519e-08,1.4992494026551577e-07,0.5062349670173579,0.415044265956503
second_life,moderate_SEI_moderate_plating,26% SEI / 74% plating,72.0,3.870971935780775,0.8696520379636605,0.0175687798034418,297.46660924472445,17.8339174538191,254.84647351419235,24.786218276712987,0.1511840110329019,5.40386112827063,4.953263691409238,3.2746217391930185e-08,1.5218032175821673e-07,0.5058359382348896,0.414914767213281
second_life,moderate_SEI_moderate_plating,26% SEI / 74% plating,73.0,3.85975440830728,0.8671319097400312,0.0176914775898629,305.4901128644952,17.93512716447049,262.6036366158542,24.9513490841705,0.1507631825806599,5.402175324271064,4.949356479984771,3.2932056268651856e-08,1.5447903643263538e-07,0.5054369269809147,0.41478532921377587
second_life,moderate_SEI_moderate_plating,26% SEI / 74% plating,74.0,3.848375035173367,0.8645754212919536,0.0178163898428192,313.7840720200972,18.036096698798595,270.6315048119494,25.11647050934917,0.1503363223873794,5.400490326380074,4.945449490557323,3.3117454139289754e-08,1.5682249534517198e-07,0.5050379383976631,0.4146559531082284
second_life,moderate_SEI_moderate_plating,26% SEI / 74% plating,75.0,3.8368367617818624,0.8619832343332331,0.0179435652519222,322.3583469864764,18.13681180679657,278.93995084172855,25.281584337951266,0.1499035403808167,5.398806109387591,4.9415426808748375,3.3302384838318374e-08,1.592115402553963e-07,0.504638968170281,0.41452663696098013
second_life,moderate_SEI_moderate_plating,26% SEI / 74% plating,76.0,3.825134987543888,0.859354315296187,0.0180730742759472,331.22507447190617,18.237268528538024,287.54111734981865,25.44668859354948,0.1494646648181473,5.397122685821702,4.937636097702176,3.3486841094614546e-08,1.61647563103271e-07,0.5042400210744776,0.41439738173395213
second_life,moderate_SEI_moderate_plating,26% SEI / 74% plating,77.0,3.813259033073334,0.8566862649513586,0.0182050307853651,340.40034974601605,18.33747762522024,296.4510903568988,25.61178176389701,0.149019297039428,5.395440062459429,4.933729776821081,3.3670842667634155e-08,1.641329252868596e-07,0.5038411007643471,0.4142681879474922
second_life,moderate_SEI_moderate_plating,26% SEI / 74% plating,78.0,3.80119484008766,0.8539759249668705,0.0183395097629906,349.89808666419265,18.43743730596252,305.6837894810844,25.77685987714571,0.148566912311535,5.393758270664631,4.929823812210686,3.3854386269004466e-08,1.6666921430228227e-07,0.5034422168372027,0.4141390580097539
second_life,moderate_SEI_moderate_plating,26% SEI / 74% plating,79.0,3.788946348592533,0.8512241805038693,0.0184766074869395,359.73348422725127,18.53714733230154,315.25441625974065,25.94192063520911,0.1481076577156239,5.39207732399173,4.925918258246733,3.4037471460864734e-08,1.692582215918177e-07,0.5030433748459899,0.4140099929614617
second_life,moderate_SEI_moderate_plating,26% SEI / 74% plating,80.0,3.776504694278228,0.8484290401077164,0.0186164147590686,369.92250328355993,18.63660507276642,325.1789385925308,26.10695961826267,0.1476412023984648,5.390397256729794,4.922013219508063,3.4220093411370376e-08,1.7190178581597989e-07,0.502644585470483,0.4138809954353702
second_life,moderate_SEI_moderate_plating,26% SEI / 74% plating,81.0,3.763865858242194,0.8455896008923018,0.0187589796271267,380.4780175681337,18.7357948423867,335.47024880951506,26.27197391623192,0.1471673963478914,5.388718086605093,4.918108764850856,3.440222332014964e-08,1.7460078390772238e-07,0.5022458557423949,0.4137520667925232
second_life,moderate_SEI_moderate_plating,26% SEI / 74% plating,82.0,3.7510231104072393,0.8427043508793824,0.0189044391168624,391.42063088448896,18.83472265223112,346.1489428579968,26.436965374261074,0.1466859882929141,5.387039782465127,4.914204850616579,3.4583872224584783e-08,1.7735796156485505e-07,0.5018471812032402,0.4136232046409953
second_life,moderate_SEI_moderate_plating,26% SEI / 74% plating,83.0,3.737965864909099,0.839770911850107,0.0190529349328639,402.7723998356077,18.933391599113264,357.23707770830566,26.60193052818881,0.1461965831184804,5.385362365956824,4.910301558771831,3.476504581097164e-08,1.8017621023236857e-07,0.5014485702235912,0.41349441064286285
second_life,moderate_SEI_moderate_plating,26% SEI / 74% plating,84.0,3.724684825791853,0.83678719537626,0.0192045938997047,414.554980496567,19.03179769392932,368.7563178685265,26.76686493411118,0.1456988338728747,5.383685867318701,4.906398994465207,3.4945736754612146e-08,1.830580866437853e-07,0.501050033541406,0.41336568711987465
second_life,moderate_SEI_moderate_plating,26% SEI / 74% plating,85.0,3.7111753601781454,0.8337521606362339,0.0193594729120162,426.7846823151709,19.12992020258445,380.7229977074888,26.93176440509771,0.1451925676384488,5.382010313268864,4.902497256764973,3.51259069840518e-08,1.8600462346797545e-07,0.5006515812737087,0.41323703612347795
second_life,moderate_SEI_moderate_plating,26% SEI / 74% plating,86.0,3.697411202349128,0.830659906777141,0.0195177950297905,439.4938111980764,19.227766989976978,393.16941959192087,27.096624616178545,0.1446768041303028,5.380335729466793,4.898596448005584,3.5305570940630876e-08,1.890205617589779e-07,0.5002532238710728,0.41310845962383763
second_life,moderate_SEI_moderate_plating,26% SEI / 74% plating,87.0,3.683384754949457,0.8275087269781447,0.0196797307858074,452.7105982500106,19.325332034237935,406.1238271008333,27.26143911493939,0.1441512598420085,5.378662161766775,4.894696720859625,3.5484717567136e-08,1.9210931298035425e-07,0.4998549769246893,0.4129799611416994
second_life,moderate_SEI_moderate_plating,26% SEI / 74% plating,88.0,3.6690853857166497,0.824296232596576,0.0198454697003217,466.4663074841245,19.422608957400342,419.61749379762057,27.426204729103592,0.1436155379566412,5.376989620832176,4.89079815038732,3.566333515249507e-08,1.95274698809698e-07,0.4994568480998392,0.4128515414958089
second_life,moderate_SEI_moderate_plating,26% SEI / 74% plating,89.0,3.654498601189367,0.8210191675333468,0.0200152228838392,480.79572998492927,19.51959026182396,433.6852219060284,27.59091781707692,0.1430690975647555,5.375318119952151,4.886900822753564,3.5841409929718435e-08,1.9852101893745058e-07,0.49905884619583213,0.41272320170652305
second_life,moderate_SEI_moderate_plating,26% SEI / 74% plating,90.0,3.6396068916856215,0.8176735980656408,0.0201892212390993,495.7372619895094,19.61626340936416,448.36542995232026,27.755568627825,0.1425112852772063,5.373647731988107,4.883004968680615,3.60189188765615e-08,2.018530164820646e-07,0.49866099477442805,0.4125949473682256
second_life,moderate_SEI_moderate_plating,26% SEI / 74% plating,91.0,3.6243905951154094,0.8142551069109444,0.020367721862545,511.3336088391911,19.71261499720129,463.70084528592633,27.92014855606345,0.1419413673749664,5.371978515518395,4.879110791780785,3.619583738308383e-08,2.0527597691348897e-07,0.4982633146288718,0.41246678297863093
second_life,moderate_SEI_moderate_plating,26% SEI / 74% plating,92.0,3.6088271621662735,0.8107586281437335,0.0205510109563472,527.6324080364617,19.808629435236043,479.7391306876217,28.08464791360393,0.1413585024176701,5.3703105374254445,4.875218521289313,3.6372136823113875e-08,2.0879579871109117e-07,0.49786582916906635,0.41233871367305003
second_life,moderate_SEI_moderate_plating,26% SEI / 74% plating,93.0,3.5928809701865343,0.8071761587838405,0.0207394065086566,544.6872069176477,19.904298848175785,496.5338507489876,28.249057320484308,0.1407613611077965,5.368643856519652,4.871328379148403,3.6547802736225534e-08,2.124191245206877e-07,0.4974685610601371,0.4122107439670138
second_life,moderate_SEI_moderate_plating,26% SEI / 74% plating,94.0,3.576532030996546,0.8035032082894967,0.0209332615200487,562.5569171262284,19.99961309445955,514.143941245592,28.41336278617689,0.1401491976650895,5.366978575157575,4.867440696392285,3.672281650072447e-08,2.1615313812180785e-07,0.4970715441078776,0.41208288171957813
second_life,moderate_SEI_moderate_plating,26% SEI / 74% plating,95.0,3.559756375236444,0.7997343917075167,0.0211329580398674,581.3064427726446,20.094560263564976,532.6343235350774,28.57755897400213,0.1395211176337755,5.36531470359856,4.863555599293793,3.689715624679124e-08,2.200056116984689e-07,0.4966747912074904,0.41195512771846776
second_life,moderate_SEI_moderate_plating,26% SEI / 74% plating,96.0,3.5425217453771234,0.7958624620657214,0.0213389209383952,601.0088616565075,20.18912533057794,552.0781032499906,28.74163307593904,0.1388759173692413,5.363652322724247,4.859673390907499,3.707079438603393e-08,2.2398526295403346e-07,0.4962783333074375,0.4118274881738694
second_life,moderate_SEI_moderate_plating,26% SEI / 74% plating,97.0,3.524791079371296,0.7918790930095181,0.0215516348276126,621.7475247826911,20.28329460731365,572.558659601322,28.90557057405547,0.1382122139711721,5.361991524793566,4.855794414746712,3.7243705784531406e-08,2.2810204432523885e-07,0.49588220548789796,0.4116999701695313
second_life,moderate_SEI_moderate_plating,26% SEI / 74% plating,98.0,3.5065210668323465,0.7877745544332355,0.0217716635681017,643.6189720388768,20.37705614214375,594.1725599809794,29.06935591575367,0.137528391400164,5.360332405553865,4.851919038806289,3.7415868496986384e-08,2.323675503001242e-07,0.49548644532914915,0.41157258105704686
second_life,moderate_SEI_moderate_plating,26% SEI / 74% plating,99.0,3.4876536511020264,0.7835358033357878,0.021999591764405,666.727994514108,20.47039170711642,617.024629040311,29.23297376668062,0.1368222833626657,5.358675050663134,4.848047625917128,3.758724905366487e-08,2.3679385813260442e-07,0.49509108988411604,0.41144532741333645
second_life,moderate_SEI_moderate_plating,26% SEI / 74% plating,100.0,3.4681467799605508,0.7791533922710955,0.0222360874144341,691.1936675731051,20.56328675036063,641.2339709953758,29.396409827368775,0.1360923207889647,5.357019536284839,4.844180514423381,3.775782073476548e-08,2.413945411988108e-07,0.4946961737050943,0.41131821508632
second_life,moderate_SEI_moderate_plating,26% SEI / 74% plating,101.0,3.447951092574276,0.7746162318408667,0.0224818593207302,717.1470032860104,20.655717622761625,666.9316411092013,29.55964455404748,0.1353366619703986,5.355365997588812,4.840318166756287,3.792754011634311e-08,2.4618401192443777e-07,0.4943017440163696,0.41119125445449495
second_life,moderate_SEI_moderate_plating,26% SEI / 74% plating,102.0,3.4270082270750324,0.7699112104755949,0.0227376860830221,744.7352321905355,20.747658075861267,694.2649216602784,29.722652454395718,0.1345531293417953,5.353714572152622,4.836461186097588,3.80963590015998e-08,2.511781140139858e-07,0.4939078624159148,0.41106445608122766
second_life,moderate_SEI_moderate_plating,26% SEI / 74% plating,103.0,3.40524582500862,0.765022072134626,0.0230044618442927,774.1287909372745,20.839074389320995,723.4043162601577,29.885400287795814,0.133739023123422,5.352065433715169,4.832610358963882,3.826421547404747e-08,2.563951062665771e-07,0.4935146092241784,0.41093783330639383
second_life,moderate_SEI_moderate_plating,26% SEI / 74% plating,104.0,3.382584175567816,0.7599309089986581,0.0232831732146047,805.5199023230127,20.929943943372745,754.5420965608827,30.04786181875725,0.1328913691157954,5.35041868176964,4.828766306121275,3.843106799980306e-08,2.618550302045342e-07,0.4931220478348793,0.4108113937691965
second_life,moderate_SEI_moderate_plating,26% SEI / 74% plating,105.0,3.3589441177151462,0.7546199367595876,0.0235749206883446,839.127151074844,21.020240116359208,787.8969110479611,30.209999910523678,0.1320072137577449,5.348774500972728,4.824929906274116,3.859686769680911e-08,2.675801437729807e-07,0.4927302679828401,0.4106851516477921
second_life,moderate_SEI_moderate_plating,26% SEI / 74% plating,106.0,3.334236540963037,0.7490691358671803,0.0238809299989993,875.1996634650277,21.1099346006897,823.717953353358,30.371775510980044,0.131083232254659,5.347133081322707,4.821102083446654,3.8761562587337184e-08,2.735951848396129e-07,0.49233936403103057,0.41055912153047014
second_life,moderate_SEI_moderate_plating,26% SEI / 74% plating,107.0,3.308358656557003,0.7432554138135855,0.0242025634712672,914.021772136392,21.198989258469656,862.2896453430055,30.53313753491674,0.1301155895395423,5.345494693894022,4.817284046381929,3.8925082643487376e-08,2.799276313578454e-07,0.4919494594184011,0.4104333242306429
second_life,moderate_SEI_moderate_plating,26% SEI / 74% plating,108.0,3.2811913381295192,0.7371520076849891,0.0245413503573828,955.920352194916,21.2873629540631,903.9389639389276,30.694025301925475,0.1290998409985534,5.343859651610886,4.813477230857968,3.9087352332977914e-08,2.866082829326067e-07,0.49156070076911096,0.4103077837749968
second_life,moderate_SEI_moderate_plating,26% SEI / 74% plating,109.0,3.2526044897249693,0.7307296901413821,0.0248989967984465,1001.2703238834018,21.37500371569715,949.0409562096236,30.854363958081247,0.1280311328250741,5.342228350170688,4.809683408016784,3.924827622646876e-08,2.936714052106357e-07,0.4911732689552756,0.4101825305456395
second_life,moderate_SEI_moderate_plating,26% SEI / 74% plating,110.0,3.222467449012598,0.7239591066009925,0.0252773634165677,1050.4961259362124,21.461849887923567,998.0202086971534,31.01406735113536,0.1269045902018836,5.340601272449807,4.805904616333543,3.9407741113684234e-08,3.011541494650367e-07,0.49078737214953894,0.4100576016183831
second_life,moderate_SEI_moderate_plating,26% SEI / 74% plating,111.0,3.190628774537977,0.7168062342468996,0.0256784901984691,1104.0814565386993,21.547819482170244,1051.3606116154954,31.17302544103363,0.1257145631566713,5.338979040313821,4.802143459500213,3.9565596449147554e-08,3.0909717446206293e-07,0.4904032762454716,0.40993304474079284
second_life,moderate_SEI_moderate_plating,26% SEI / 74% plating,112.0,3.156914490677606,0.7092319877387695,0.0261045522456362,1162.5693548563183,21.632811641451184,1109.6054520860805,31.331091128786788,0.1244545612593171,5.337362562263153,4.798403418071758,3.9721657041646654e-08,3.1754368097687185e-07,0.49002133668342457,0.4098089296685921
second_life,moderate_SEI_moderate_plating,26% SEI / 74% plating,113.0,3.1211773360178547,0.701203283347089,0.0265577961055626,1226.5576880983688,21.716706931023182,1173.352905478134,31.488075689211417,0.1231190912737466,5.335753080799418,4.794688957533473,3.9875703587931154e-08,3.265378360502668e-07,0.4896420094865546,0.4096853518025056
second_life,moderate_SEI_moderate_plating,26% SEI / 74% plating,114.0,3.083258522378655,0.6926844477405366,0.027040388033744,1296.6837962117984,21.7993388890026,1243.2407349491934,31.6437223736022,0.1217022305427393,5.334152431021859,4.791006152896375,4.002743043462772e-08,3.361218920441296e-07,0.48926591504559586,0.40956245204359587
second_life,moderate_SEI_moderate_plating,26% SEI / 74% plating,115.0,3.0430214812463263,0.6836447994550733,0.0275541572151837,1373.5869372212285,21.88047950942529,1319.908773137507,31.79768457429592,0.1201988864163307,5.332563331275177,4.787363205352251,4.0176418922578164e-08,3.463308203514788e-07,0.4888938908805754,0.4094404391095432
second_life,moderate_SEI_moderate_plating,26% SEI / 74% plating,116.0,3.000417451649301,0.6740733838573407,0.0281001430683983,1457.832954004226,21.95978741995499,1403.923695636545,31.949470947725757,0.1186072440924983,5.330990097325556,4.783771740734141,4.032204223197332e-08,3.571831277382023e-07,0.4885271242418661,0.4093196443699146
